9,11,95,-4,4,7,18,5,,
-9,-36,-20,1,-7,-3,8,0,,
-11,6,-58,48,8,7,33,4,,
7,28,-15,25,7,-1,-15,7,,
-9,-2,44,-30,-7,-6,-28,2,,
30,7,-20,-5,-8,-2,27,2,,
20,21,83,11,1,-2,0,0,,
30,4,11,13,-4,-5,-33,-18,,
-6,-2,-15,20,-6,0,19,0,,
2,13,47,-33,14,9,-10,-4,,
15,-18,-106,-22,-9,-3,1,12,,
-50,-11,22,29,6,-3,7,-11,,
-2,-1,-98,37,2,-5,-15,-10,,
-4,-14,81,24,-5,4,-2,-6,,
-25,5,-16,-50,7,-2,-4,1,,
-52,19,11,-14,-5,4,10,3,,
6,5,50,27,4,0,25,4,,
-38,-10,-9,4,-3,0,-3,-17,,
-17,-11,57,-19,-4,-1,-7,-5,,
11,-8,-24,-2,-5,-8,-22,-7,,
15,-5,40,15,4,-3,-4,5,,
-41,37,-26,2,-5,-3,-5,13,,
40,7,56,-21,-4,-4,0,-16,,
-10,-43,-38,1,3,-4,-17,-13,,
-5,2,42,-40,-1,6,15,13,,
44,11,75,47,4,-6,-43,3,,
-14,-24,-87,4,-4,11,89,11,,
13,19,17,-7,1,-7,-25,-9,,
6,6,-41,-6,-2,-8,-30,-7,,
58,9,-14,-38,-3,-3,-1,2,,
33,-4,24,21,5,3,-33,19,,
-26,-15,6,-8,-20,-2,48,-3,,
16,20,46,-21,9,-1,-9,-10,,
3,-27,-20,-2,-3,-4,-23,-9,,
-9,3,10,30,6,-5,-12,-3,,
13,31,-22,-36,0,3,-5,16,,
0,-37,-21,39,-8,1,50,-4,,
-29,22,-23,-48,-4,-1,-3,-10,,
37,-9,31,22,4,8,3,6,,
-38,24,114,8,-1,-3,-1,-1,,
-24,-24,-128,-61,-6,-5,-39,-7,,
14,10,56,12,10,-1,30,3,,
-1,-29,-68,-23,-5,-2,-5,-6,,
50,73,81,29,4,0,-5,10,,
5,-21,-49,31,5,4,-21,0,,
10,11,8,4,3,11,60,18,,
3,-37,-28,-14,-5,-9,-35,5,,
22,-17,-96,-17,-2,4,25,1,,
-7,12,71,-20,-4,0,-20,5,,
12,-4,48,75,10,6,17,-5,,
-20,11,-45,-22,7,-1,-21,-17,,
12,-11,-39,10,-2,0,8,1,,
-15,11,10,-4,-8,-2,12,-4,,
-41,-16,-44,-33,-9,-6,-29,-8,,
9,27,126,51,10,10,19,2,,
-25,-42,-82,-33,2,-1,-6,-4,,
12,-22,0,24,0,-5,-8,-7,,
-12,13,-88,-13,-10,-1,2,1,,
14,-11,-44,-16,-11,-13,-18,15,,
10,21,127,66,11,2,-2,1,,
7,-3,-86,-78,-9,-2,13,6,,
5,8,33,32,5,1,-10,4,,
-56,-56,25,-19,-12,3,37,-22,,
-37,-5,-43,-51,-8,-6,-10,6,,
8,27,17,38,7,5,8,-7,,
25,-39,19,-20,0,-5,-17,-4,,
-26,14,53,-9,0,-4,-24,1,,
32,3,-28,33,3,5,57,8,,
-21,-4,46,-4,-5,-7,-22,-9,,
-5,34,4,-8,0,1,-5,3,,
-12,-27,-94,20,1,3,11,-11,,
-3,-29,-43,-17,-8,-9,-41,-12,,
-7,1,31,-26,2,6,21,8,,
17,-15,-67,-2,-1,2,1,-3,,
8,10,-6,3,-4,0,-6,0,,
-30,27,18,-17,-2,-2,0,3,,
-9,10,25,26,1,-1,-16,-7,,
11,5,36,31,3,6,13,3,,
-53,-2,24,-38,-18,-13,-21,0,,
14,-5,19,26,9,2,4,1,,
-44,5,27,25,2,0,12,-4,,
25,1,-29,-9,-1,-5,-13,10,,
21,41,-6,0,4,2,8,-7,,
-23,-37,-61,7,7,4,-16,-7,,
25,-14,50,-53,-16,-2,4,18,,
-16,12,-3,10,9,-1,-20,-8,,
-4,20,31,7,-2,3,24,10,,
39,1,3,33,19,2,-1,-6,,
-9,-11,-61,-6,-11,-4,9,-13,,
-25,-19,-81,-36,-8,2,-35,-14,,
33,14,18,12,8,-1,-14,2,,
19,3,114,13,-4,5,72,9,,
15,27,-6,7,3,-2,-10,3,,
-31,-22,81,0,-9,-6,0,-2,,
54,4,-21,-39,-9,-6,-22,-13,,
13,23,50,41,4,-1,-3,3,,
5,-26,-80,-27,-7,0,-9,-6,,
38,16,26,-26,-3,2,10,5,,
-16,-46,-71,5,-1,-1,-3,11,,
-32,-15,39,-54,-15,-8,-9,-6,,
4,26,21,57,12,-1,-8,3,,
-11,-10,-43,-9,8,1,-11,-2,,
-20,10,17,21,5,5,34,2,,
66,13,-16,-27,-3,5,-6,15,,
18,-10,-72,12,5,1,-8,-6,,
9,16,97,41,0,-7,7,6,,
-51,-25,-22,-40,3,6,-16,-4,,
-23,-14,-63,-24,-3,2,39,-5,,
0,6,96,-21,-3,0,-11,2,,
6,7,-16,36,7,-7,-9,-4,,
12,17,81,42,10,8,14,-3,,
-28,-25,-89,-62,-21,-11,-40,-11,,
6,22,20,-4,-8,-2,4,-3,,
-34,-5,81,5,0,-8,4,0,,
-36,11,39,30,-10,-9,-28,-8,,
3,0,43,0,8,13,25,7,,
-11,-8,8,-8,2,-7,-6,1,,
-3,-14,-46,-45,-10,5,14,-11,,
6,24,-3,24,3,-5,14,0,,
-24,2,-4,0,4,-3,-45,-28,,
3,14,-19,8,-5,1,19,6,,
46,26,6,42,10,4,1,8,,
37,-20,-26,-19,-1,1,5,14,,
-16,10,-14,60,-1,-7,-20,-5,,
-4,4,40,23,7,-2,-28,-8,,
2,-13,-35,-52,-6,1,-3,-8,,
18,7,12,-35,-13,-8,-7,1,,
-1,2,64,5,4,4,8,17,,
51,3,-31,5,5,1,-7,7,,
-63,-2,16,30,-1,-2,7,-3,,
-23,16,-15,-22,-7,-9,-18,-27,,
-19,-39,-60,-22,-7,1,8,4,,
-19,-2,34,5,6,4,10,-6,,
-19,-19,-36,-35,-10,-1,-1,-2,,
31,-19,2,41,2,-5,-12,4,,
-13,4,-88,-45,-6,-4,9,-2,,
-12,0,92,6,-2,-3,5,7,,
0,-22,-108,17,5,10,22,-16,,
-15,-17,-8,9,8,6,6,3,,
25,43,108,26,3,-1,-9,10,,
0,-31,-67,-18,-3,-1,-14,5,,
41,18,48,-75,-19,-6,6,-1,,
-10,9,-34,-3,-3,6,17,13,,
9,-7,47,43,15,0,-3,-9,,
-13,-9,-10,-5,-3,-11,-19,-5,,
-15,-9,-43,32,6,3,-13,-3,,
27,0,6,-23,-6,3,11,5,,
0,9,0,-33,1,-1,12,8,,
21,16,34,25,-2,0,8,-2,,
-47,-41,-71,21,-6,-5,-10,9,,
26,2,30,-4,-5,-2,-1,-1,,
5,-5,-77,10,5,-3,-31,15,,
37,12,-14,-15,7,18,51,-3,,
-5,9,-66,-6,0,-5,-13,0,,
-17,-11,17,-30,-8,-5,2,1,,
-5,9,74,52,4,2,-10,-3,,
-7,-5,-42,-2,2,1,-7,-10,,
10,19,25,-6,9,1,-8,1,,
14,-26,-43,40,4,-1,0,-4,,
5,25,59,-35,-12,-6,-3,-10,,
-46,-20,-63,-27,2,2,7,-1,,
-14,11,127,47,1,3,-29,3,,
-15,-11,-20,-54,-3,-1,42,-1,,
8,-28,-81,-3,-2,-4,-52,-24,,
4,8,-14,6,-10,-5,13,20,,
19,24,-30,1,3,3,39,2,,
-47,2,-14,-42,-3,-2,-29,-18,,
-15,-8,46,4,-2,2,21,2,,
-24,1,72,27,0,-5,-31,-21,,
3,-4,23,3,-3,3,12,7,,
47,41,47,37,13,1,6,11,,
8,-21,-86,-6,-3,-3,-4,-6,,
-34,-18,-63,-68,-7,-7,6,-12,,
-12,0,67,0,-3,3,-3,2,,
34,6,17,64,18,7,-7,-1,,
7,3,-11,-18,-9,-6,-3,9,,
6,-8,79,25,1,3,-12,6,,
-5,0,-3,-6,2,-7,16,4,,
2,7,49,19,6,9,1,-3,,
11,-10,-59,-31,-4,-3,-12,11,,
-5,19,-66,-37,-14,-5,-1,-8,,
8,-25,47,21,5,-3,1,-5,,
-44,-2,21,18,0,-7,4,-7,,
47,14,45,49,-8,-3,-3,8,,
13,12,-13,-9,12,11,26,16,,
4,-18,23,19,1,-2,-22,-6,,
5,6,-100,-38,-4,1,10,10,,
-32,12,8,-23,13,2,-1,-12,,
3,-6,80,33,-12,-3,-8,-3,,
2,-25,-50,-33,0,6,18,2,,
17,10,67,7,-6,0,-8,3,,
-31,11,-48,16,0,-2,19,-6,,
20,2,60,-11,1,1,-31,-7,,
-4,-15,-23,-29,-4,-6,23,1,,
-2,-5,2,-4,-5,-3,-26,-10,,
-1,-11,7,10,8,7,8,-1,,
-13,14,-7,-2,-8,-4,15,-3,,
33,-7,-23,10,0,-3,-39,-2,,
-18,1,-53,-25,2,2,38,-2,,
36,-6,52,-2,-12,-1,-9,5,,Training Set 1
24,20,-7,-44,-12,-5,-20,3,,
34,-20,-53,29,5,5,13,4,,
23,18,13,29,-1,1,12,-4,,
-5,2,66,-43,2,3,-7,-24,,
10,17,-67,60,2,0,-7,9,,
55,9,-28,-91,-13,-6,-14,-4,,
-45,-47,-71,32,-8,-11,5,-10,,
5,87,78,41,13,12,3,3,,
-6,-93,42,21,-2,-7,-15,-5,,
-14,-20,-99,-34,-3,4,6,0,,
15,33,-10,-39,-6,-6,25,-2,,
11,15,88,8,-12,-8,-14,-15,,
19,46,-17,12,9,5,-11,1,,
-46,-10,-20,-12,0,-2,7,3,,
23,-12,-5,17,6,6,-8,-10,,
-21,-7,52,6,-4,-4,-11,-5,,
-17,1,-61,-43,-5,6,28,10,,
-6,-34,-34,37,-1,-7,-5,-3,,
-19,10,-11,1,4,1,-4,7,,
6,1,74,45,8,-1,-5,-4,,
-4,-10,-1,-29,2,6,12,1,,
32,43,32,34,9,5,1,8,,
-15,-19,81,-7,-8,-6,-18,-3,,
-2,-23,-90,-9,-3,0,22,-10,,
-20,5,52,-15,-9,-3,-5,-11,,
48,31,-41,-2,-1,-3,-5,-1,,
-25,16,85,40,5,1,-4,-5,,
3,-16,-104,-33,-1,-2,3,8,,
2,-2,-11,-16,-8,-3,-8,-10,,
-13,12,10,-1,2,-3,-3,4,,
15,5,10,8,2,2,1,7,,
-36,-30,-128,-39,-8,-5,-2,-1,,
50,16,7,-9,0,-1,6,2,,
-47,-50,-5,14,-5,-3,-31,-3,,
46,38,65,7,0,0,29,7,,
54,9,60,1,1,3,11,17,,
21,13,-18,-9,-3,-3,-12,-4,,
-10,0,-23,-1,-8,-3,2,1,,
-17,-7,-30,28,22,2,-30,0,,
11,-43,49,5,-1,1,4,-14,,
-25,-20,46,31,4,1,3,0,,
-12,2,-31,15,-4,-10,-16,-8,,
14,-5,-77,-54,-5,4,7,-16,,
-16,20,18,33,-1,-5,-5,-11,,
-50,-13,-22,-2,2,-2,-6,-16,,
-5,5,-68,-17,5,4,-1,3,,
40,8,12,7,-5,-2,8,3,,
-59,-37,-40,-18,-8,-11,-25,-11,,
28,-16,-71,-16,-16,-5,16,2,,
-13,41,50,-31,5,4,11,5,,
-8,-6,-71,-35,6,4,-8,8,,
10,-28,17,2,-16,-7,-10,-10,,
63,55,-16,5,7,-1,-7,0,,
-55,-31,89,45,1,1,5,-16,,
19,52,43,-4,1,2,-21,10,,
-1,13,-6,1,-1,-1,24,5,,
18,-16,-4,7,-2,-4,-16,-7,,
19,-24,-32,-7,1,2,14,11,,
6,-25,97,-12,-14,-9,-9,-7,,
-28,12,14,12,0,-2,-26,-5,,
-6,33,94,20,4,3,28,11,,
8,5,-35,-23,-2,1,3,15,,
-17,-53,-20,16,0,-4,6,5,,
22,25,-12,18,17,12,6,7,,
39,-19,-108,-16,-8,-9,-14,-1,,
98,28,117,-10,-2,8,-3,-9,,
-6,15,-31,5,-12,-4,9,3,,
-2,-26,-51,-25,-5,-2,-1,-2,,
-15,0,17,45,18,6,0,11,,
-15,13,-46,-5,-5,-5,2,-7,,
-21,-32,25,-22,0,1,-10,-7,,
30,2,-32,-12,-4,-2,8,-3,,
-67,15,45,7,-2,-4,-19,-14,,
-19,0,52,11,4,2,32,13,,
-27,3,-56,-5,1,3,-10,-8,,
-5,-5,-36,-2,2,-3,16,-2,,
-35,-12,27,0,-5,5,10,-1,,
-47,-6,-7,-33,-13,-9,-17,-7,,
18,10,19,-8,7,2,-7,-3,,
-12,42,125,34,11,3,6,1,,
-2,-19,-53,-53,-13,-4,-2,-4,,
46,38,6,-1,-3,3,2,16,,
-11,19,3,36,5,2,12,9,,
-53,-84,49,-7,-3,-4,-12,-19,,
45,13,-6,-30,4,2,-7,3,,
27,-6,51,32,4,1,-1,3,,
15,19,-53,28,4,-3,-10,-6,,
0,-8,-30,-27,-6,5,21,16,,
18,-6,-93,7,1,-2,3,9,,
12,-20,16,17,-3,-7,-15,-12,,
16,-8,-17,-16,-8,0,3,5,,
6,26,12,1,1,-4,-6,6,,
25,-24,-3,-5,3,4,-37,-21,,
32,-5,-78,9,-3,9,58,16,,
-7,15,87,-18,9,1,4,-5,,
36,19,-115,-17,-3,0,-10,9,,
-54,-7,67,12,-3,-4,-13,-20,,
18,-7,-13,-17,0,-9,-21,-18,,
-16,-13,42,-9,-11,-1,5,-8,,
-9,20,10,-15,-2,3,-12,-4,,
36,3,121,40,12,4,21,9,,
-44,-2,-45,23,0,-5,1,-8,,
0,-15,-81,-6,2,-1,-2,7,,
-4,10,7,19,0,-4,-10,-5,,
-6,24,18,-25,-2,4,13,7,,
-2,-41,-72,-13,0,5,-25,-7,,
-25,-18,9,-19,-9,-6,44,-6,,
-9,-17,32,49,-2,-3,-16,-8,,
-25,10,-49,-38,-3,-5,-1,5,,
21,7,59,18,0,-1,-9,9,,
-29,-22,-79,-14,5,1,-15,-8,,
9,22,-14,-2,3,1,0,-6,,
-24,-14,14,4,-1,0,12,4,,
-21,27,30,14,-6,-6,-15,-4,,
-43,-33,38,-7,-5,-3,-9,-7,,
-6,-16,-39,-31,-5,-3,22,9,,
-12,-7,-41,5,12,0,-15,-4,,
20,10,27,-1,-3,5,12,8,,
7,17,13,47,6,-2,-18,-1,,
12,-4,84,2,0,0,0,-3,,
27,-8,-88,-39,-7,4,1,4,,
13,-24,32,7,-10,-13,-8,-5,,
1,20,41,-27,-7,-3,-10,7,,
45,-7,-47,-3,-2,-1,11,20,,
16,3,-29,23,-1,-2,9,-2,,
38,11,-7,7,7,2,-1,14,,
-1,29,79,-5,-4,-3,-7,-5,,
9,10,-63,7,5,-4,-20,1,,
-12,-3,7,25,-4,-3,12,8,,
-13,-21,-28,-49,-13,-1,-7,-10,,
1,-25,16,21,9,2,9,3,,
8,26,4,11,2,-4,-21,-1,,
-25,6,-8,30,15,15,13,2,,
-15,18,55,-2,5,-4,-22,-11,,
0,-10,-28,-15,-2,6,21,1,,
-45,4,-46,-31,-13,-3,7,-12,,
45,33,92,35,4,-3,-7,-4,,
3,-6,30,13,11,8,9,19,,
11,-9,41,-8,-5,2,-3,-14,,
38,4,11,-12,0,0,-23,-11,,
-22,9,-1,5,-1,1,42,3,,
8,-12,14,-8,-3,-1,-1,2,,
-5,-26,-65,-12,-8,-2,-3,-1,,
-4,-7,9,19,10,1,6,7,,
-19,-10,3,-29,-6,-5,-26,-5,,
18,18,-86,5,6,0,17,-24,,
15,-5,-110,-24,-17,-11,-17,-7,,
-16,8,66,24,-7,-2,4,0,,
19,1,-56,0,5,5,-6,0,,
-32,-17,7,-25,6,1,6,-5,,
40,22,-53,22,1,-1,7,10,,
-43,-35,40,-56,-5,0,1,2,,
-15,-7,37,26,-3,-1,-4,-10,,
-46,0,8,14,-3,-2,-2,-1,,
21,3,17,5,5,6,53,-3,,
34,7,71,44,13,7,-8,14,,
22,-9,-65,-7,-4,0,0,13,,
-14,-15,-67,-15,-1,-8,-17,-3,,
-32,4,32,-13,-1,0,-13,5,,
-36,1,27,8,-8,2,23,-3,,
4,-22,-47,-17,-2,-7,-12,12,,
-22,17,-5,39,-2,-2,-7,-16,,
-16,-4,-32,3,4,-2,-10,-3,,
-10,-14,-39,-9,-8,-2,9,0,,
18,6,46,0,3,-1,-10,-4,,
39,0,-17,-38,-6,3,12,3,,
-6,-25,-44,-20,-13,-12,-37,5,,
-56,4,33,18,2,1,17,-18,,
-4,-8,-47,-20,-7,-9,-1,-6,,
-32,-22,-43,6,2,5,3,-11,,
45,10,126,-5,9,6,-6,4,,
10,-6,-79,-29,-7,-7,-16,0,,
12,20,86,0,-4,-7,8,-6,,
-43,25,53,15,4,3,10,22,,
-6,13,33,35,2,2,-11,0,,
-21,-18,-26,-43,10,5,-2,-3,,
9,14,29,15,-2,-1,10,0,,
-11,-27,-3,5,-3,-4,-13,2,,
-37,-3,-55,-32,-12,-3,9,-8,,
-11,-6,55,40,10,4,4,-4,,
-38,10,-21,1,5,3,-19,1,,
13,2,39,-14,-5,-3,14,-6,,
10,-16,-81,7,3,0,-1,5,,
45,21,25,2,6,-1,-15,-22,,
15,-36,-43,-9,-7,1,20,17,,
2,16,92,13,-2,-2,1,10,,
-18,13,-59,-44,-12,-2,6,-19,,
14,7,-6,-3,-6,-5,-11,3,,
-20,-3,-24,-1,-1,-3,1,0,,
30,14,55,16,4,-4,-20,-15,,
23,-6,13,17,1,6,4,17,,
51,-13,-70,-11,5,0,6,16,,
8,3,69,-2,-9,-2,-11,-11,,
7,5,-13,14,3,2,12,4,,
-21,-4,-10,-52,4,-5,-43,-8,,
13,7,61,25,-8,2,41,11,,
29,-12,-59,-2,2,1,-5,0,,
16,-8,-16,-7,-5,-4,1,4,,
1,13,14,39,10,-6,-12,-1,,
10,-2,-25,-6,-5,3,4,6,,Training Set 2
-5,30,-57,-41,-12,-8,-7,-13,,
21,7,31,-6,4,7,6,1,,
4,-8,67,1,2,1,-11,-3,,
-59,-21,-114,-9,-3,-1,3,-7,,
51,-8,-21,-5,0,-1,-3,3,,
-14,11,-74,8,-2,-6,-5,2,,
66,6,3,-11,-2,-4,-15,0,,
39,-14,-64,-13,1,10,53,31,,
7,27,127,7,-5,-3,-7,-2,,
6,-30,-67,8,-3,-5,-14,2,,
-11,20,-39,-17,-4,3,28,-8,,
54,4,6,26,2,-2,-28,5,,
8,-30,-33,9,5,1,-2,5,,
13,13,37,15,2,3,12,1,,
-7,-13,11,-39,-8,-3,-12,6,,
0,0,-37,-16,-7,-10,-8,-3,,
7,22,62,35,2,12,17,-4,,
18,-23,-20,-41,-2,-5,-16,-3,,
8,16,-61,25,2,-2,-1,8,,
-40,6,5,-29,-1,-1,-4,-22,,
-7,7,58,8,5,-3,1,6,,
18,-15,-19,-6,-6,2,7,6,,
-15,-13,-63,-19,-4,-3,-18,-8,,
36,3,-59,-14,1,8,34,6,,
-28,12,54,21,-6,-10,-11,-21,,
-10,26,62,5,3,11,23,4,,
19,-5,-25,13,2,1,1,1,,
18,1,37,-15,0,-5,-9,-1,,
-22,-26,-80,2,5,0,-15,-5,,
1,16,64,46,2,3,17,5,,
21,-4,30,-7,-4,1,-5,-4,,
-6,-1,15,0,2,4,-1,1,,
20,16,77,23,1,-3,2,11,,
18,-22,-37,-11,-6,-10,-23,-1,,
-36,9,-35,0,6,1,2,0,,
-3,-1,62,8,2,0,-5,-2,,
15,-20,-12,-28,-5,0,2,11,,
-14,2,27,-12,-4,-3,-1,-6,,
-4,16,-54,25,3,1,6,-9,,
6,13,22,29,8,7,-7,4,,
8,-28,33,-35,-14,-9,-27,1,,
-59,-10,61,-21,0,4,30,-8,,
26,2,7,46,4,-2,-9,-1,,
-23,2,-36,-41,-5,1,4,-10,,
5,-11,-20,23,0,1,-8,0,,
16,30,-12,4,2,-5,-23,6,,
30,1,51,7,4,-3,8,16,,
-9,-32,-2,-1,-1,2,-5,-4,,
-20,7,-20,2,3,5,15,-3,,
21,-1,-85,-1,1,-3,-12,0,,
-61,-19,52,-3,-5,-8,-5,-1,,
8,18,-54,4,-14,-8,-5,-6,,
-29,1,-41,-23,7,8,2,-6,,
8,11,33,18,-1,-1,8,11,,
-5,7,-2,-22,2,-3,-23,19,,
24,-27,-48,-6,-6,3,30,5,,
33,7,-19,-59,-14,-6,-6,-2,,
18,15,3,23,4,-2,-9,-5,,
-1,-38,-5,53,4,6,4,-1,,
7,13,49,-10,2,-6,-13,7,,
11,8,6,13,5,4,17,7,,
7,12,1,-12,1,-2,-10,-9,,
-6,-10,-24,-13,-3,1,3,-7,,
-7,15,102,34,9,0,-3,-9,,
2,-2,-16,5,-1,-2,-1,13,,
-30,-21,31,-13,-4,-1,5,-12,,
-3,7,-18,-22,-2,1,5,-1,,
-5,6,19,13,5,2,-3,-4,,
-12,-16,-20,-21,-15,-9,-11,-3,,
43,-4,63,12,1,-2,-18,-17,,
-4,29,-33,-71,-20,-8,28,-3,,
2,4,-61,20,-1,-3,-27,-4,,
-2,-5,50,76,23,10,34,4,,
-22,8,5,-20,-11,-4,-1,5,,
-15,-20,18,-6,-5,-5,-20,-14,,
7,7,18,-10,1,-1,6,-2,,
-38,12,-21,9,-1,0,-8,-12,,
9,-9,-32,-8,-4,-1,-15,-8,,
39,1,53,2,0,-3,3,7,,
-13,-25,-90,-37,-2,-1,5,9,,
2,-7,13,-55,-10,-2,5,-1,,
-17,4,-40,-9,-6,-2,-6,-7,,
19,0,-13,7,6,1,-1,3,,
-27,-23,9,29,1,3,-6,-10,,
14,44,80,42,9,2,11,4,,
52,-13,-14,-10,5,6,-5,17,,
-53,-12,47,4,-3,-4,3,6,,
-3,-2,-25,1,-5,-7,-20,-23,,
30,20,-20,3,-7,-10,-20,5,,
-66,7,11,-37,0,7,56,5,,
18,-11,-45,33,3,3,-4,-9,,
0,21,86,-16,2,-2,-13,7,,
-16,-17,-53,0,2,-1,-11,-4,,
-14,14,106,30,4,0,-8,-2,,
-3,-7,-95,-24,-6,-2,9,-1,,
4,9,64,19,3,1,1,6,,
-25,-24,-60,5,-4,-4,-3,-33,,
-12,-6,97,-5,2,-2,0,8,,
-7,-7,-30,-6,-7,-5,-5,-15,,
13,-1,-3,1,-6,0,1,8,,
8,29,51,-2,5,0,4,7,,
29,-24,-48,-35,-8,-1,-31,0,,
-22,26,69,-17,6,5,30,5,,
-4,-21,-15,26,-2,0,3,0,,
11,-7,-8,13,2,-3,13,12,,
-46,-23,-2,11,-3,-6,-34,-18,,
1,7,-46,-2,0,5,12,4,,
20,19,60,-5,-2,2,7,3,,
16,-2,-20,-17,-8,-2,0,5,,
9,1,75,-25,-13,-12,-5,-4,,
-73,-21,-81,7,11,0,-21,-18,,
11,1,-14,32,3,-2,15,5,,
-8,15,-18,8,-1,4,-9,4,,
-13,-31,-112,-39,-12,-4,5,-2,,
29,23,39,13,-2,0,-1,2,,
27,-2,8,-4,-11,-3,-2,16,,
-14,-12,39,3,16,5,0,6,,
-8,20,-27,42,8,1,10,4,,
24,3,54,21,-2,0,15,10,,
-21,3,55,-39,-9,-5,-10,0,,
8,-12,-62,-34,-10,-4,-1,-14,,
14,15,-72,-14,5,6,8,0,,
-9,-40,-36,4,1,-1,-15,-4,,
-3,25,41,26,5,1,2,-1,,
15,13,-11,15,5,4,-21,6,,
-7,-11,15,-10,-10,-10,11,-14,,
29,28,0,-6,-4,2,-1,2,,
20,-18,24,5,10,-1,3,7,,
-32,-20,-23,4,-8,-4,-1,-18,,
-9,-1,-9,28,4,2,-4,3,,
0,-3,73,-6,-8,-5,-9,-8,,
23,-25,-99,-32,-4,-3,5,-2,,
-37,5,22,27,5,-1,2,-2,,
40,17,18,-11,-3,4,-6,12,,
25,-9,49,-14,-4,-7,7,9,,
-2,12,-23,-17,-4,4,5,1,,
-3,-13,0,15,7,0,-5,-3,,
-6,22,37,22,2,1,22,-6,,
3,-16,-39,0,1,1,-21,17,,
-12,8,-62,-11,-2,-1,-2,-15,,
24,-30,2,-8,-8,3,35,5,,
-3,4,41,6,6,0,-9,2,,
-23,19,95,14,0,-5,-9,-1,,
-3,-16,-33,-46,-6,-5,1,-10,,
-17,0,40,10,-5,-4,-17,-11,,
38,4,-116,1,5,2,7,8,,
38,27,84,6,1,-6,-5,-14,,
-19,6,4,14,8,6,-10,-10,,
-7,-14,-32,-41,-7,-1,-10,-11,,
-13,-5,1,25,3,0,16,6,,
-1,-8,-79,12,-1,-2,-8,-5,,
-9,10,44,2,-4,-3,-2,-5,,
9,-16,-6,-20,-2,6,7,15,,
-21,2,63,44,8,0,-1,-11,,
15,4,-53,-24,0,7,0,-4,,
6,-1,-27,31,2,-1,-1,6,,
25,4,-49,-41,-5,-8,-1,6,,
-14,-12,3,-3,-6,-2,-14,-9,,
-61,-6,-8,-11,-5,-8,-20,-30,,
-23,-3,13,10,-8,0,14,-8,,
17,-3,0,23,6,5,32,8,,
8,15,9,18,1,0,-1,1,,
14,6,-28,-14,3,-1,-13,0,,
-15,2,48,20,5,3,9,9,,
-47,6,-11,-3,-15,-7,-11,-8,,
-12,-14,11,-21,-5,-5,-9,-4,,
6,-11,30,22,9,10,22,8,,
31,-12,-69,-55,-9,-10,-31,-12,,
8,20,39,23,2,-2,17,-4,,
26,16,-17,-10,-3,3,7,20,,
-15,-24,29,-13,-3,1,-1,8,,
-7,24,44,16,10,9,-6,-1,,
10,-9,-5,1,-8,-8,1,3,,
-16,-13,-28,-2,-10,-12,-13,-6,,
-30,10,35,-21,-3,-1,-5,-2,,
-4,17,28,30,11,8,19,9,,
4,-1,8,4,5,4,-10,0,,
0,-13,-29,-36,-5,-4,-2,-5,,
-21,12,-13,1,-7,-6,-17,0,,
-16,-33,83,-28,-7,-5,23,5,,
9,20,29,26,-1,1,4,1,,
-3,-15,-38,24,14,1,-9,0,,
0,-12,6,10,6,12,4,-3,,
19,-5,2,-28,-8,-9,13,-8,,
-4,15,17,10,0,-1,-6,17,,
16,-9,24,26,1,1,-2,-9,,
-11,18,-34,-21,-3,-4,-8,-4,,
-13,0,13,23,5,1,6,6,,
12,-18,3,-9,-4,1,-9,-3,,
-32,-12,26,-11,-5,-6,-10,-14,,
19,8,-42,-5,4,4,19,4,,
10,18,3,23,2,-2,-24,2,,
-23,1,-39,-15,-5,-7,3,-16,,
-1,14,-46,28,-1,5,2,11,,
33,-10,20,-12,-3,-6,-13,-3,,
-17,8,-1,2,8,7,28,0,,
14,14,-32,4,7,-1,-10,2,,
10,-20,12,-55,-10,-1,-6,0,,
11,9,-50,3,-10,1,27,13,,
12,-8,-81,2,3,-1,-30,1,,Training Set 3
54,2,60,-13,-11,-3,-7,-12,,
36,19,68,41,6,-1,-30,7,,
2,-32,-77,9,-1,1,32,-10,,
16,-5,-19,39,7,0,-2,6,,
-54,6,44,-14,-1,-4,-21,-12,,
-25,4,-24,-25,-2,3,15,-9,,
-18,-20,42,18,-6,-2,16,1,,
-42,-8,-6,-38,-11,-9,-12,-12,,
-16,-20,-18,20,3,4,4,-4,,
6,9,12,21,10,-1,-21,-2,,
-12,1,-128,-42,-1,2,-18,2,,
58,-2,127,57,16,9,34,22,,
-16,2,2,-60,-16,0,-1,-9,,
-10,-6,-84,9,-10,-11,-11,-1,,
10,9,-33,14,3,0,-12,-9,,
-14,8,2,-23,-2,0,11,0,,
-20,24,-6,50,13,7,12,2,,
8,-22,38,21,4,2,1,-7,,
-23,-14,-23,-12,-9,-8,-17,-6,,
14,2,51,27,11,5,-20,13,,
18,-29,-108,-43,-1,8,36,8,,
17,16,24,-14,-6,0,35,0,,
-5,-5,-63,27,0,-3,-24,-10,,
9,26,45,-38,-7,-6,-10,4,,
-42,-34,-31,-9,3,5,-2,0,,
-7,-38,-66,-30,-11,-8,-27,-14,,
13,8,104,28,5,2,14,15,,
-23,7,21,8,-2,-4,-24,-9,,
-23,27,12,4,2,1,46,9,,
-20,-3,19,-24,-14,-5,-16,0,,
2,8,96,27,-6,-3,12,-3,,
-13,-35,-106,7,9,4,-4,-2,,
17,21,46,15,-1,-1,-26,-25,,
-20,8,42,-13,4,-1,-14,9,,
50,1,-64,-28,-1,5,23,16,,
-84,7,43,-15,-12,-8,-27,-18,,
36,-2,-76,45,3,-1,23,9,,
-19,10,-27,-21,0,-1,-10,-10,,
-38,-54,-88,-47,-7,2,4,-1,,
24,-1,-49,39,1,-3,6,-6,,
15,10,48,4,-1,-10,-26,3,,
-13,-41,-13,23,6,11,15,-7,,
1,35,64,-15,-2,-8,-7,6,,
0,-36,-87,1,-3,-1,-16,-23,,
20,5,52,-16,-1,2,-5,9,,
19,-12,66,11,-3,-3,7,-9,,
41,24,-67,-36,-4,-5,-7,11,,
26,-12,-51,12,0,1,14,1,,
29,13,11,-11,-7,-9,-25,-8,,
22,-2,-49,21,12,13,12,9,,
-11,-15,-47,-45,-8,-7,3,-5,,
8,15,77,-9,-2,-2,-3,9,,
-29,8,-72,3,6,5,5,2,,
12,-4,-18,19,-6,-7,-12,0,,
-18,7,119,30,1,-1,-2,3,,
21,6,-49,-2,-4,-1,2,-4,,
21,1,92,23,1,2,7,-5,,
-12,8,-50,-25,-1,4,-1,1,,
24,-1,21,32,6,3,-15,7,,
-28,12,12,-11,-4,-3,4,-5,,
26,11,-35,8,8,-1,4,2,,
-89,-3,125,-44,-9,-1,-13,-14,,
-39,-15,-110,-19,-4,-4,-5,-25,,
0,-16,64,-34,-8,-3,5,4,,
-17,-15,-7,14,4,1,0,7,,
23,15,21,33,1,-7,-4,-9,,
-14,10,-33,-32,-4,2,-3,5,,
59,10,78,21,2,3,18,6,,
-28,-29,-56,-37,-12,-7,-15,-14,,
9,-15,-78,-10,-1,-5,-13,-7,,
1,12,56,22,4,-2,-10,11,,
2,10,-26,-5,-2,1,14,-13,,
10,-6,57,-11,1,4,2,7,,
10,20,-14,14,5,-2,-9,1,,
7,-21,-9,21,1,1,6,-2,,
1,9,-70,1,5,3,18,3,,
-59,-17,79,2,-3,-7,-13,-3,,
11,3,-67,3,-2,4,3,5,,
51,18,80,-2,-2,-5,-1,2,,
-34,-14,82,30,4,8,2,3,,
23,33,9,-11,8,5,13,1,,
18,5,-41,-8,0,-1,4,8,,
-11,-7,23,15,-4,0,6,-9,,
17,-7,-30,-23,-7,-4,-15,8,,
-1,-4,-70,4,-2,-6,-10,3,,
1,11,-45,2,0,-1,7,4,,
8,-8,50,-8,3,5,13,-6,,
19,22,19,19,5,0,-19,1,,
20,19,6,-22,-9,-1,24,10,,
11,-20,104,10,7,0,-5,9,,
-31,6,-72,5,-3,-2,11,-15,,
-42,9,-30,-3,-3,-12,-38,-13,,
-26,-43,-42,2,-3,9,23,-6,,
-5,10,-72,9,-6,-5,-3,1,,
39,19,-8,6,5,0,-13,-6,,
-21,-5,80,-37,-4,-4,-3,3,,
-17,-28,39,22,-4,-8,-21,-10,,
1,-16,46,-5,-8,-2,0,-5,,
-44,8,-16,-20,4,1,-5,1,,
26,-11,9,7,3,1,5,0,,
-5,10,-29,-2,0,-4,-30,6,,
66,0,-14,-21,7,10,48,17,,
-4,20,-53,-1,-8,-4,0,-8,,
-2,-3,-17,22,5,6,15,-3,,
31,-2,31,-9,-8,-7,-7,6,,
-14,-6,-55,32,4,1,-19,-3,,
36,9,68,8,2,-3,1,3,,
-10,6,-59,17,5,3,25,17,,
-2,-4,26,1,-2,0,6,-13,,
-20,7,12,-4,2,-5,-16,-10,,
-15,-23,-54,25,3,5,1,11,,
-25,-23,84,1,1,1,-6,-9,,
-4,21,-61,-55,-3,2,7,3,,
-7,-6,47,5,-5,-5,3,1,,
2,-3,11,3,8,9,-15,12,,
12,12,61,-6,-11,-9,3,-14,,
-21,6,-74,12,4,2,-15,-7,,
-31,-5,-55,-29,3,-2,11,-8,,
-5,-33,-107,-42,-18,-1,-5,-2,,
-7,28,76,25,6,0,0,-2,,
45,12,35,-29,-7,-9,-2,-18,,
-17,-5,37,-7,-6,-3,-10,-3,,
-19,7,34,10,0,-4,-2,-2,,
-20,0,-70,10,-3,4,-10,-3,,
13,-47,-30,-3,1,-3,3,15,,
15,31,127,12,-1,-1,7,-2,,
-1,-12,-84,-6,-2,-4,15,1,,
46,30,8,-10,5,8,-13,-1,,
12,9,2,40,12,7,15,20,,
-7,-12,-9,8,-5,0,-12,-10,,
11,-6,77,-21,-3,-1,13,6,,
-27,-1,-55,-50,-7,-4,-1,-18,,
-21,-10,36,35,4,0,-1,1,,
35,7,15,33,3,1,-3,10,,
-49,-5,34,8,5,1,9,-12,,
30,-2,31,-20,2,2,-1,11,,
-39,-6,-42,-19,-3,2,10,-9,,
74,39,71,7,-2,-4,0,-4,,
-40,-10,62,-17,-1,-1,-4,-1,,
-9,-22,37,19,3,3,12,8,,
-11,5,50,19,0,-7,-55,-8,,
-1,15,-83,-27,-10,-2,71,11,,
-5,-13,42,18,-3,-7,-31,-6,,
18,-6,-50,8,4,5,35,13,,
-28,13,-69,14,5,8,-4,10,,
-63,1,58,-16,-5,-6,-33,-28,,
-1,-23,-71,1,-5,-3,-3,-11,,
20,6,14,-14,-7,-10,-16,19,,
15,-25,-84,-67,-12,0,26,-15,,
-19,-12,28,9,3,2,-5,11,,
23,23,-77,4,0,1,2,-5,,
-7,-29,64,20,1,0,-6,2,,
19,15,-1,-25,-4,-3,-5,-7,,
13,-23,-16,-3,3,1,-8,9,,
-7,27,119,23,6,-1,3,-7,,
-32,-25,-128,-6,-9,-13,-53,-22,,
37,28,84,11,-4,3,83,34,,
8,-25,6,-2,3,4,-3,0,,
-47,-10,-39,-4,0,-4,-37,-23,,
-21,6,19,10,-2,-3,34,2,,
0,-2,-16,-11,0,-1,-28,-10,,
-38,-11,-12,-30,-14,-10,-15,1,,
44,3,-2,29,10,10,25,15,,
8,-13,32,-22,-6,-8,-19,-5,,
-30,-15,-86,-3,-5,-3,-10,-6,,
10,19,-22,-7,1,3,-5,-1,,
9,-41,-77,-1,10,4,14,14,,
-5,12,51,-12,-4,0,-3,-9,,
29,-11,19,9,6,-1,-11,15,,
-16,16,65,19,4,0,20,1,,
-9,15,-51,27,-3,0,-13,-23,,
12,0,69,0,1,-1,5,21,,
15,17,-6,-3,-2,2,10,5,,
4,-19,-55,-25,-5,-6,-17,-7,,
16,-6,50,-21,-6,-3,-20,2,,
32,19,1,33,7,6,49,19,,
-27,28,70,16,3,4,-10,-12,,
-3,-11,-52,-7,0,-1,-21,-3,,
17,4,127,30,3,1,26,22,,
-51,-32,-128,-92,-16,-8,-38,-22,,
25,-6,29,23,-1,-5,-6,16,,
10,-5,-104,23,5,0,-9,-10,,
-1,19,9,-56,-10,-1,15,4,,
18,6,-9,6,-1,-2,-10,-21,,
-18,-17,72,18,2,-4,3,-6,,
-29,10,36,9,-2,-2,-1,-10,,
20,11,7,-19,-1,-2,-16,6,,
-24,15,24,1,-3,0,21,1,,
21,-10,-22,-5,-3,-2,-9,-4,,
-7,11,32,21,4,3,-1,-10,,
-46,-33,-58,-28,-10,-9,-6,2,,
-8,8,65,-21,-5,-2,-21,-7,,
9,1,-65,0,5,0,26,11,,
-1,-6,101,-11,-8,-4,-8,5,,
16,24,-34,34,4,0,26,11,,
-45,-18,25,20,2,3,-21,-14,,
1,-8,-20,4,1,1,-1,-18,,
42,-14,-32,-19,1,3,5,12,,
4,18,40,-19,0,-3,-18,-11,,
30,14,-59,3,1,-2,19,20,,Training Set 4
-19,-1,-55,-69,-12,-7,-8,5,,
8,-10,114,14,1,-1,-21,-18,,
-39,22,-73,1,-4,2,-5,-7,,
19,-31,-28,45,4,0,-18,21,,
-14,8,-90,-21,-2,-7,34,-25,,
-26,4,-29,-29,-3,9,6,10,,
-15,-10,11,-1,-7,-9,6,-17,,
-20,25,-57,2,12,13,16,-4,,
24,13,76,55,13,-2,-72,-17,,
-9,51,-37,-22,-14,-4,28,-8,,
-2,1,39,54,3,4,7,13,,
-7,-48,21,-31,-11,2,25,22,,
30,7,1,8,1,-2,-7,-3,,
3,76,75,36,23,6,-9,6,,
-11,-26,-41,-2,-21,-5,-38,-10,,
38,-21,31,6,-1,-3,25,1,,
-16,21,-23,-15,1,3,1,5,,
63,-27,-2,-43,-6,-4,-16,-4,,
-62,-30,18,20,-4,-9,26,14,,
24,-35,26,-53,-13,-6,-36,-17,,
2,4,-17,-10,5,10,35,11,,
-47,-14,22,35,-6,-6,-51,-17,,
39,36,-20,-61,4,7,39,5,,
-24,0,22,101,22,12,23,8,,
-41,17,84,-12,-5,-4,22,-7,,
55,26,60,-55,-2,4,-22,11,,
5,-20,-35,-10,-11,-1,-8,18,,
12,20,43,41,6,-6,-11,-8,,
-23,-15,35,-6,-10,-5,-21,-21,,
-13,-18,-13,-12,-9,-5,34,36,,
6,-2,-37,16,8,8,-9,-16,,
-2,-7,-52,-5,-4,-6,-1,-11,,
8,-1,-63,73,7,-1,-5,8,,
42,44,-13,-79,-12,-10,-16,-11,,
-19,-24,41,23,8,6,26,6,,
5,13,-65,10,-4,-4,-21,3,,
35,-4,-11,-26,-1,-3,-39,-13,,
-38,-18,-71,-23,-6,8,80,-11,,
29,57,23,15,8,5,-10,-1,,
-5,-42,-28,-45,-13,-3,-13,-4,,
-9,-66,39,0,9,-1,19,20,,
69,-35,-77,38,10,8,-71,-14,,
-29,-10,82,2,10,6,60,-6,,
-25,27,-47,-16,-23,-13,4,-6,,
2,41,-32,1,5,3,11,7,,
-34,-50,16,-3,-5,3,-3,13,,
22,5,-42,-11,-1,-11,-23,-28,,
-42,-11,-10,3,-2,5,-20,12,,
39,15,-11,-13,-5,-5,13,-17,,
1,32,65,72,18,1,12,10,,
15,-14,-33,-71,-14,1,-8,-1,,
-12,-38,-33,-20,-3,-4,-5,-6,,
-24,20,90,44,13,4,-12,4,,
22,-55,-54,-20,-14,-10,31,6,,
4,17,-5,10,6,0,-10,2,,
-5,-26,-64,-1,-4,-8,-34,-13,,
-7,1,31,-50,-7,6,39,35,,
35,26,13,35,12,1,-10,-4,,
-23,-6,-21,68,2,-6,-34,-6,,
81,79,-26,-66,1,6,51,19,,
29,-7,127,60,14,3,-20,-6,,
-28,-40,-20,2,-19,-15,-28,6,,
-21,-14,95,-61,-12,2,34,-4,,
-8,6,49,52,9,2,7,1,,
1,40,10,-37,-7,0,-5,8,,
-8,-20,-65,2,8,5,2,-15,,
29,11,-22,2,-9,-11,-25,-7,,
-62,1,14,-44,-18,-4,8,-4,,
-68,-15,-6,28,10,0,11,-22,,
0,1,-68,16,-15,-2,-5,4,,
19,3,37,36,18,-1,-10,8,,
6,7,-5,-6,-5,-1,-2,-9,,
15,-2,-61,-5,2,0,-16,7,,
-40,12,-47,-17,-2,-1,29,0,,
3,21,55,61,12,3,-1,8,,
56,-5,56,0,-5,-8,-34,-4,,
-32,44,2,-5,-5,4,26,-9,,
49,-3,31,-17,-2,2,7,12,,
-20,-12,-73,-13,0,-4,-30,-6,,
-5,-8,39,-18,11,6,43,7,,
43,8,14,-10,2,6,20,6,,
9,27,71,18,1,-1,-13,5,,
32,35,-103,-25,-4,1,14,0,,
-63,-53,-29,-63,-12,-18,-72,-13,,
1,-52,31,13,-9,2,50,9,,
39,17,18,-38,-2,-3,-13,-27,,
-2,10,23,43,-3,-1,-8,28,,
6,28,66,79,19,6,3,-3,,
22,-14,-119,-19,-3,-3,-28,1,,
46,1,38,8,8,1,-6,12,,
15,-9,47,-9,2,2,56,-1,,
16,81,-16,14,-2,8,11,0,,
22,-5,-40,-2,-15,-8,-7,3,,
-55,-52,-25,-64,5,-3,-10,-15,,
-31,40,81,33,-2,1,-21,21,,
-6,-63,-43,-9,-6,3,25,8,,
-15,24,87,21,13,-2,-18,10,,
-51,8,-33,-15,-7,-6,-13,-25,,
-64,-58,-43,-60,-7,-1,-6,-28,,
31,38,4,62,15,6,9,20,,
-28,-45,-20,-35,-25,-12,-24,-9,,
16,38,-6,-8,5,2,-10,13,,
-20,-42,-75,31,0,2,17,-15,,
13,55,29,-18,1,3,14,11,,
-23,-69,-17,-23,-4,0,-6,-22,,
60,23,111,58,-3,-4,-24,29,,
13,-7,-34,-28,9,5,27,-6,,
10,-21,106,-13,-7,-2,-2,12,,
33,15,15,32,13,7,9,0,,
-43,-2,19,-25,-8,-2,0,-11,,
47,34,27,-12,-6,-8,-27,2,,
-40,-89,10,8,4,3,11,-6,,
23,52,-23,3,6,-3,-14,2,,
-32,2,18,46,-7,-3,16,1,,
-41,-12,-21,-14,6,1,-7,-13,,
13,-13,15,11,-1,-2,2,0,,
-6,10,-64,-6,-5,-17,-52,-6,,
72,66,-36,23,9,18,51,10,,
5,-51,-80,-46,-12,-4,-28,-17,,
-28,44,31,-20,1,3,7,-11,,
32,29,50,29,1,1,-1,-4,,
7,-27,32,38,-8,-8,-2,20,,
20,-13,-48,-38,12,7,0,16,,
-21,12,1,23,-6,-3,2,-28,,
26,37,20,-46,-1,1,4,6,,
-43,-24,29,17,6,1,10,-8,,
-39,-11,32,23,-6,1,-24,4,,
14,-40,-15,38,15,-2,-6,9,,
-61,-3,-28,-120,-17,-5,21,-19,,
-53,-39,-76,-4,-3,-6,-16,-21,,
6,37,36,88,1,-5,3,-3,,
-20,3,-64,-37,-17,-8,-35,0,,
34,-6,-29,7,-6,2,61,7,,
10,-1,-65,-7,-3,-5,-24,-11,,
-25,-2,31,8,4,-1,-7,-13,,
8,19,93,22,5,-1,4,-2,,
11,-6,-69,23,0,-3,-22,10,,
-33,6,14,-31,1,0,11,-3,,
26,-40,56,-5,-1,4,18,10,,
-1,0,8,-19,-3,-3,-18,-11,,
-29,9,39,55,3,-1,1,-7,,
14,13,-63,-68,-16,4,1,33,,
17,62,-14,-3,16,-3,-16,4,,
-29,-18,-74,17,5,6,17,5,,
-11,-20,16,27,-2,5,1,-12,,
-39,7,-27,-39,-3,-4,-17,-13,,
-30,-9,-21,-45,-10,1,7,-1,,
26,23,-2,51,3,-2,-11,-2,,
-48,37,3,-8,5,1,7,-1,,
56,-32,-2,7,3,0,-8,-7,,
-1,-29,32,-43,-13,-10,-14,-27,,
22,35,-62,-54,-4,-2,-3,-16,,
-18,-6,24,41,8,-1,-24,8,,
65,19,-5,-10,3,3,47,1,,
-51,-49,-1,-11,-23,-6,-7,8,,
31,32,27,2,-3,-12,-28,14,,
8,-24,54,29,19,14,23,-4,,
-36,28,-17,-15,-4,-8,-36,-27,,
37,-42,-41,-44,-13,-7,12,-7,,
-20,-28,-36,23,-5,2,9,5,,
15,6,-64,-58,-6,-1,-4,29,,
22,15,53,65,14,4,-15,4,,
-2,-10,-13,39,-6,-4,-4,-22,,
22,-7,91,-61,-8,-4,9,18,,
-7,-2,44,25,4,6,8,0,,
22,-8,41,15,1,2,1,42,,
-1,81,7,46,14,3,9,-1,,
6,-36,-25,8,-4,2,27,-6,,
0,-33,96,-12,-6,-7,-7,-2,,
-41,-35,-76,0,-6,0,-28,-17,,
5,10,95,47,15,3,24,17,,
-3,0,-80,-83,4,-3,3,-9,,
21,-5,-60,11,-10,-2,-25,-15,,
-24,-18,83,18,5,-7,15,-8,,
-1,-39,-36,0,-3,-2,10,15,,
0,35,62,43,8,2,7,24,,
-53,-34,-86,-87,-15,-7,-28,-23,,
42,-6,56,8,-10,-8,-14,-17,,
-9,16,-52,-12,5,2,-10,-1,,
-54,-42,62,46,11,6,4,-13,,
15,30,15,-51,-3,1,18,22,,
-9,22,0,-27,-7,2,22,7,,
19,5,8,16,3,5,8,1,,
-16,24,-23,-15,15,-2,-52,-27,,
3,-32,15,78,-7,-1,31,6,,
-21,2,-6,-32,-3,-6,-18,-24,,
-29,-1,51,12,4,7,25,15,,
59,24,-61,17,-8,-4,-18,-1,,
-13,-14,-53,-53,3,3,7,0,,
52,34,24,-16,-3,7,10,-22,,
-11,-35,-110,-28,-10,-4,-9,30,,
18,20,44,18,-8,-12,-16,-16,,
-68,1,74,9,3,-2,-3,-26,,
-14,-21,-56,15,9,8,12,-5,,
-58,-20,81,9,11,2,-21,-14,,
20,-2,-18,10,-8,2,30,-7,,
32,48,11,11,4,9,-4,15,,
-24,-11,23,16,3,-9,-11,12,,
1,29,16,-23,-7,-1,-20,-25,,
-28,-14,-53,-19,-17,-1,8,2,,Training Set 5
-10,-25,-2,33,-12,-5,-1,-9,,
-16,3,12,-18,-4,-8,-23,-6,,
22,49,69,-35,3,5,1,15,,
3,-2,-27,31,7,5,8,-19,,
-18,-44,8,11,8,5,-9,7,,
6,16,-15,-85,-14,-3,8,-3,,
-4,27,44,22,6,2,-2,2,,
-44,-36,11,-28,-8,2,7,-15,,
29,4,-16,38,2,-14,-21,-5,,
-38,1,-5,46,3,-4,-10,-9,,
12,-23,-22,-107,-4,13,47,16,,
20,45,22,25,-6,-11,-28,-5,,
-11,-12,-71,62,15,11,13,-13,,
-32,-6,97,11,-1,-2,3,-17,,
-2,-16,-102,-52,-10,-12,-44,10,,
20,-9,91,-20,3,12,38,0,,
-20,-3,37,26,-4,-5,-11,-5,,
29,26,13,38,11,-1,-1,17,,
-10,8,-57,-40,-14,0,-16,-40,,
13,-27,15,37,1,-6,-14,10,,
4,40,16,-90,-4,-2,9,17,,
3,6,71,17,9,11,23,-11,,
14,-20,-69,50,10,2,-4,-1,,
-28,37,-63,-48,-3,-1,-19,-16,,
-23,-20,36,9,-8,-1,18,-5,,
-1,-3,-19,21,1,-4,-1,9,,
5,24,56,-55,1,-1,-9,2,,
14,19,-14,37,5,4,30,16,,
18,-37,-56,-10,-5,-2,1,29,,
8,30,-16,-3,-2,5,11,-4,,
5,-21,68,54,4,-8,-32,-20,,
19,17,-71,-41,-4,-1,-14,12,,
-21,-10,-41,-5,1,-1,36,-23,,
-50,-35,25,0,-5,2,21,8,,
16,16,27,23,2,-3,-18,-12,,
-16,-31,23,42,5,0,-6,9,,
45,51,59,-5,-3,-10,-22,2,,
-47,-63,-78,-73,-13,5,13,-19,,
4,26,70,40,0,3,26,35,,
11,6,53,62,5,-2,-2,17,,
-3,-30,-72,-64,-2,3,-16,-11,,
53,25,40,25,-3,-10,-36,6,,
-12,10,27,10,-8,-3,22,-15,,
-23,-22,-26,-47,-15,-8,7,10,,
69,30,33,39,5,2,6,16,,
22,23,1,-33,3,2,-26,18,,
-36,-60,-29,56,-1,-1,27,-3,,
-2,-11,13,-71,-2,-4,-16,-4,,
-12,-6,-1,-11,-6,-2,-11,-8,,
-7,42,-13,39,14,1,10,1,,
29,40,-17,-28,-3,-6,-30,-21,,
11,6,-23,36,-5,6,25,3,,
-25,-8,-9,-66,-5,2,-9,-5,,
-34,6,-21,-26,-9,-7,6,-6,,
20,7,-9,9,6,0,-27,15,,
-13,1,36,9,4,-2,1,-15,,
32,6,24,67,7,2,-20,-6,,
25,49,33,-12,-2,9,45,3,,
-28,-76,-20,-32,-10,-6,-5,-15,,
-2,-47,47,-20,2,-3,-26,33,,
-28,-10,-2,-1,1,3,8,-7,,
25,-7,-104,-3,-13,-5,-5,-4,,
38,94,27,46,-4,-2,-1,17,,
-3,-33,-50,-1,-6,-6,0,-31,,
-46,16,86,19,3,-6,-30,-7,,
20,-45,26,-33,3,2,41,13,,
11,-8,-1,32,-6,-1,14,-25,,
25,48,36,54,11,5,8,34,,
2,19,-25,-14,3,4,-19,-7,,
-23,-55,25,-55,-21,-9,-21,17,,
4,7,14,7,11,3,9,-15,,
5,-10,-42,-2,-12,-9,-8,-9,,
-26,13,32,-9,1,7,9,-16,,
3,27,64,35,2,-8,-12,-4,,
-15,-35,24,29,-7,-3,3,12,,
-59,21,-31,-10,-6,-7,-16,-11,,
2,1,-46,-8,3,5,-26,6,,
4,-48,0,-9,1,-1,51,11,,
4,47,-111,-3,3,2,-8,1,,
-17,-16,43,-19,-7,0,-16,-26,,
6,2,59,15,2,-2,15,-25,,
33,-9,-47,-6,1,11,-5,35,,
-36,-22,-2,39,11,4,-13,-6,,
18,30,-21,9,12,4,16,-17,,
-13,40,-24,-78,-22,-9,-1,9,,
15,15,54,60,9,-6,-30,-15,,
33,-9,47,-12,0,6,37,12,,
0,44,-85,-11,3,8,-5,-4,,
8,-76,5,2,-8,-7,3,14,,
-5,21,-36,-9,0,-3,-26,-26,,
-4,-3,-2,4,-8,-4,-17,23,,
-8,-21,49,25,13,-3,-21,-16,,
16,16,-2,-35,-3,12,88,30,,
8,-12,-66,-6,-4,-8,-38,-10,,
-20,-25,7,-32,-4,-6,-10,-23,,
11,1,-24,72,-3,-5,29,21,,
-16,10,-23,-13,-2,4,-9,1,,
4,19,-28,0,0,-3,-4,-8,,
-17,43,-5,-28,-3,3,11,-11,,
-3,-45,-2,-47,-8,-3,-33,-4,,
42,-19,14,57,4,-6,30,-18,,
0,28,-51,-43,2,4,12,4,,
-8,-34,25,36,3,-7,-27,7,,
-2,53,43,-16,1,3,9,-4,,
-32,-21,5,-7,2,2,-6,0,,
1,-42,-39,-34,1,4,-14,-6,,
-34,-32,38,63,-1,-4,33,28,,
2,32,-51,-35,-9,3,-10,-29,,
6,-20,-8,-17,10,0,-1,33,,
-4,30,-12,23,2,1,15,-8,,
6,13,-4,3,-1,-4,-27,10,,
-24,-23,111,6,-2,4,30,-8,,
18,-4,-5,14,-8,-12,-20,0,,
-18,-11,4,47,16,5,2,0,,
-13,-6,5,-102,-19,-6,-11,-13,,
0,-59,17,17,4,5,6,-6,,
-14,71,19,8,0,-2,-9,11,,
-26,-30,25,24,-6,-8,-22,-12,,
11,-1,32,14,1,3,26,20,,
3,-16,-16,-26,-6,-9,-3,-15,,
-42,18,-29,-16,-1,4,-7,-9,,
7,20,38,25,7,8,12,3,,
-2,-13,-72,-13,8,-3,-8,7,,
-13,10,25,29,-14,-5,0,1,,
-10,-34,-62,-29,6,3,-2,11,,
39,36,27,-20,-13,-3,-2,-14,,
-32,-16,-101,-14,1,3,-6,-15,,
8,23,-10,63,3,-10,3,14,,
26,6,12,24,-3,-6,-34,-27,,
1,-27,-24,-13,-3,-2,4,22,,
16,68,5,-15,0,5,64,10,,
-14,-13,-29,-5,20,5,-14,7,,
19,4,73,16,-10,-9,-26,-49,,
-26,-50,-20,-54,-4,1,29,19,,
33,17,18,-41,-8,-5,-18,-5,,
-6,21,22,-13,-21,-8,-4,-6,,
-3,-26,9,37,3,0,2,1,,
-13,-20,-2,51,10,-1,-8,-1,,
-3,-13,4,1,9,3,-18,-2,,
34,3,24,-14,-3,1,14,4,,
16,45,2,11,1,2,-2,17,,
-11,6,17,21,7,-8,-33,-14,,
-20,-29,-38,-46,-15,6,33,-11,,
-8,2,-29,-50,-8,0,-9,-2,,
-5,-4,-44,-6,6,1,-7,-18,,
-29,36,3,21,-6,-4,-11,28,,
4,-37,36,-31,3,-5,-23,-1,,
62,-58,-40,23,-3,1,29,-5,,
-1,8,25,8,2,3,14,3,,
1,26,39,-28,3,9,1,-16,,
15,-30,20,62,7,2,-3,45,,
-22,20,-38,-63,-10,-9,-48,-12,,
16,10,-16,-17,-1,-1,31,8,,
-6,-64,-65,-53,-23,-4,10,-17,,
-21,7,28,28,9,3,-8,-12,,
1,2,-57,-10,-11,-6,-2,-2,,
-5,1,53,6,-1,-4,2,31,,
4,-20,14,11,3,1,-4,0,,
-1,21,11,-7,-6,-8,-11,-20,,
1,-2,28,43,17,6,-7,0,,
-18,-50,11,-16,-17,-10,-11,-31,,
23,21,32,-7,-2,2,1,10,,
8,-24,-48,-31,-6,-2,-1,-18,,
5,21,-23,25,11,9,20,10,,
9,18,21,19,2,-3,-5,5,,
-13,1,39,34,1,-2,0,10,,
13,21,-7,-31,-4,-2,-8,-11,,
-12,-32,-6,-4,7,3,7,12,,
16,30,69,17,1,7,7,2,,
2,-13,-78,3,-4,-1,10,-22,,
-1,26,48,22,5,-4,-7,10,,
-15,-33,25,-44,-8,0,13,14,,
14,16,-14,6,4,1,-5,-3,,
2,36,29,0,0,1,0,-20,,
-17,33,25,31,1,-3,-11,18,,
17,-18,61,-12,0,-1,23,-6,,
-6,-15,-87,-33,0,0,-6,-3,,
26,-29,12,2,0,-1,-2,8,,
-7,-13,-9,16,-15,-6,-6,-9,,
-16,40,27,64,5,2,-17,12,,
-2,-13,-25,-15,0,6,12,-2,,
3,24,5,-32,-9,-7,17,5,,
-2,-41,-41,-10,-3,1,-6,-25,,
6,-1,6,3,7,3,-6,43,,
-18,0,60,14,3,-3,-2,-9,,
19,39,-86,-6,6,-1,-7,-10,,
-6,-35,7,-18,-7,2,5,1,,
-6,44,11,9,-2,1,-1,-20,,
-12,-32,-33,37,2,3,13,13,,
6,34,100,-40,-8,-6,-15,-3,,
-3,0,-19,-37,-5,1,5,-14,,
-7,-41,-70,-13,0,-3,-3,-10,,
-4,41,-17,24,3,-3,3,11,,
-55,-35,30,25,2,-1,-8,-26,,
-26,-11,-25,-21,-5,-7,-18,3,,
27,19,0,-39,-3,1,21,-9,,
-6,-29,-90,-28,-1,4,-17,-14,,
5,40,12,68,3,0,0,22,,
6,-8,-18,-9,11,2,0,7,,
-14,-13,57,11,-2,-5,-6,-4,,Training Set 6
37,38,-55,-21,-8,-5,-17,-1,,
1,-32,7,-74,-29,-17,-35,6,,
-6,48,13,21,11,7,54,-21,,
3,-38,-3,15,8,8,-25,-1,,
30,0,127,48,-2,7,38,8,,
-43,2,-44,11,11,2,3,17,,
24,-1,-51,-23,-3,-4,-10,13,,
14,22,-3,-17,-13,-11,-7,-11,,
6,-50,-8,13,10,4,-7,-9,,
-13,-15,43,-3,0,3,27,2,,
-67,-14,37,4,3,-7,-37,-10,,
10,10,48,-18,9,0,-6,-14,,
9,-5,-10,-11,1,5,20,14,,
7,46,57,21,-9,0,-10,15,,
-12,-76,-83,-30,-14,-11,-14,-10,,
-7,44,18,3,1,-3,25,0,,
-19,-1,-6,-12,2,6,10,-11,,
66,48,13,48,14,3,-10,16,,
-79,-46,-49,-50,-6,2,-11,-27,,
44,0,18,-4,-5,1,10,-2,,
14,8,3,-11,-3,-2,-2,-1,,
15,-4,5,-11,0,0,24,-8,,
5,19,-95,-2,-1,5,-1,7,,
16,-21,-19,-32,-1,-6,-37,-17,,
3,0,26,26,1,4,27,9,,
13,2,41,46,15,4,-9,-9,,
22,24,79,-38,-8,-3,7,4,,
-55,-9,-21,5,0,0,11,-3,,
-10,6,-14,-85,-20,-4,-18,-19,,
2,27,0,3,5,1,10,16,,
-3,-18,-68,-13,-3,2,-3,16,,
9,13,69,80,4,-1,-5,6,,
-12,-20,-33,-44,-13,-2,-10,9,,
-27,25,-7,-2,0,-1,6,-13,,
-3,-14,35,26,0,-4,-13,-27,,
-20,7,48,-52,5,6,7,6,,
5,-3,-54,93,5,-4,1,-4,,
-20,-59,-24,11,-2,-3,-1,2,,
9,-13,-28,-68,-10,-1,-10,14,,
7,-30,-64,0,0,5,23,11,,
8,10,62,-4,8,0,-10,-8,,
-5,19,0,18,-1,3,1,4,,
19,1,-7,17,1,4,7,8,,
2,-26,27,34,10,-1,-13,-2,,
-30,7,24,-7,0,-2,-6,7,,
-3,-12,-35,-12,-10,-1,6,-7,,
6,-2,-60,-14,4,5,4,-8,,
20,-4,-49,-25,-16,-11,0,16,,
0,16,-21,42,10,2,-13,9,,
9,-32,-1,-47,5,2,5,-11,,
64,5,-13,4,-2,3,-14,-5,,
2,0,2,-18,-6,1,35,20,,
-8,-1,39,25,-1,-10,-18,-16,,
-14,-31,-1,18,-5,-2,-6,8,,
-15,15,67,92,10,-1,8,-3,,
-9,56,15,-57,8,5,-8,-16,,
27,1,-14,-74,-16,1,11,15,,
-48,-11,-45,-29,0,1,12,9,,
-12,11,106,33,1,-8,-18,-20,,
-1,-11,-44,6,-2,-6,-14,28,,
45,-37,27,65,11,9,8,9,,
-6,46,79,-50,-25,-10,-11,-21,,
-10,-12,-43,-9,-2,-3,9,22,,
40,-30,-22,18,8,1,-10,9,,
7,24,-3,-31,-3,-2,-3,-29,,
27,-5,-5,12,-6,-4,-34,5,,
32,0,-16,-6,5,2,50,24,,
20,3,12,-45,-11,2,-10,3,,
2,34,58,83,21,0,-8,-10,,
7,4,1,15,-11,-3,9,6,,
-16,-17,-38,3,-7,-4,-15,-17,,
-12,6,16,50,17,7,3,-23,,
-14,-9,-32,-51,-6,-1,2,9,,
4,2,74,0,13,1,7,-2,,
-1,-3,54,9,-8,-1,-6,9,,
-8,8,-78,65,6,3,0,-20,,
-75,-50,-97,-99,-27,-12,3,-5,,
35,15,9,25,1,-1,-2,24,,
3,-21,13,26,0,3,0,-10,,
-18,-3,25,-30,-16,-11,-14,1,,
43,37,86,104,10,3,34,6,,
8,7,-6,-46,5,5,-34,26,,
-19,-24,-28,-43,-7,-3,21,-21,,
-44,3,38,14,1,-1,-10,10,,
37,23,-55,5,4,-3,-11,16,,
32,-10,6,15,1,0,1,-3,,
-23,-13,36,30,4,5,-8,-8,,
-14,-41,-18,-57,-6,3,5,0,,
-26,0,-79,-8,-8,-6,-6,-14,,
-14,15,-50,27,5,2,19,-22,,
-1,-25,16,7,9,-9,-23,48,,
28,31,7,63,1,5,14,-7,,
10,20,35,-3,3,3,-6,7,,
0,6,-36,-57,-7,-6,2,-20,,
34,31,0,-31,1,6,14,6,,
-36,-8,-2,8,-1,-7,-18,-8,,
-8,-42,92,38,1,-2,-19,-23,,
-8,24,-35,-19,0,4,40,15,,
25,35,-8,4,1,-2,-15,5,,
30,-12,15,-83,-21,-9,-24,-33,,
-1,6,83,43,16,12,20,12,,
-39,-11,-111,-30,2,0,6,17,,
-24,-32,53,82,-11,-4,5,-13,,
30,45,9,-53,2,2,-2,3,,
-4,-10,-51,-22,-7,-8,-9,3,,
8,0,62,33,12,4,-10,-10,,
-26,15,-42,-53,-2,-4,-4,0,,
21,-17,34,35,3,-4,6,5,,
-5,-21,-10,2,-12,-5,-7,-18,,
-52,18,46,17,3,5,4,-26,,
-39,17,-27,-50,-4,-8,-16,-2,,
-7,-15,12,55,5,6,18,18,,
-10,25,-35,-64,-13,-3,-5,8,,
22,-20,-3,-3,-4,-7,2,11,,
5,2,-10,32,2,6,-12,-33,,
-44,-43,-15,-6,-9,-1,15,3,,
18,23,18,18,3,-4,-3,22,,
-59,-21,-20,-8,-10,-5,-5,-16,,
7,16,-43,3,3,2,4,2,,
-31,-11,7,17,1,-4,-16,-10,,
15,-24,-76,-47,-7,1,-2,-2,,
-14,2,39,55,5,-5,-5,1,,
1,-14,-42,-101,-17,1,21,-4,,
10,-13,-2,11,-1,-1,-3,-19,,
-27,64,34,30,11,6,2,14,,
24,-51,-39,-46,-1,-3,-17,3,,
-26,0,38,54,5,-2,3,5,,
0,12,-38,-26,-5,4,5,3,,
-2,-17,21,7,-4,-8,-11,-16,,
2,-22,-10,-10,-4,4,16,3,,
7,19,69,31,7,-1,-13,21,,
-8,17,32,21,0,-8,-9,-28,,
-4,-40,-49,-41,-8,-1,5,4,,
-11,-16,-48,-47,-6,5,0,-8,,
21,8,-12,-9,5,-6,-3,-9,,
27,-25,-50,-34,-6,-1,1,36,,
-16,21,60,11,8,2,7,-8,,
36,-19,43,42,-5,-5,-12,1,,
-18,4,33,0,0,-1,-5,-26,,
4,18,38,9,-4,-4,6,-17,,
1,0,-25,28,7,0,-2,4,,
13,-11,-13,-38,-5,-1,0,1,,
19,22,15,25,5,2,5,20,,
-12,15,22,20,14,6,-22,-16,,
32,-13,-34,-52,-17,1,16,12,,
-4,28,31,75,10,3,14,-12,,
11,17,-15,-107,-8,-6,-7,-1,,
-25,-54,-81,0,-13,-7,-7,-19,,
22,-5,-58,15,9,11,10,24,,
11,58,-32,21,2,-3,-23,13,,
-15,-37,-39,-3,-8,-3,-4,-11,,
5,37,50,38,-2,-9,22,16,,
-16,-21,-7,-57,-11,4,-18,-15,,
-26,11,-50,46,7,-1,5,-1,,
-38,-20,61,-5,-3,1,-9,-15,,
25,22,58,7,-1,3,8,22,,
-43,-28,4,12,4,-2,4,-21,,
38,4,19,47,-1,-3,-12,17,,
36,-1,10,-57,-11,-1,-6,19,,
53,17,30,20,7,8,28,4,,
-6,18,42,11,0,-5,2,9,,
-1,10,54,7,6,1,-9,-20,,
21,9,-98,5,4,7,-7,23,,
-16,-22,-54,-9,-3,-3,2,-17,,
45,35,80,28,4,-3,20,6,,
-28,-3,-24,-42,-12,-6,-3,-9,,
-10,-22,7,40,-6,-5,-7,-10,,
-13,35,-22,-5,11,3,-6,2,,
-21,-38,1,-18,-4,-1,-5,-18,,
8,-19,-13,-10,4,-3,-7,37,,
-15,13,41,18,0,-7,3,-36,,
12,17,-23,-15,-4,6,-2,6,,
17,6,-15,24,9,-1,-4,15,,
44,8,85,12,-1,-1,-12,-9,,
-83,-9,-103,-73,-13,-3,29,-12,,
3,-2,58,0,1,-1,8,42,,
19,52,32,8,-7,-6,-31,-20,,
0,-38,76,10,4,1,17,6,,
31,16,27,42,15,5,-9,2,,
-18,-27,28,-42,-10,-5,-9,-13,,
26,-1,-64,3,2,-1,-2,-3,,
0,-1,-28,-18,-4,1,7,-11,,
32,19,-30,28,9,4,6,9,,
-21,-36,-15,-15,-8,-7,-1,1,,
4,7,58,2,-5,-4,-22,-5,,
-63,-26,-20,-37,-8,-3,-9,-24,,
31,17,28,19,1,4,7,-3,,
-14,-12,-74,8,8,3,3,-9,,
-8,-4,-11,-9,0,7,8,-14,,
-12,16,-57,-22,-9,-6,6,-9,,
-14,-2,-27,15,1,-2,-2,12,,
26,36,34,4,2,1,-16,13,,
-12,-5,-39,18,-5,-8,12,-12,,
-2,30,45,-30,8,11,23,10,,
27,-28,-59,-17,-3,-3,-11,-1,,
-2,10,30,21,0,2,-10,7,,
-23,-21,55,-20,-19,-11,-13,-10,,
32,17,-39,19,1,-3,-20,-5,,
-7,13,70,-16,-11,-4,25,-2,,
-1,-4,-48,-32,-8,-2,0,-4,,Training Set 7
