19,-2,4,-17,10,-3,2,-18,,Training Set1 for Fist
2,0,-2,-39,-3,0,5,62,,
2,8,34,81,4,-3,-1,-24,,
-2,-3,-40,-75,8,2,-12,-34,,
-1,6,5,56,-16,-6,16,51,,
0,-12,33,58,-7,9,3,-6,,
-22,-21,-57,-100,-18,-7,-15,-37,,
20,24,21,26,-15,1,4,54,,
-8,-18,-7,3,7,-5,-5,-28,,
-6,-5,-6,-25,-4,6,16,5,,
15,24,26,58,-7,-26,-11,34,,
-12,-14,12,2,26,17,-14,-107,,
0,-1,-25,-15,3,3,10,104,,
-3,5,-46,-102,-15,-8,-10,-7,,
4,-3,-4,-13,-4,4,1,-21,,
20,13,18,40,-25,-14,7,8,,
9,6,14,48,27,14,-12,-23,,
1,-15,31,49,6,4,12,-2,,
22,21,-33,-81,11,2,6,41,,
-64,-18,-3,3,-8,-4,-10,-31,,
-17,-24,-28,-49,-4,2,-11,10,,
7,15,37,56,2,-13,4,15,,
-16,-9,-61,-77,-37,-3,-6,-55,,
15,10,31,-2,44,17,13,59,,
-1,-27,-51,-17,-24,-14,-13,-61,,
-7,4,26,65,-19,-6,-17,-30,,
-1,11,18,67,26,8,20,73,,
12,-2,3,-21,-11,-13,-12,-38,,
11,17,9,23,-4,3,4,4,,
-2,9,-6,-14,-12,6,1,1,,
2,-6,24,27,-1,-5,5,-3,,
23,-8,-28,16,-9,3,-3,8,,
21,-1,-2,-65,-3,10,2,-42,,
-27,11,-17,14,-24,-11,4,11,,
0,-1,40,24,18,7,6,-14,,
-23,-15,-6,-42,4,1,11,27,,
7,1,22,88,38,6,-3,-27,,
-7,1,-22,-54,-42,-12,-26,-18,,
8,9,-17,-57,-15,0,23,75,,
5,-21,-16,42,2,-1,-7,-5,,
-18,3,18,17,6,4,7,4,,
14,11,11,-11,7,11,-1,12,,
-2,-22,37,101,18,1,-1,-46,,
-5,-10,-51,-39,-23,-17,-6,37,,
-6,4,3,-53,13,7,3,-30,,
-28,4,2,-37,0,-3,5,39,,
73,-17,-19,35,-23,-10,-3,-2,,
-6,19,6,0,31,6,-7,-58,,
-3,-4,27,83,-10,8,7,39,,
-9,-14,-43,-83,4,-5,1,49,,
-10,23,45,53,9,2,-2,-13,,
-9,-16,-41,-74,-18,-13,-2,-2,,
-1,0,0,57,-15,-16,-27,-48,,
13,2,8,28,26,6,18,21,,
0,-5,-24,-14,0,19,-6,14,,
-7,-20,21,24,6,-11,-10,2,,
-17,12,-2,-33,-16,-6,9,5,,
23,5,21,77,31,13,7,-12,,
-36,-3,-38,-82,-8,-11,-18,-47,,
40,11,22,12,5,1,3,-13,,
2,-7,-22,-60,-5,-5,7,42,,
1,-15,21,53,5,4,-13,-55,,
-27,-8,-37,-36,-4,-3,7,36,,
31,35,40,47,-2,4,2,2,,
0,-12,5,-18,12,0,3,6,,
16,-7,-24,-13,-6,-11,-3,-12,,
-12,3,0,-31,-16,-4,-7,3,,
1,7,10,91,17,15,10,35,,
-22,5,16,-23,-11,-8,-2,-43,,
1,-4,-16,19,2,-16,-3,3,,
24,-8,-5,-10,-7,21,-28,-105,,
-10,10,28,34,-4,-7,32,79,,
6,7,-4,-5,12,4,11,39,,
0,-5,8,8,-7,-6,-6,-38,,
-21,-34,-14,29,-1,-4,-10,-30,,
-9,-1,-30,-56,-4,-3,-10,-38,,
-9,6,17,54,8,4,6,31,,
19,19,24,16,5,-9,-1,-10,,
-2,14,-13,-53,31,0,11,42,,
-2,-20,-22,-7,-34,4,-5,-35,,
14,6,-32,-43,-21,-4,0,2,,
-16,-15,3,-55,6,-1,-4,-11,,
-6,13,35,27,-32,0,4,-22,,
-8,-4,-16,-24,27,8,18,56,,
11,15,16,-10,3,-4,-13,-28,,
-56,-18,18,76,1,1,-4,6,,
-8,16,18,27,-5,4,-11,-60,,
7,-11,-47,-24,-21,-3,14,37,,
-4,1,25,45,3,5,1,-12,,
11,5,-31,-85,-2,7,-6,12,,
-11,-22,19,26,10,-22,-5,10,,
-4,2,12,24,32,3,-7,-26,,
22,1,-29,-40,-32,-9,6,38,,
-10,-1,0,24,7,6,-7,8,,
13,8,29,38,18,6,7,4,,
14,4,-3,-50,-28,-10,6,6,,
-74,-19,-3,70,23,2,0,4,,
9,1,14,-24,-4,3,-2,-31,,
5,14,-2,20,30,9,-1,6,,
-9,-11,8,-18,-20,-9,-16,-7,,
8,11,-3,20,26,-1,-2,-10,,
15,-9,24,3,-7,2,7,11,,
-11,-9,-70,-66,-19,-1,11,48,,
1,11,11,25,-4,2,-5,0,,
18,9,-14,17,-13,1,-2,-8,,
2,-19,-9,-10,-9,-5,2,10,,
14,28,44,56,28,7,0,-4,,
-14,-24,-5,-77,-14,-18,-22,-14,,
6,-11,-14,-9,-34,3,5,-2,,
6,6,-13,-20,21,15,11,-21,,
-39,-14,9,-19,-13,-14,-5,48,,
-16,37,36,61,6,9,8,1,,
-6,-33,-21,-87,-24,-11,-10,9,,
4,3,10,44,24,11,4,-22,,
13,-10,-19,-33,1,-12,-2,11,,
6,1,7,74,-1,-3,-8,-14,,
0,-5,3,-17,-10,0,6,14,,
5,-3,-21,22,-24,-4,-14,-22,,
-4,2,14,-6,20,4,19,26,,
9,14,10,30,4,3,8,12,,
8,12,-3,2,7,-8,-15,-64,,
-2,7,15,19,15,3,3,56,,
-58,-12,-14,6,-18,-1,-8,-31,,
-4,-34,7,-30,-8,0,-2,8,,
-9,-1,7,-4,7,-2,2,-9,,
3,-3,-27,-58,-7,-9,-4,6,,
13,3,1,18,-12,-5,4,3,,
-5,-6,-14,40,9,5,-2,-15,,
12,6,18,-2,23,1,0,25,,
-15,8,-3,-30,-7,8,2,-11,,
26,3,-5,17,-16,-3,-2,9,,
-12,-3,-9,-9,-17,-17,-4,-23,,
7,10,31,45,18,6,3,15,,
-2,-12,-40,-4,-8,0,-14,-26,,
-20,-3,-1,-1,23,1,1,21,,
0,-4,10,-38,-9,4,3,-7,,
-55,-9,9,46,-4,-4,-9,-15,,
15,26,7,-20,-9,-4,-7,-33,,
10,-16,-15,-18,-9,4,-4,6,,
-6,10,-3,-41,1,-8,14,16,,
26,8,12,8,12,13,6,27,,
-15,-15,-17,-14,-10,-6,0,-4,,
-9,8,13,24,-9,-9,-23,-47,,
13,6,0,32,22,4,7,25,,
-9,0,-2,-81,-18,3,3,-11,,
-8,-2,-9,54,10,-8,-9,-8,,
20,-3,-11,-21,18,5,2,-31,,
27,-6,13,33,3,0,0,17,,
-10,-3,13,-6,5,2,8,35,,
21,6,-21,27,-23,-2,2,-4,,
-26,-14,-5,-16,-14,-19,-2,-18,,
21,21,22,10,3,14,-15,-18,,
-1,-5,-17,-10,25,12,-7,-15,,
0,4,10,-36,-7,0,12,31,,
25,-18,-19,23,-13,-6,0,-11,,
-11,13,12,0,24,2,-1,16,,
4,-8,-13,49,4,-6,1,-1,,
-19,-6,16,-61,-16,-3,-2,1,,
53,7,10,16,-12,-6,-5,-7,,
-29,-14,-11,15,19,2,9,27,,
12,10,27,46,-1,4,0,-6,,
-1,-11,3,34,10,-7,-11,-23,,
10,-2,-5,-34,3,3,14,33,,
6,4,8,-3,-29,-5,-7,-42,,
-6,-10,-45,-39,-20,-6,-8,-24,,
-8,11,19,58,54,9,12,60,,
-3,1,4,-77,-25,5,6,1,,
5,3,-8,15,17,0,-3,-23,,
-7,-26,-27,-48,-17,-7,-8,-22,,
-8,-3,0,21,-1,-8,-4,9,,
1,12,17,56,5,5,-4,-10,,
-11,3,-5,-46,-1,14,5,17,,
36,11,11,19,6,-21,-12,26,,
5,-13,-5,-73,-26,18,18,16,,
9,4,-2,19,8,-6,-5,-16,,
-39,3,-10,-9,-12,-5,-7,-13,,
9,-25,26,14,6,-1,-1,-10,,
3,-1,-7,-2,-10,-8,-4,-19,,
-17,13,-6,6,7,9,16,50,,
3,-12,18,19,-12,-9,-7,-34,,
-10,-1,-49,-60,-25,1,-26,-11,,
23,0,29,80,17,8,17,-29,,
-33,7,-5,-18,-1,6,0,21,,
0,-1,-7,-50,-5,-6,0,34,,
15,5,-11,-27,7,-2,1,-19,,
-18,-9,-4,0,-28,-10,0,37,,
8,14,3,8,4,6,-12,-46,,
8,-7,-11,30,12,-2,-2,3,,
-17,4,12,18,-17,-15,6,13,,
9,-10,-5,-25,5,23,-1,-5,,
-3,-3,-20,-34,-4,-5,2,2,,
-3,-7,-3,-7,21,-12,-7,-7,,
25,16,21,20,-25,8,7,-2,,
-30,-12,12,4,2,-16,-1,22,,
3,6,-2,40,17,5,-10,-4,,
13,-18,-24,-57,-41,-2,9,-20,,
9,9,-12,50,35,-1,-10,0,,
21,9,-7,9,-12,5,22,36,,
-13,-5,34,-43,-2,12,-15,-27,,
-10,-18,-14,9,3,3,5,10,,Training Set 2 for Fist
0,-15,-47,-29,-7,8,2,24,,
2,2,-10,-46,-25,-6,6,4,,
-19,17,25,-31,-5,-10,-6,-34,,
22,-19,5,61,-23,-5,-3,-10,,
-17,-15,-15,1,19,6,-7,-15,,
15,20,34,-16,-23,-5,17,47,,
-5,-20,-37,-22,33,12,22,45,,
-3,13,12,7,-14,-6,-12,-28,,
30,29,40,69,24,-4,-19,50,,
-7,-28,-30,-59,-14,-8,7,-14,,
-6,-20,-15,10,-3,16,-7,-13,,
16,23,28,8,1,-4,14,33,,
-8,-11,-11,21,5,0,-34,-33,,
-12,-8,6,21,-8,-12,8,3,,
18,7,-20,-59,-2,-6,0,17,,
0,4,1,39,30,3,-10,-12,,
4,-6,-42,-48,-8,6,21,24,,
0,3,9,-11,-29,-10,-14,19,,
-8,4,16,30,11,-7,-3,26,,
22,-18,-19,-75,-10,13,18,6,,
-4,15,21,11,3,-8,-8,-15,,
4,-11,7,18,17,2,-17,-18,,
3,15,7,46,3,7,5,-22,,
3,2,-14,-11,-5,-9,-10,-19,,
-15,-43,-30,-54,-21,-6,-8,12,,
-12,13,18,-20,-10,-13,3,-9,,
20,21,27,0,-4,29,10,-9,,
-38,13,-13,-61,1,-2,-2,-20,,
-7,-4,-7,-22,-20,-6,-9,-1,,
11,27,26,86,-16,-4,22,3,,
-13,-37,-19,-14,23,2,-12,-3,,
13,7,24,20,8,11,-6,7,,
6,-7,-24,-25,-15,0,-6,-24,,
1,20,14,61,29,15,16,10,,
-2,0,-42,-73,-44,-26,-8,15,,
-9,-18,-30,-11,20,17,7,-26,,
-3,-2,50,23,-2,-9,16,47,,
2,-17,-63,-48,3,6,-8,-35,,
29,14,-2,5,4,-23,-16,-64,,
-52,-11,6,35,8,16,-2,46,,
19,18,29,1,8,1,18,0,,
4,-5,-13,8,-8,10,-18,31,,
-7,-2,21,33,5,-8,9,-41,,
2,-6,-35,-25,-12,-25,-8,14,,
15,8,-2,50,10,8,23,9,,
-16,-40,-7,-21,18,-2,-34,-8,,
-9,7,11,-23,-13,-4,10,-8,,
16,12,50,-14,-3,7,7,67,,
-14,-5,-59,-6,11,2,-14,-27,,
-1,7,12,42,4,8,6,-22,,
-18,9,-1,-20,-32,-14,-19,-3,,
13,-10,-22,8,7,4,20,-5,,
22,-7,18,7,-2,-8,4,36,,
-51,6,0,-30,-21,10,-11,-23,,
6,2,68,40,13,15,9,-19,,
6,-2,-95,-36,0,-1,-5,-8,,
-11,-2,56,18,-18,7,26,44,,
20,19,-20,-15,30,-10,-17,-24,,
-15,-5,6,6,-2,-4,-13,44,,
22,17,58,58,-4,-4,7,-21,,
-12,-1,-40,-9,-2,-4,-21,-42,,
11,-6,8,-36,-19,-9,10,23,,
-25,-18,-24,15,16,1,7,6,,
16,12,45,14,7,-1,-21,-40,,
-3,10,20,-1,-1,7,24,24,,
4,1,-36,-11,12,-7,-14,-35,,
0,-86,-40,34,-15,-19,0,14,,
-33,20,14,-6,3,3,-4,-19,,
18,29,26,12,-6,-3,-2,-5,,
0,-3,12,17,18,16,-3,-10,,
-4,18,-8,-49,-5,10,14,18,,
-2,-19,-39,-2,-4,-6,-1,25,,
-7,-2,-10,-13,19,-7,-11,-36,,
20,20,47,59,-7,5,4,18,,
4,-10,-37,-61,-18,-8,-16,30,,
-6,-8,26,12,-10,-2,14,-36,,
10,-3,-16,-12,-23,-6,4,48,,
3,3,9,47,19,3,11,-17,,
-10,5,-6,-4,2,0,-14,-32,,
9,-5,22,-1,-19,-6,-11,21,,
-3,14,-10,-19,16,2,-11,-42,,
-13,-26,-14,-24,-31,-7,18,22,,
12,16,1,9,45,1,-2,-16,,
-5,7,-3,27,-7,-2,-10,-13,,
-7,-21,-11,25,1,3,0,-2,,
8,5,-2,-77,-16,5,-2,-21,,
8,-3,-13,30,-36,-13,-1,54,,
0,10,35,40,42,20,13,8,,
4,-9,5,24,-7,-2,4,-17,,
1,-20,-43,-69,-29,-20,-17,17,,
-14,0,-27,15,-21,-2,3,-38,,
12,1,8,15,12,-3,-39,9,,
1,10,26,-28,-2,24,47,3,,
3,8,21,9,25,1,-7,-5,,
-1,20,-11,-52,-11,0,-2,-1,,
3,-24,-37,-8,-25,-11,7,14,,
-1,1,5,26,12,-2,-16,-13,,
5,2,7,5,11,-2,-4,-15,,
14,11,15,1,0,2,29,73,,
-6,-2,-10,-23,13,1,1,-10,,
1,-17,-41,-18,5,5,-11,3,,
-12,5,1,-15,-11,-9,-7,-7,,
9,12,22,24,-32,7,0,-12,,
2,-13,-7,18,68,4,9,-10,,
-7,4,24,-8,-5,4,-12,-26,,
4,4,18,49,15,6,8,53,,
2,12,-29,24,-4,-9,-7,-30,,
2,-9,2,-31,-48,-5,1,17,,
-6,12,18,63,45,14,-16,-41,,
27,-12,-18,-64,6,-1,35,60,,
-88,-18,-34,10,-22,-7,-17,-38,,
19,2,12,6,3,-9,-5,-13,,
-3,-13,-34,-25,-9,-7,-4,1,,
-1,5,28,92,-17,-2,-8,-7,,
24,12,5,-49,35,11,0,10,,
-5,9,-15,-46,-24,2,29,8,,
0,1,7,-41,-13,-8,-1,-12,,
-2,7,-8,36,1,-1,-13,22,,
4,-34,-12,35,13,9,3,-17,,
-10,14,29,36,-30,-19,-6,5,,
17,-7,-22,-15,17,9,12,35,,
-5,-7,-6,-22,-6,-1,-11,-56,,
4,-8,38,44,17,-10,-6,7,,
5,-4,-19,-39,-36,14,16,-1,,
-8,-10,-5,18,5,-7,7,24,,
26,9,-15,-39,-29,-13,-18,1,,
-40,10,13,-40,42,13,15,19,,
11,-6,4,37,0,7,-11,-9,,
-19,-8,1,-16,-19,-10,-6,20,,
-1,-9,5,16,10,9,3,-7,,
27,17,24,5,-21,-20,-15,5,,
-42,-21,-24,5,34,0,-15,-15,,
-6,7,-7,-10,-11,2,3,-13,,
-8,-6,11,-4,-1,-6,-1,-25,,
17,-2,12,32,-19,5,-12,0,,
-5,4,-22,-86,26,1,4,8,,
9,8,13,40,-13,-3,21,42,,
-24,1,-19,1,-1,-3,-5,-11,,
10,-10,5,30,13,-1,9,22,,
-1,-5,18,43,-5,3,-25,-50,,
11,7,-25,-61,-20,1,-2,27,,
-6,11,30,15,31,-3,1,-5,,
3,-2,23,50,11,21,6,-10,,
-24,-7,-40,-61,-29,-25,-3,-57,,
24,-2,2,-6,-21,0,-6,17,,
-53,-17,-6,23,21,0,-7,-18,,
15,5,-59,-45,-14,-18,-1,-29,,
13,-13,41,60,28,14,14,56,,
-8,6,2,-1,-23,-9,-9,-54,,
3,8,16,9,16,8,3,26,,
1,-2,24,8,-18,4,12,-16,,
0,12,-38,-49,-3,-9,4,27,,
-1,-2,5,-25,3,-6,-21,-27,,
8,-29,1,28,-14,-15,13,7,,
-13,11,-21,-35,36,30,0,6,,
6,6,13,20,-24,-14,-8,20,,
-8,-1,-34,-23,6,18,3,9,,
10,6,26,27,9,0,7,2,,
7,-22,4,-37,-19,-5,-22,-12,,
1,16,8,25,11,4,0,-6,,
26,0,11,-18,-12,-10,7,12,,
-33,-23,-39,-49,-12,-3,-5,8,,
-6,1,6,16,1,-8,-13,-32,,
15,3,-3,-31,7,7,17,-9,,
-6,-8,-6,35,-2,-4,-1,24,,
10,11,16,15,19,8,0,-35,,
-21,-5,-7,-62,2,-9,3,2,,
-3,2,-3,15,-16,-10,-14,-30,,
-5,-9,45,48,13,5,3,-3,,
0,-20,-84,-75,-23,-10,6,7,,
-6,1,13,7,-12,9,2,-10,,
31,27,29,43,5,16,2,33,,
-12,-8,-7,-15,22,7,3,-35,,
-12,2,36,65,10,-6,-20,3,,
-2,-8,-4,20,-1,-11,1,61,,
3,2,7,-23,2,-1,10,3,,
-9,-1,-7,-3,-17,-16,2,-19,,
33,16,20,8,-3,15,-10,-28,,
16,18,3,33,3,-2,12,38,,
-5,-10,-17,-13,2,-2,8,10,,
-12,7,-11,-19,14,-1,-2,10,,
25,-16,-6,-15,-19,-14,1,14,,
-3,0,-12,18,24,10,-11,-28,,
0,-1,-28,-78,-21,-7,-12,-10,,
0,-2,38,41,-9,-6,-4,-14,,
-11,4,-18,-8,-8,10,13,44,,
-6,-3,14,49,0,-12,1,-25,,
-2,0,-19,-21,-10,13,3,4,,
-16,-9,-22,17,6,-7,12,-32,,
11,16,49,0,35,9,-9,26,,
4,0,-35,-20,-20,-5,3,2,,
33,-10,-12,-23,-7,-2,9,12,,
-2,-8,-8,-51,-3,-11,-31,-10,,
1,-2,2,14,-11,9,17,-22,,
7,6,-4,-84,-17,-1,-6,-18,,
1,2,30,67,-1,-19,-16,18,,
-1,5,29,24,36,24,16,47,,
-10,-1,-48,-52,-5,-10,-6,-25,,
15,17,-7,14,-13,-3,-17,-3,,
-17,-30,22,48,31,-8,1,-23,,
6,2,-2,21,-15,-1,-6,-20,,
-16,3,-1,7,-1,-6,-15,-35,,
12,4,13,17,-17,-3,13,-5,,
-7,17,35,4,1,19,14,18,,
-2,-1,-36,-40,-8,-6,-8,6,,
32,-2,-11,-27,0,0,9,20,,
8,-17,5,-13,-14,4,-16,-14,,
-8,-11,-23,-7,-9,-20,-12,33,,
4,4,26,38,6,-4,20,-1,,
-8,1,-3,16,21,4,-19,-25,,
21,21,-3,-26,8,7,-10,0,,
-3,-13,-12,-25,-26,-11,11,-2,,
-1,1,33,26,7,2,-16,-23,,
-16,-13,-72,-50,-36,-18,-2,8,,
3,2,14,-4,40,11,6,32,,
-12,0,25,65,20,7,-4,4,,
16,5,9,-9,-14,-11,-9,-27,,
-4,-4,-9,17,-3,2,14,32,,
-26,-13,-36,-65,-18,4,-24,9,,
12,-2,9,14,-13,-7,13,-29,,
15,14,-1,50,27,5,-6,7,,
-4,5,43,9,2,-1,19,-1,,
14,-21,-54,10,7,4,-9,-38,,
-11,23,40,-12,-11,-18,-11,6,,
6,-25,-35,-16,18,13,15,35,,
6,2,24,40,-29,-1,-4,-38,,
-4,18,4,4,20,0,16,32,,
-5,-24,3,-28,-23,-5,-15,-21,,
4,7,12,15,12,11,9,-3,,
0,-2,-21,29,14,10,5,17,,
-4,-2,-31,-90,-26,-11,1,-13,,
3,-2,35,72,12,-2,8,9,,
-19,-7,-26,-43,-19,-12,-10,-9,,
21,22,20,-18,12,0,-11,19,,
-6,-12,18,36,-16,8,9,-61,,
29,-5,-28,-6,1,-5,2,43,,
-42,-8,10,-9,-4,2,0,-12,,
-3,10,4,7,30,0,-10,-6,,
2,0,-7,-54,-31,-20,-19,-30,,
11,4,40,33,10,14,5,-8,,
-4,-9,-42,-27,-17,-11,-6,8,,
1,4,-15,-26,-21,3,13,-29,,
-5,-7,-6,4,24,18,5,66,,
4,19,2,3,-40,-20,0,-5,,
5,1,-16,9,43,21,-6,-66,,
-4,-23,14,21,-1,-8,7,59,,
8,3,19,15,-8,-7,-6,-18,,
-3,14,-17,-18,5,3,-6,-15,,
-4,14,-9,-42,-18,-13,-4,-31,,
3,-18,1,-22,-1,7,24,25,,
-3,-8,11,58,27,11,-7,2,,
3,13,16,11,9,-5,-21,1,,
4,1,1,5,-10,-2,22,-5,,
-11,5,-32,-11,5,-3,-21,-16,,
0,-16,12,-7,-14,-1,25,35,,
-7,-9,-15,32,21,-10,-23,-18,,
-14,-3,8,0,-33,-3,-10,-15,,
19,7,5,-2,11,16,21,24,,
1,-24,-19,-49,-12,-18,-22,-12,,
-21,14,-9,0,20,21,0,-45,,
16,3,1,17,-29,-9,4,40,,
-11,9,64,30,8,-1,12,18,,
-4,-10,-34,-17,-3,-18,-34,-38,,
2,-6,-18,5,22,15,16,21,,
3,-10,2,-47,18,-8,-16,-9,,
14,19,10,36,-46,-5,-6,0,,
-52,-5,-5,-68,-19,-3,19,16,,
22,6,38,25,11,-1,1,-2,,
1,-8,-13,40,0,1,2,27,,
4,-27,-34,-60,10,5,1,-13,,
-2,25,45,70,-21,-12,-6,-37,,
-11,-21,-26,-5,-8,-3,9,63,,
7,1,-3,15,21,20,-10,-40,,
-8,0,17,-7,-14,-1,-2,-7,,
10,10,-13,-9,26,4,-15,3,,
-21,-6,-7,-15,-19,-11,2,-28,,
16,-2,16,20,2,-9,-5,2,,
23,-4,-7,-6,-22,-9,2,21,,
-13,-7,-3,12,27,11,12,9,,
10,10,16,11,-6,-6,-3,4,,
-8,-19,-13,-33,-27,9,9,22,,
-10,-2,2,5,28,-5,-6,-25,,
15,4,10,22,-8,7,-13,2,,
0,4,-10,-30,-9,-1,20,27,,
7,-3,17,24,-4,-10,-7,-29,,
-13,15,6,2,10,3,-6,-16,,
4,12,-31,8,9,0,10,0,,
-12,-23,2,-10,4,1,-24,-76,,
-1,5,-9,-15,-12,-3,14,97,,
-6,13,33,58,7,-27,-9,-18,,
-7,-12,-25,-20,-24,16,-3,6,,
35,5,-14,9,17,5,7,3,,
-55,-3,15,-48,6,-4,-12,-19,,
4,-6,-27,6,-34,-1,9,2,,
-10,2,33,14,42,-2,-21,-7,,
7,4,-10,-11,-19,-3,0,-2,,
33,-16,2,-15,-1,-3,-11,-25,,
-9,2,-14,7,14,6,16,25,,
4,-17,-10,29,-19,-8,1,9,,
-7,21,14,18,12,6,6,5,,
3,-3,-9,-14,-8,-7,4,2,,
-16,-6,3,7,-1,4,-10,-12,,
22,21,36,-5,0,7,13,21,,
-15,-28,-48,12,-22,-21,-22,15,,
8,11,-8,-42,12,-3,12,8,,
2,9,-8,-2,13,-7,-10,-33,,
20,-15,0,12,-28,12,-11,-17,,
-1,3,18,1,-11,1,24,54,,
17,30,52,52,22,1,-7,-16,,
-17,-46,-68,-61,-15,-8,7,34,,
6,-3,-10,-15,-10,-9,5,-5,,
7,-14,8,-17,-10,1,-11,-10,,
-19,7,4,16,-1,-4,-5,-13,,
30,18,8,1,24,12,-5,-1,,
3,3,-6,5,2,-5,22,37,,
-16,-11,8,10,12,18,-9,-54,,
-3,-1,3,-13,6,-6,1,14,,
-5,11,2,6,-9,4,-5,-24,,
-9,-1,-13,13,-3,-7,-8,2,,
-10,-10,1,-78,-20,-17,11,15,,
21,8,-1,44,28,-1,-8,-4,,
-40,-7,14,-1,11,19,-9,-48,,
-1,-2,-10,-19,-20,-8,11,29,,
-2,8,2,9,8,10,-25,-20,,
-2,-9,-22,-27,-34,-10,19,-11,,
12,-8,14,15,1,7,2,19,,
-5,21,12,29,-4,-6,-10,-16,,
-23,-14,-17,15,17,-7,-8,-21,,
5,5,8,-12,-3,12,-8,-11,,
-2,3,0,0,-12,-10,2,25,,
-4,-15,-38,-63,6,1,-2,3,,
17,8,12,100,-18,-10,19,15,,
-30,3,2,-50,13,7,1,15,,
-7,-20,-12,0,7,7,1,-4,,
12,19,63,28,9,-5,-20,-28,,
-4,6,-26,-36,8,-3,8,33,,
23,-12,-3,21,-14,-3,-1,-30,,
-54,10,-24,-9,0,15,14,8,,
12,-9,34,5,4,1,-2,25,,
-4,-13,-41,-5,27,6,-10,-28,,
7,5,-7,17,8,-7,13,-7,,
20,-1,28,23,-18,-3,-11,15,,
-11,20,20,52,27,5,-10,-29,,
-5,-13,1,-8,-50,-18,10,29,,
-16,-22,-57,-59,-7,8,-5,10,,
6,-2,-8,-21,5,-16,-9,-47,,
-9,-2,-17,30,-13,-4,-16,-4,,
20,26,39,6,-1,3,18,-7,,
-2,-4,-3,18,3,8,-8,6,,
41,7,36,11,30,-9,16,22,,
-13,-13,-19,-43,-17,7,-6,-35,,
6,11,-14,-52,4,5,4,49,,
-14,-25,-15,59,-3,-1,7,-20,,
13,15,32,21,5,-9,-19,7,,
-1,1,-21,-16,-16,-14,5,-25,,
0,-10,-4,-36,6,8,-9,15,,
0,3,2,-12,-24,3,9,5,,
-20,-2,0,7,-7,-14,-10,-54,,
4,0,-3,19,17,8,3,34,,
-16,4,-13,-6,-2,-2,22,-19,,
37,6,-10,-17,3,0,-27,43,,
-41,19,7,0,-5,0,21,4,,
2,-13,3,11,-1,0,8,-24,,
0,4,6,-3,16,3,-13,5,,
-14,0,-4,35,22,-3,0,-6,,
9,2,-7,-59,-17,10,-2,25,,
7,7,31,3,12,9,16,-1,,
-15,-5,-4,28,-17,-6,-32,-54,,
4,-3,15,21,14,-2,9,-4,,
11,-8,-18,-74,-38,0,8,72,,
10,14,14,-28,1,2,26,-2,,
6,-10,28,49,11,12,-31,-47,,
-10,-8,11,5,-1,-14,21,27,,
10,1,-11,10,-6,-8,-4,-21,,
-4,13,-4,26,35,20,-17,11,,
4,-28,19,3,14,-4,33,19,,
35,8,-8,-10,0,-7,-27,-53,,
-27,-28,-31,-6,-11,5,26,41,,
-9,2,-14,-53,-30,-21,-20,-22,,
3,9,-10,26,6,0,-10,-3,,
2,-5,34,39,19,-10,-5,-2,,
26,1,9,7,25,24,8,12,,
-6,-2,4,16,4,-7,-5,-12,,
-1,8,-16,-13,-8,-5,3,-11,,
-6,-14,3,-31,8,16,22,15,,
6,9,8,2,-4,-11,-19,9,,
-9,-8,-29,7,-3,-10,-1,-17,,
1,-17,-4,-26,-12,2,-2,28,,
4,21,-25,-14,-13,12,-12,-11,,
5,-1,0,59,17,-2,15,-35,,
29,8,18,-41,9,5,4,-4,,
-7,2,11,-23,-26,-21,-15,-2,,
7,-14,-19,-37,-9,0,0,64,,
5,0,-17,14,12,2,-6,-10,,
0,0,8,13,-43,-17,5,3,,
3,14,18,3,51,14,-23,-32,,
-11,-15,9,19,-7,-9,35,23,,
9,4,-9,-5,5,6,-21,-14,,
-24,-10,3,-8,-23,1,0,1,,
-1,8,-44,-16,-25,-1,3,14,,
-53,-25,14,18,41,15,-11,5,,
4,-20,-12,-8,-22,-4,10,-16,,
-4,-3,13,54,17,2,-14,-32,,
10,13,-13,-45,-25,-7,9,36,,
27,15,4,3,-24,-31,-15,-2,,
-13,3,-15,7,36,34,-6,3,,
-13,4,3,-54,-13,-4,5,4,,
-1,-23,30,57,14,-8,-7,12,,
-1,-4,-38,-52,14,8,11,-11,,
-6,18,-4,15,13,-12,-38,-15,,
10,-26,16,62,-4,-6,33,21,,
-4,2,-6,-26,-4,4,-5,12,,
9,5,40,64,2,-5,-3,10,,
23,11,-2,-76,-14,-1,0,-11,,
-69,-13,-65,-53,-15,0,-11,-17,,
26,11,43,51,10,-4,-1,1,,
-3,-34,-44,-22,-13,-3,-10,1,,
14,7,9,5,-13,4,25,11,,
8,16,11,-32,3,-10,-9,12,,
-14,-1,3,25,2,8,-2,11,,
-6,7,-19,-19,12,2,1,3,,
-5,-23,-16,6,-19,-19,4,-5,,
17,4,9,4,-21,3,-14,-28,,
-3,7,22,63,17,2,5,28,,
13,1,-24,-35,-32,3,1,5,,
-13,0,16,-13,-4,-7,-13,-1,,
5,-10,-21,-33,26,0,-2,4,,
19,25,12,12,4,6,4,-11,,
-12,-7,37,73,-14,0,15,10,,
-2,-12,-30,-27,22,0,-16,-13,,
-2,17,19,-10,-6,-6,13,38,,
11,-41,-47,-29,-5,4,-3,-12,,
4,2,0,-17,-12,-8,-8,-21,,
29,13,33,30,21,2,13,31,,
26,7,-7,-9,6,7,6,8,,
-25,1,-19,-61,-32,-8,-24,-37,,
8,-3,23,38,17,-11,25,39,,
-1,-6,-6,32,-2,22,-4,-20,,
3,-8,14,-26,-3,3,-3,6,,
-3,21,12,-10,-12,2,12,24,,
-3,-4,11,0,0,-6,-33,-56,,
-12,0,-45,-9,4,-19,-8,23,,
0,-23,-8,25,-26,3,31,-12,,
-15,-3,-42,-87,-13,6,4,-10,,
-7,6,73,60,14,-6,-26,-16,,
-9,-16,-66,-88,-16,0,4,-12,,
8,-3,12,15,14,17,14,9,,
-51,-5,-11,30,-3,-18,-20,-24,,
21,-2,9,12,-10,4,21,40,,
-2,20,57,26,15,1,-4,-20,,
1,3,-38,4,-12,-5,-24,-35,,
7,-1,15,27,17,5,16,22,,
3,-24,-47,-107,-6,3,3,2,,
-13,7,-1,42,-18,-8,-14,-19,,
-2,-4,13,14,15,5,21,6,,
21,28,7,10,-10,0,-15,-22,,
-6,-13,25,16,13,-2,8,5,,
1,-26,-29,-2,-17,-8,-15,50,,
3,11,26,-16,-4,18,18,7,,
5,-6,1,10,-2,-12,-22,-48,,
-22,31,-27,3,21,7,5,-12,,
-1,0,10,-35,-15,-3,1,-12,,
4,10,50,41,8,-7,-21,2,,
-47,-35,-77,-83,-21,-4,14,30,,
4,-8,-14,14,-7,-3,-2,-6,,
4,9,32,28,13,5,2,-1,,
-17,7,-10,8,-5,-6,-31,-25,,
15,1,17,17,6,8,34,2,,
12,24,-5,-27,11,5,-4,42,,
-19,1,-31,35,11,5,24,-5,,
18,-8,-16,-40,-26,-9,-22,13,,
-11,-34,33,0,4,3,-17,-33,,
-10,-9,-20,9,-2,-4,0,-7,,
15,24,45,40,-10,5,13,15,,
0,7,-27,-55,17,-10,-27,-22,,
3,-1,4,2,-3,8,29,36,,
-5,-1,15,33,0,11,0,-24,,
1,-5,2,-15,-38,-13,-13,-3,,
-2,12,-1,15,41,0,-16,-22,,
9,16,-14,-13,-12,4,25,31,,
-39,-41,-15,-35,-17,-10,-29,-48,,
16,19,25,26,3,-8,11,24,,
0,-10,-27,0,-2,3,-2,0,,
-5,-6,22,-17,5,-7,-1,1,,
3,18,-17,-9,-9,7,10,-5,,
4,0,4,8,18,-12,-15,-3,,
-4,6,25,23,5,4,16,2,,
13,13,-9,24,6,1,-14,11,,
11,10,-3,-31,-20,-4,-1,11,,
-8,-10,-12,-29,9,7,20,-20,,
3,-11,14,-11,-2,-11,-2,1,,
13,8,14,38,14,0,-10,-9,,
-53,-2,-32,-78,-37,8,19,41,,
24,-6,-15,-7,16,2,-21,-49,,
14,9,-1,-36,-28,-5,16,13,,
-20,1,-7,27,14,-9,-3,7,,
1,3,33,80,27,-2,-10,-15,,
-9,-16,0,-12,-12,-14,-2,3,,
-7,-39,-20,-36,-7,18,8,14,,
12,7,-1,2,-29,-7,-13,-11,,
18,5,-8,-5,12,7,1,14,,
-16,10,26,19,12,-5,0,-12,,
2,-5,26,0,-25,-8,3,-5,,
-4,1,-13,2,28,-2,-18,-2,,
23,2,-23,22,2,9,13,29,,
-22,-5,5,-54,-21,0,-2,-18,,
8,-1,-11,14,10,0,9,49,,
15,18,11,-26,-9,1,-6,-20,,
18,-3,8,-8,14,-8,-10,-23,,
32,12,30,41,12,15,18,31,,
-28,-28,-38,-21,-13,-30,-12,-34,,
-10,-23,19,-6,-10,26,9,-1,,
12,13,21,1,2,4,2,-11,,
22,6,-65,-55,-17,-11,-8,18,,
7,13,22,8,28,4,11,9,,
0,-15,9,22,-15,-23,-18,-26,,
6,27,12,-38,8,13,8,29,,
-45,-48,18,35,1,11,-10,-81,,
19,4,-41,1,-12,-12,-17,53,,
8,11,4,3,15,5,28,0,,
5,17,23,1,8,2,0,-17,,
-9,-2,-13,15,-24,-13,-14,18,,
-3,5,12,23,24,4,3,-17,,
-1,-8,-37,-45,-16,-2,-16,1,,
-9,-13,1,24,-23,-19,15,-21,,
-6,-1,-11,27,32,15,-11,21,,
-15,-7,25,-25,-14,-15,-4,-19,,
38,14,-3,20,0,23,-11,26,,
-31,-20,-2,7,20,-17,27,-18,,
3,15,-11,29,-7,7,-14,14,,
0,-6,-12,-36,-12,3,2,0,,
15,-1,24,42,-8,-10,-8,17,,
7,-7,-28,-65,-5,-5,-14,-9,,
-12,-6,7,-26,-25,-3,14,10,,
15,10,20,46,23,15,-13,9,,
-21,-9,-32,-23,-7,-8,29,-17,,
20,6,-2,1,-6,-2,-15,27,,
-11,9,22,2,18,6,14,-10,,
-7,4,-20,8,-21,1,-6,8,,
-21,-21,-11,-28,22,-2,-18,-17,,
-1,-8,4,48,-8,-8,-2,6,,
7,-5,-9,-49,28,-5,-20,1,,
5,10,13,45,-22,-1,32,-20,,
-20,14,23,38,3,-1,-3,-12,,
-1,0,-12,-14,24,-11,-7,28,,
15,-20,-27,-66,-35,12,4,11,,
-14,-12,10,18,13,7,-8,-21,,
8,7,6,22,8,-22,18,33,,
-57,-18,-11,0,-13,15,-19,-46,,
16,37,38,45,22,-6,-10,17,,
-9,-35,-19,-13,1,-1,7,16,,
-7,-2,-18,-23,6,-1,-7,-33,,
16,5,25,-16,-27,-4,-14,-8,,
-13,3,-36,14,-17,-14,-1,-14,,
-3,3,-2,-22,7,10,10,9,,
1,9,41,15,13,7,6,-31,,
8,-8,-27,4,-13,-4,-24,35,,
-9,-6,23,-24,4,11,45,-22,,
13,11,7,60,-1,-5,-5,0,,
-8,-8,9,-17,5,6,-10,3,,
-1,4,-25,-6,27,-21,-6,-22,,
-16,-16,-10,-6,-16,30,5,-2,,
20,0,-27,-19,0,-18,-10,-11,,
12,13,36,25,14,16,17,34,,
-2,-33,-11,0,5,-4,0,4,,
-7,3,10,7,10,-10,-14,-14,,
2,18,7,-18,-14,-3,4,16,,
-1,3,13,24,-7,3,-35,-9,,
12,10,7,-21,6,8,47,-13,,
11,-5,-20,-6,-5,-19,-4,29,,
-16,-9,2,-8,-7,16,-14,-25,,
-8,-1,-8,-27,-8,-9,4,-13,,
12,5,16,37,-12,19,10,24,,
4,-9,7,0,3,-16,-37,-2,,
-19,9,-21,2,25,-4,26,-25,,
10,-10,-6,-12,-27,-6,-7,11,,
-6,-6,17,1,-13,-4,2,25,,
-11,-4,-13,24,16,10,6,-15,,
16,10,27,25,-10,-16,-24,26,,
-49,-30,-88,-99,-11,8,12,-10,,
3,8,6,9,-10,-9,-13,-8,,
20,11,39,53,-2,14,-3,19,,
-4,7,8,5,14,-6,-4,-13,,
13,15,5,23,12,1,14,37,,
-1,6,4,-26,-4,-2,-19,-19,,
-9,-11,-35,-59,1,-17,-9,-4,,
2,2,1,19,6,17,18,-5,,
-13,-6,17,-9,-5,-6,-19,-28,,
15,-3,-12,58,7,-5,-11,20,,
-5,1,13,-79,-17,-2,54,-10,,
-14,-1,-14,-3,9,3,-18,-24,,
8,4,30,37,-5,-6,-4,17,,
28,1,-11,-9,27,14,2,-15,,
-21,-9,-26,24,-15,-8,3,21,,
-3,-2,-14,-5,13,-13,-9,-11,,
-3,1,5,-13,-22,19,17,14,,
0,7,39,74,23,6,8,-9,,
18,3,-40,-37,-20,-7,-12,0,,
-3,1,15,-79,-22,-1,2,-5,,
2,-21,-18,25,-9,-18,-7,2,,
-1,11,-1,-32,-4,-1,-17,-54,,
-27,-8,-31,-21,-9,1,12,16,,
-8,-9,15,30,-10,-14,-1,36,,
-1,-12,-47,-61,-21,19,5,-7,,
-6,-12,15,44,16,-1,16,-17,,
-3,16,39,49,21,5,-16,-3,,
-14,-10,-33,-30,-17,-10,-1,37,,
12,8,30,-26,-3,-7,-2,-14,,
-20,-8,-25,0,14,0,0,-5,,
-13,5,19,-31,-37,-9,-17,-12,,
27,18,39,52,-10,12,13,21,,
1,-22,-18,12,0,2,1,6,,
-18,-22,-48,-55,-21,-11,-19,-7,,
-9,-29,10,63,20,-14,3,-7,,
1,3,20,-35,1,19,6,-7,,
3,29,15,44,28,2,8,-4,,
4,22,39,23,-6,-14,-14,6,,
10,10,-39,-70,-2,2,5,22,,
7,-31,-29,-43,-16,12,-14,-26,,
-9,3,-4,6,-12,-22,-6,-23,,
13,-1,-1,-5,13,8,11,35,,
-19,-3,-6,-49,-12,-5,-3,-8,,
-5,-21,-34,3,-9,-10,7,21,,
1,4,44,45,21,4,-5,-20,,
-15,-8,-51,-16,-1,2,-20,-46,,
11,13,13,4,3,3,10,67,,
-2,11,3,-11,-4,-1,1,-8,,
35,3,74,46,-5,4,20,4,,
-22,-5,-44,-2,-6,-1,7,2,,
5,-13,13,-17,32,3,-23,-33,,
-3,-12,-40,-2,-21,-2,9,20,,
-10,5,-2,-32,-8,-3,-13,4,,
9,12,30,44,48,13,18,26,,
-4,-14,-3,12,-17,-16,5,-18,,
24,28,15,10,11,7,-13,-36,,
-19,-17,-12,-12,-12,-7,1,40,,
-4,-6,-15,-7,-25,-1,9,25,,
-5,5,39,39,20,9,9,-13,,
-3,0,-45,-55,-15,-4,-10,3,,
-19,0,-21,2,-8,0,8,-21,,
11,25,48,39,3,-8,-12,18,,
7,-10,2,11,0,-1,18,40,,
-13,2,-6,-23,-3,-7,-37,-41,,
4,-5,-22,-15,-17,3,17,15,,
7,9,31,27,-13,-6,-6,-35,,
-26,-16,-21,-30,3,10,10,18,,
-2,-11,9,27,23,-11,5,6,,
-8,-18,-17,-30,-10,-6,-15,-5,,
-2,-2,16,6,21,25,5,-2,,
12,4,-14,-49,9,-3,-18,-25,,
-8,14,34,73,17,13,13,10,,
-5,-10,1,-26,-22,-20,-7,-8,,
21,-4,8,-12,-27,-14,-10,17,,
4,15,-63,3,17,13,2,10,,
-21,-17,13,-6,-8,-7,4,-27,,
8,31,12,2,34,16,5,27,,
5,-10,-21,18,-9,-10,-24,-15,,
12,-9,4,-54,-16,-13,5,18,,
-17,0,-51,-4,16,5,-5,-9,,
5,-9,-1,-6,-12,-1,10,15,,
1,15,27,50,23,1,-3,1,,
-7,11,32,26,-16,1,-1,-2,,
13,-14,-14,-4,4,-12,-19,1,,
-6,-2,-16,-35,-11,5,6,-33,,
-11,11,1,-8,2,-24,-5,22,,
16,-23,-23,22,-7,20,9,-4,,
-15,18,15,-13,-9,0,10,-8,,
-6,-22,-10,22,-2,1,-13,-5,,
-3,0,2,-53,-10,-1,10,-31,,
6,0,-10,-16,10,4,8,35,,
-15,20,32,36,-23,-4,4,-18,,
-1,10,1,18,22,3,-41,-26,,
0,-49,-8,-1,-18,4,52,47,,
8,12,19,20,4,6,-11,-8,,
18,23,-15,12,-1,-3,1,20,,
-14,-12,-16,-42,-29,-10,-20,-55,,
-8,-5,3,-2,3,-13,-30,-21,,
20,3,-20,9,-7,15,35,29,,
-9,0,20,7,19,1,6,14,,
18,-3,-3,-4,16,3,6,5,,
-2,20,17,18,-11,3,-15,-38,,
-3,-25,-17,-8,5,2,-4,31,,
3,-8,27,28,-4,-6,2,-14,,
-26,5,-13,-28,-22,6,13,59,,
15,-20,-24,5,32,7,3,-27,,
-9,28,-2,3,-3,-14,-18,-13,,
-5,-16,-11,-16,-12,-3,-4,-29,,
-10,0,12,5,2,-3,-8,8,,
-8,17,10,2,-5,-15,-19,11,,
-18,-12,20,48,-22,1,13,-37,,
49,6,-4,-82,-7,7,27,19,,
-48,7,-30,0,43,-1,2,7,,
3,-26,5,4,7,13,7,8,,
-1,9,-1,-3,-8,-15,-32,-46,,
3,-16,-2,-1,6,0,-3,49,,
16,10,38,31,-4,-20,-1,-22,,
0,-20,-14,-8,-14,14,16,24,,
-10,5,8,3,25,11,-28,-48,,
-6,11,6,78,25,-1,6,19,,
2,-18,-15,-107,-53,-7,4,-9,,
-1,-1,-44,-11,1,3,-1,17,,
7,4,4,-8,-3,-14,-9,2,,
-1,11,-8,-24,-28,-1,2,-33,,
7,-10,31,91,48,16,10,19,,
4,12,14,-7,-7,-3,-15,3,,
-10,-6,-9,-32,-13,1,30,-9,,
0,-1,38,28,9,0,-8,46,,
-5,-6,-46,-35,-19,-14,11,-27,,
-6,8,-1,-42,-4,15,-15,0,,
-4,1,-17,11,9,-5,9,14,,
-7,-17,-10,-37,10,2,0,6,,
-5,14,20,43,5,0,4,-11,,
14,29,28,4,4,-5,-4,-17,,
5,-18,7,-6,-15,-8,-23,8,,
9,-13,-50,-2,13,-1,20,-16,,
6,9,27,39,7,21,9,32,,
13,-5,-2,-71,-5,-13,-6,-6,,
-23,-13,-13,-21,-12,-3,-1,-8,,
1,-14,-2,-3,-11,-5,-8,5,,
16,10,15,22,-2,-5,-22,-44,,
-18,2,-6,31,-5,4,9,-23,,
2,8,-4,14,41,6,6,41,,
4,12,-7,-31,-24,-12,-21,15,,
1,-6,-24,-25,-25,0,9,-22,,
-31,-39,18,45,-15,-7,7,2,,
-2,19,3,23,8,4,-17,-25,,
-1,-6,-12,19,2,1,1,-25,,
4,15,26,-20,-13,4,-8,23,,
-2,1,-8,29,14,-27,2,8,,
32,-5,-4,-3,-7,22,8,-11,,
-57,1,12,-11,0,1,-7,-16,,
12,-13,-10,-13,-8,-17,1,33,,
-3,8,-1,-6,9,20,3,-54,,
3,2,4,26,-13,-12,5,49,,
-7,-4,-9,-1,8,-1,-3,-27,,
17,10,36,32,11,1,5,26,,
-10,-10,-43,-86,11,11,-14,-17,,
7,13,17,37,-28,-7,19,-6,,
7,-8,3,-10,24,3,1,12,,
-4,-5,0,-1,-7,-5,8,7,,
-2,-2,-15,-4,-4,-2,-24,-5,,
-7,9,-7,-15,5,-5,-2,-23,,
11,3,28,-16,-20,-2,17,27,,
-4,2,-32,-4,10,-1,-13,-10,,
0,8,23,48,-3,-2,-12,-45,,
-6,-9,-6,-98,19,-5,10,69,,
-10,5,-4,37,-17,-19,-18,-39,,
-4,-1,-35,-50,12,14,-4,-7,,
10,-12,-11,14,-13,1,2,12,,
-2,-16,-3,13,-18,-14,6,-32,,
8,-3,-18,-14,-11,-6,-33,-4,,
-12,0,8,32,28,15,18,14,,
10,20,27,-36,3,0,29,29,,
-10,-18,-19,26,2,-2,-30,-21,,
9,-4,-1,-13,-6,3,31,28,,
7,-6,-12,3,-11,-21,-28,-42,,
-12,-3,-1,-2,-14,0,3,31,,
-11,2,12,-5,41,22,5,-7,,
6,10,4,18,-7,-3,-12,-53,,
4,-4,1,4,11,-3,6,8,,
12,-9,7,40,-2,-1,12,89,,
-8,-11,13,-8,-31,-3,6,-12,,
-4,6,3,-3,-4,-6,4,-8,,
0,15,23,1,7,27,-4,-24,,
15,-13,-33,-2,4,-18,-6,-2,,
-9,10,-11,-23,-25,-11,-3,-10,,
-1,3,9,55,6,4,5,25,,
15,-14,24,-22,-3,1,-3,14,,
-14,-6,-15,-6,-1,12,3,-16,,
5,-8,-8,12,12,1,-2,-21,,
1,-8,27,18,1,8,-10,18,,
-8,-4,-19,-54,0,-14,41,19,,
15,9,11,23,15,-1,-23,-27,,
9,20,31,20,4,-7,2,-1,,
-10,-26,-22,-21,-3,-4,-1,7,,
2,1,5,14,-24,8,-19,-1,,
-11,-1,-15,45,38,-8,2,-1,,
25,-14,11,-33,-16,-3,-1,18,,
-45,2,-25,1,-15,-9,-2,-18,,
0,-7,10,-6,12,-5,-2,29,,
-4,3,3,-4,9,14,20,-6,,
-9,-1,-23,-4,-30,-16,-35,-44,,
15,4,20,18,52,18,26,57,,
3,-10,-20,-18,-5,-12,-19,-51,,
17,16,28,2,-11,12,12,39,,
-15,8,24,3,-15,-5,-4,8,,
19,2,-29,-24,-1,-13,28,-21,,
-3,18,23,26,-7,10,-27,-30,,
-5,-5,-12,-54,-13,-12,19,-1,,
0,-9,-10,-11,23,17,-4,20,,
9,-2,15,6,-9,-10,-22,-21,,
-34,4,24,62,18,0,-5,-23,,
12,-13,-8,-59,-1,2,23,25,,
-11,1,-32,1,-17,-3,-4,32,,
-5,-7,6,42,32,9,7,15,,
15,11,-33,-60,-33,-15,-5,-3,,
-12,0,7,27,-7,-6,-35,-38,,
-2,6,31,32,2,4,36,24,,
-14,-6,-26,-59,19,0,3,-2,,
7,-4,-21,10,6,12,-10,4,,
0,9,49,83,-2,-23,-25,6,,
1,-5,-23,-6,-9,14,4,-16,,
-6,-15,-28,-47,17,7,-17,-4,,
0,-9,-24,-84,-32,2,22,-19,,
-2,15,28,76,7,-6,-16,7,,
-10,-33,-26,-29,-1,-10,-9,11,,
-14,13,-4,15,-9,-6,13,-24,,
29,-12,0,-3,17,5,-15,13,,
-20,7,11,19,0,2,16,23,,
6,11,51,17,3,1,4,13,,
12,-15,-54,-55,-17,-12,-21,11,,
1,31,19,-5,20,-2,23,4,,
-11,-37,-43,-11,-20,18,-20,-21,,
-11,-6,27,56,12,-5,32,-1,,
30,9,5,-32,3,-7,-20,-20,,
-52,8,-4,-25,-19,-5,-16,11,,
24,26,29,-9,-3,-1,17,2,,
-23,-33,-69,-25,16,-4,-37,-32,,
4,16,49,-26,-12,13,32,15,,
1,-29,-19,53,-6,-1,4,-8,,
0,21,-24,-70,10,2,-18,-38,,
-6,12,-10,-58,-15,-13,4,32,,
0,-36,27,85,16,4,19,-27,,
2,13,11,27,-6,-5,-13,35,,
-13,-12,-8,-20,-12,-4,-10,-2,,
15,32,17,15,10,7,14,-14,,
-55,-34,-23,-62,-8,1,-7,13,,
-1,-17,-7,64,4,-3,-22,-16,,
-18,-22,-5,36,-1,-8,9,-6,,
17,20,12,-40,-13,-8,-10,12,,
20,24,15,30,0,0,-12,8,,
-5,-12,-27,13,40,17,-12,-27,,
-6,5,4,28,6,-12,10,28,,
-12,9,7,-7,-17,5,25,-22,,
13,1,-17,70,-8,6,-19,17,,
-4,-2,-17,-84,9,2,9,-19,,
-3,4,-20,-45,7,1,-18,8,,
16,-22,-24,57,-6,-11,-5,19,,
11,23,-9,7,-9,-19,-5,-29,,
1,-2,42,60,-1,11,-20,-33,,
-8,-15,-17,-1,4,1,12,49,,
-34,-20,-22,-86,-12,-3,23,-17,,
10,23,32,90,13,5,-7,-24,,
53,15,-9,-39,-10,-10,17,29,,
-14,-16,-37,-19,7,1,18,-41,,
-12,-26,0,-7,12,0,-43,16,,
8,2,29,-26,-6,-12,7,0,,
-1,-2,-13,11,3,12,22,18,,
11,23,27,-23,-18,7,-9,-15,,
7,0,1,-12,4,-4,14,28,,
-16,-14,-39,-8,9,2,-1,-32,,
-15,1,19,30,-10,-6,-21,7,,
12,-2,12,-19,-17,-8,0,-20,,
10,13,4,3,5,-3,18,14,,
-52,-26,31,10,-5,8,-12,-45,,
-1,7,-58,-47,17,0,6,45,,
-7,7,10,47,-2,-6,-12,-8,,
3,5,19,4,-12,-2,13,-9,,
30,11,19,5,13,13,2,9,,
-10,-33,-12,7,-5,-18,0,-16,,
-1,0,-43,-17,2,17,-13,-28,,
12,6,28,-28,-11,-3,-11,-1,,
-1,3,-20,9,-16,-15,0,3,,
1,15,35,-6,11,12,13,4,,
1,8,3,-11,-25,-6,10,1,,
-7,-11,3,11,24,10,-7,4,,
7,-2,-30,-18,2,6,-2,-29,,
-10,17,29,11,2,-5,-8,19,,
-26,-4,0,51,3,-6,-19,-16,,
4,-2,-27,-22,-4,1,-8,2,,
33,-17,-16,-28,-15,-1,27,59,,
-1,-4,12,-4,5,-8,-30,-21,,
8,19,26,-12,-1,10,31,-1,,
-1,-11,-18,65,-6,-3,-23,-3,,
-4,5,7,20,13,8,36,0,,
-12,-6,7,2,-25,-9,-20,-18,,
19,-10,8,40,10,-4,-7,33,,
-25,34,30,-6,11,-5,-7,-59,,
-11,1,-2,8,13,10,-3,48,,
13,2,-18,25,2,4,-5,-4,,
-16,-11,-24,-92,-5,-16,-8,-17,,
27,2,-9,47,-26,-1,51,33,,
-8,-15,5,-27,16,15,16,-21,,
-9,4,-8,-1,3,-9,-36,-8,,
28,5,20,47,23,15,43,32,,
9,-14,-20,-34,-4,-9,-35,-14,,
-2,19,16,35,3,-6,24,48,,
0,-6,-4,-2,-22,-3,-32,-39,,
17,-6,-17,-2,6,-3,15,-2,,
-13,9,23,-18,-3,8,-2,-6,,
24,9,-21,-101,-26,-11,-32,-30,,
-10,-24,-17,70,15,-1,34,9,,
29,28,58,82,1,-4,-32,3,,
-23,-51,-18,-60,12,9,45,23,,
-6,-2,-20,-34,-7,-8,-39,-14,,
-4,22,21,36,-2,8,21,3,,
0,-7,4,-17,-4,1,-21,-34,,
6,21,-11,-1,-13,-4,13,7,,
-17,-1,29,79,20,-2,2,23,,
-3,-28,-64,-75,-24,-5,25,-12,,
-20,-4,33,44,-6,-15,-16,-3,,
-8,1,-42,-20,-5,18,-86,-38,,
-4,-24,6,-26,-15,-7,90,28,,
19,26,51,59,16,6,-12,5,,
-29,-11,-24,-57,-11,3,1,-8,,
5,12,-22,-17,10,-7,5,7,,
-6,-19,-9,-9,-8,-5,-40,-33,,
1,7,-21,15,-9,-3,13,-9,,
-34,-27,-7,-38,-6,-7,2,11,,
7,5,36,55,17,-17,11,33,,
6,18,-6,-20,-2,11,-35,-36,,
2,4,12,-8,21,18,11,12,,
8,2,-22,-27,2,-7,2,-16,,
11,8,16,33,-6,7,38,0,,
-14,-14,-24,-18,-6,-7,-20,12,,
-4,17,31,-1,-13,-10,-2,-2,,
12,-16,-6,11,10,10,-36,-8,,
-10,-1,9,30,7,-3,34,20,,
25,17,-18,-27,-17,8,3,-20,,
-34,2,33,-11,29,2,19,20,,
5,-4,-29,-23,1,4,-23,-49,,
29,-2,25,23,-2,-9,-24,33,,
-8,3,-23,25,6,3,35,-4,,
6,-7,19,-18,-16,-8,0,-3,,
9,17,9,-25,2,-3,-29,3,,
2,-5,-25,-50,-2,-2,39,-12,,
-3,-14,40,83,-16,-3,-31,-4,,
9,5,15,-13,17,-8,-11,13,,
43,21,-58,-43,5,4,7,44,,
-2,-12,4,5,-9,9,-9,-23,,
-18,-17,-6,11,1,-15,-25,10,,
22,-5,2,-24,-4,4,41,-30,,
-5,3,39,67,-13,2,31,26,,
-2,11,-24,-65,0,1,-22,-4,,
18,4,-20,-6,3,1,7,7,,
-11,-13,-15,-31,-19,-16,-36,-11,,
-7,14,-13,-15,7,4,19,4,,
3,-16,23,17,-22,-3,-43,-32,,
6,12,41,34,30,-11,42,-17,,
-30,-4,-60,-29,-22,9,-17,-2,,
-3,-3,22,33,12,-7,15,-5,,
-32,-26,-19,-2,-14,-5,-30,-30,,
-2,6,5,-17,3,5,-28,11,,
13,15,21,-39,2,3,3,14,,
-15,-31,-15,12,-1,-21,26,6,,
5,9,-9,-33,3,11,-8,-26,,
1,-6,22,21,-1,-10,-29,-25,,
6,12,-31,-14,-17,7,17,45,,
17,-8,18,-11,4,7,20,6,,
-29,-15,-37,12,-11,-16,-28,-53,,
-3,-3,-5,9,-15,10,43,66,,
-16,-13,38,62,7,2,-12,-13,,
5,9,17,-8,9,5,-8,5,,
-28,17,-31,-27,9,-6,-7,-6,,
-10,-25,-13,7,-8,2,-7,-28,,
7,25,35,44,2,-17,-13,20,,
5,-6,-13,-18,-8,13,-4,33,,
23,-17,40,35,16,9,11,17,,
-14,0,-44,-15,1,-30,17,6,,
-4,-9,-49,0,-19,20,-68,-37,,
-22,2,24,23,-9,-5,49,-2,,
9,6,-18,-46,-1,1,16,15,,
6,-2,37,62,-12,-12,-5,20,,
3,-1,-5,-36,25,-7,-17,-12,,
6,-12,-17,69,-2,5,-19,-12,,
-18,21,39,-16,-21,1,0,-28,,
-11,-4,3,-21,4,-5,13,44,,
5,-3,-45,-30,-22,1,-4,-19,,
-5,-4,10,24,3,-1,-10,14,,
16,17,19,-3,27,1,0,19,,
8,-24,-17,2,-20,0,-19,-90,,
-9,15,53,39,5,3,17,82,,
12,-3,-18,-61,-14,-9,25,-18,,
-2,-11,-5,47,-7,-19,22,4,,
-4,18,-5,-36,6,13,-25,-10,,
2,3,9,8,21,16,20,-35,,
-41,-13,-2,-28,-6,-8,-28,-5,,
34,2,-13,37,-3,-6,33,24,,
-13,-7,-4,-26,-16,-1,-5,2,,
-9,-10,-12,-45,32,-5,-3,0,,
-13,-9,-9,-24,-45,-15,-15,-17,,
6,4,4,24,19,21,-2,11,,
4,8,15,28,6,-1,8,8,,
3,-8,-30,-22,2,1,0,-10,,
-7,1,7,20,-3,1,1,-12,,
-5,7,42,24,9,0,-6,22,,
9,-7,-40,-3,10,5,2,-14,,
7,5,40,-30,-11,-11,-27,-24,,
23,-8,-40,-11,2,-17,-2,64,,
-9,-5,-37,16,-23,4,-9,-54,,
4,9,12,20,32,25,5,27,,
3,-17,1,10,12,-4,20,3,,
-21,9,27,8,13,4,-11,-28,,
-9,-6,-23,-53,-19,-4,-13,18,,
-10,3,13,35,-1,-4,-15,2,,
3,-9,-5,-42,-19,-12,-7,-36,,
3,17,4,43,10,16,22,30,,
44,-26,-20,5,23,-5,-12,6,,
-45,6,19,-45,-11,-6,-4,-24,,
3,5,20,78,7,4,6,22,,
-13,-28,-24,-48,-18,-13,-17,-19,,
6,-8,17,10,6,15,5,26,,
-26,8,2,-16,-9,3,-3,-10,,
15,22,7,60,-6,-7,12,15,,
-12,-10,-28,-57,-8,-18,19,-17,,
1,23,-12,-98,-3,20,-12,9,,
8,-14,21,59,5,2,9,-16,,
5,-3,-2,39,8,-7,-24,22,,
24,6,5,50,0,-3,-30,-1,,
-5,-16,-11,-26,-7,-21,32,-15,,
-20,-3,-7,-19,-2,21,-12,-3,,
12,-3,7,-12,5,3,24,13,,
-7,-22,27,46,11,-4,-14,0,,
-20,17,-38,-86,-20,-12,-33,-40,,
34,-9,0,5,4,12,18,36,,
-39,16,-5,29,-1,6,33,11,,
22,3,-1,32,7,1,6,-32,,
12,20,30,-29,-11,-9,10,45,,
2,-9,-19,-11,17,4,-1,9,,
11,-1,12,70,-2,2,-40,-23,,
20,2,-21,-85,-4,5,18,19,,
-21,33,19,27,-1,1,-13,-28,,
-18,-27,13,-8,-5,-13,15,30,,
-11,-16,-19,-19,-5,-20,-23,-21,,
-12,-9,-10,46,2,18,-6,-16,,
9,-12,29,34,18,7,-4,10,,
15,23,-38,-53,-15,-9,19,-19,,
4,13,20,31,2,1,12,11,,
-20,-26,19,30,-6,-11,-11,-11,,
5,-7,-31,-26,4,6,-6,9,,
9,5,-4,-21,-5,1,-11,-32,,
-3,-8,-9,-49,-5,-3,23,13,,
2,20,16,16,0,5,-29,5,,
-5,-13,-2,55,3,-1,11,-12,,
5,25,24,54,0,-10,-63,-1,,
-41,5,-6,-21,11,10,32,-25,,
19,-57,-34,-20,-8,0,43,71,,
-26,16,35,57,6,-6,-24,-31,,
14,-5,-27,-71,-4,3,-24,-14,,
16,21,19,17,-4,2,36,31,,
-16,14,-1,2,0,-9,-38,-20,,
13,-5,-27,0,-4,-5,35,19,,
-8,-1,-8,34,4,5,4,8,,
8,10,10,4,8,9,-39,-1,,
-17,-10,22,1,-4,-12,22,-17,,
18,-14,-3,16,3,-3,-15,3,,
-26,5,-10,-26,-28,-3,4,-23,,
23,28,-21,-50,3,-4,-16,49,,
-16,-28,0,9,0,1,-13,-20,,
17,-3,-14,-2,-5,-4,23,11,,
1,-4,28,19,15,4,13,17,,
1,9,-2,14,-6,1,-24,-55,,
49,37,12,18,4,-1,-22,17,,
-18,-13,10,43,11,5,-10,-12,,
-4,-15,1,-25,-5,-3,33,39,,
-57,-25,-23,-75,-20,5,18,-9,,
-2,28,-20,-34,1,-10,-20,-17,,
8,13,31,30,-8,-10,0,-15,,
4,-8,0,55,16,22,-4,10,,
-3,-33,0,13,0,-7,9,-9,,
-2,18,-21,-18,-14,-14,-20,-23,,
-21,-19,8,23,9,26,1,16,,
14,7,10,-36,15,-4,36,28,,
12,-42,-32,7,-14,-8,9,31,,
-12,17,22,29,1,1,-5,-15,,
11,-4,-14,-82,-15,-13,-33,-24,,
25,12,-11,-20,-8,4,-8,-16,,
0,-12,14,47,9,-1,-20,-17,,
-29,-1,-22,-22,-7,1,11,4,,
8,10,8,-3,3,4,-5,4,,
-3,18,33,38,10,4,16,2,,
12,-24,-21,-32,-16,-10,-1,-6,,
2,15,12,17,12,4,3,-3,,
-5,-30,-27,-38,-9,-2,13,26,,
-11,-21,1,82,-7,-12,-31,-27,,
-1,49,18,-50,10,4,19,33,,
-2,-22,-7,-41,-3,17,-1,-15,,
35,-3,16,30,-6,0,-11,-4,,
-22,9,-25,-33,13,-2,35,9,,
17,2,11,-17,-13,-27,-24,-2,,
15,-12,31,82,8,21,21,10,,
-26,8,-15,-33,-8,-1,8,8,,
7,12,-4,-20,-8,-4,-34,2,,
4,-26,9,5,1,2,6,-29,,
3,9,-6,11,1,-10,-2,-7,,
35,-7,-2,-32,-7,-6,1,6,,
-41,8,-12,-32,10,7,8,45,,
33,20,-9,32,-11,-3,13,4,,
-37,-42,-12,1,2,-9,-46,-14,,
20,28,21,58,6,8,47,-10,,
19,17,31,18,5,0,-40,-59,,
-2,-24,-23,-30,10,13,20,31,,
9,-35,-28,22,-16,-15,6,18,,
-7,10,20,21,9,15,13,-6,,
1,8,-19,-32,-3,-2,-9,-31,,
11,-1,7,-18,-14,1,7,25,,
26,23,2,-20,5,-5,-29,1,,
-63,-15,21,70,5,-18,13,-11,,
9,-10,9,35,7,16,-17,20,,
8,18,4,47,5,0,0,-18,,
-14,-6,-2,-72,-8,-1,-1,-11,,
-23,1,-42,-111,-22,-12,18,17,,
1,6,14,39,-10,-7,-33,8,,
-26,-28,14,40,18,4,-14,-28,,
16,7,-11,-9,3,7,39,37,,
18,3,29,51,7,3,-20,-29,,
-37,-30,-57,-75,-2,-9,25,-13,,
9,26,-7,-12,7,6,-36,6,,
-6,14,-2,-4,-5,2,12,29,,
-2,-2,-15,-14,0,-12,-26,-7,,
19,0,20,37,-21,10,48,3,,
-20,6,5,-48,8,-1,-11,-8,,
3,9,-4,29,8,-3,-7,3,,
-10,5,10,-42,3,4,10,11,,
12,-13,8,61,-2,-7,-13,4,,
12,10,-29,2,-4,1,18,-26,,
3,-3,15,-24,-4,-2,3,17,,
20,2,-27,-21,-9,-7,-22,-10,,
-1,-9,11,85,18,6,-22,-27,,
13,-12,13,-15,-8,-6,-11,13,,
-27,13,0,-25,-6,-1,31,-5,,
19,1,5,12,2,-5,-6,7,,
0,-28,3,-40,-11,-3,-4,-3,,
-11,10,-10,57,2,1,33,-12,,
6,-4,-15,-6,10,6,-19,-14,,
-30,-1,19,37,6,-8,-6,-15,,
-4,1,-26,-53,-10,2,-7,0,,
39,-11,-12,-54,-1,-5,-28,32,,
-52,7,17,36,2,-5,24,-23,,
0,0,13,16,-3,10,6,-1,,
-3,19,3,62,14,-6,8,1,,
-1,-25,17,-20,-7,-5,-20,-10,,
22,1,-21,-12,-10,-8,-42,-12,,
-8,-11,-24,-20,3,13,47,23,,
-9,10,4,-33,-17,-11,24,7,,
-14,6,-3,19,5,3,14,-5,,
6,-4,20,10,-4,-1,-40,-11,,
1,2,-3,-3,-10,-14,-20,-3,,
8,-14,22,11,11,15,-2,2,,
-27,33,8,6,19,5,13,-10,,
-6,-27,-25,-23,-17,-5,-14,-24,,
18,7,-10,2,19,-2,23,60,,
-13,-9,-7,-63,-22,-2,6,2,,
2,3,-5,-15,2,0,14,-12,,
5,5,8,28,6,0,-20,-13,,
-6,7,13,14,-4,-6,1,-15,,
16,6,-3,-3,-5,-11,-22,-7,,
-24,-30,2,8,-1,7,-45,-13,,
25,18,21,-1,-1,0,49,27,,
15,-21,-42,-44,3,8,-30,3,,
-32,6,13,39,18,3,27,-7,,
-6,3,-30,-68,-34,-15,-40,-11,,
12,1,18,62,-3,0,51,16,,
-4,15,8,29,11,5,-1,24,,
1,-3,3,-2,3,-11,-8,-13,,
-4,-3,4,10,3,15,6,16,,
9,13,-1,-11,5,-5,-2,-8,,
1,-6,7,2,2,11,-10,-27,,
-2,-4,-3,1,-4,-22,29,19,,
23,2,17,4,-4,7,-41,4,,
-3,16,1,-28,-2,17,49,-20,,
3,-1,-26,0,-1,-3,-9,4,,
-53,-1,-59,-77,-10,-2,9,-1,,
13,-15,-2,55,-19,-23,-10,15,,
-14,-6,6,-25,-10,-2,-30,-12,,
6,13,22,19,-4,-2,-11,-16,,
-2,3,30,35,24,10,-4,-22,,
4,6,-14,-61,-7,-4,34,22,,
3,-5,0,60,14,3,-66,-43,,
49,18,16,17,4,4,53,48,,
-57,-45,-20,-56,-16,-16,-51,-44,,
-2,10,4,-7,11,17,59,27,,
15,-7,-15,-4,-11,-8,8,-7,,
-19,-3,17,9,-15,-12,-31,-22,,
35,-4,13,31,10,-4,-18,13,,
-3,15,0,0,9,22,23,-15,,
-14,-10,-1,-10,8,-5,-2,29,,
-23,-27,7,-14,-5,7,-6,-35,,
19,14,-38,-44,-14,-8,-18,18,,
-13,5,42,78,9,-11,19,-22,,
26,25,-31,-31,-10,1,16,29,,
-52,-7,18,-14,-5,-7,-28,-12,,
12,-15,2,48,8,2,17,44,,
20,3,-22,-6,-1,-9,-2,2,,
1,16,53,45,19,16,12,-17,,
-16,-14,-45,-62,-24,-8,-5,-14,,
19,29,14,9,8,7,-2,8,,
-5,-20,-8,8,-19,-7,18,-25,,
-5,-45,-7,-19,14,-4,-4,61,,
13,6,-53,-36,-18,-13,-13,-17,,
4,-30,29,7,-13,9,-11,0,,
21,11,-6,10,-4,2,17,-37,,
-34,-6,4,6,3,-3,-19,39,,
15,6,3,9,14,8,17,-4,,
11,12,9,20,-1,-2,-23,-21,,
7,-15,-19,-68,-3,-5,8,3,,
-18,-41,-14,49,-7,-3,-17,7,,
-4,8,20,18,10,3,-3,-16,,
-16,4,5,1,-4,-4,-30,-16,,
7,21,26,-15,5,5,-1,22,,
