-18,2,12,-90,-11,3,-6,-30,,
-10,-15,-69,-7,-11,-11,-6,15,,
-2,1,84,41,18,2,0,59,,
55,9,-83,-82,-14,4,-8,-13,,
43,-17,9,88,9,-7,-3,4,,
8,20,-2,-32,-3,5,3,25,,
-25,3,38,-50,-20,-8,-7,-3,,
-1,-24,-65,-73,-23,-11,-8,-24,,
-11,9,-44,2,9,14,10,22,,
10,4,99,83,14,0,-11,-20,,
28,5,-18,16,-13,-6,-3,-28,,
-32,9,39,36,13,1,8,9,,
-40,10,36,47,15,5,-1,-19,,
-55,-16,-78,-10,-6,4,-2,-53,,
-8,-6,72,127,-1,-17,-9,-5,,
51,-7,-35,-39,-10,-1,6,69,,
1,21,102,58,2,11,2,14,,
-4,8,-37,42,21,10,8,-15,,
62,2,-27,12,7,-6,-17,-84,,
32,-14,-42,-55,-9,2,18,88,,
39,-6,-37,-17,6,-5,-4,-15,,
28,-15,-65,-62,-33,-9,-7,18,,
4,8,24,58,20,9,4,-3,,
-27,22,41,-86,0,3,-2,-32,,
12,1,32,24,1,1,2,6,,
-30,-10,44,-1,-10,-9,0,4,,
2,-17,-57,-41,-18,-5,0,17,,
22,9,-36,-21,4,8,7,-48,,
19,21,59,-38,0,1,11,69,,
-23,-36,-79,-1,-7,-10,-21,-36,,
16,15,10,-49,4,3,11,29,,
17,8,77,84,7,-12,-6,-15,,
-5,-6,23,0,-9,8,-7,-24,,
-48,20,20,14,16,1,-1,-19,,
4,-13,28,-2,2,4,8,-16,,
-8,0,-14,52,1,-2,-10,-15,,
-11,-14,-8,-55,-24,-10,5,32,,
18,-3,20,37,11,-1,-2,0,,
-78,-29,-63,51,9,2,0,-9,,
-5,3,15,-41,-13,-7,-3,-16,,
-27,-12,-31,55,12,-7,-7,-44,,
-14,-15,20,19,-17,-1,-1,31,,
59,46,27,39,7,3,7,51,,
-5,-28,28,23,-8,1,-8,-38,,
-1,-33,-113,67,14,-2,7,27,,
22,48,74,-74,-23,-1,3,3,,
-25,-21,-46,43,14,-1,-13,-19,,
-18,6,36,-20,9,8,5,-4,,
7,-11,-103,-92,-8,0,9,-1,,
-36,-16,26,-21,-26,-12,-11,-37,,
20,3,14,49,5,11,5,33,,
21,1,-41,-8,-6,-9,-9,-7,,
12,7,106,7,-4,-6,-12,4,,
26,-16,-106,-10,3,-2,1,15,,
-42,-3,50,-16,4,-2,-5,-48,,
-14,-2,40,-27,-6,5,6,32,,
-48,3,-30,-25,-7,-9,-6,-32,,
28,5,15,57,10,3,4,4,,
-2,-1,-24,22,-5,-2,7,-5,,
-1,-1,33,13,10,4,-7,-24,,
-15,3,-15,-40,-1,0,2,50,,
-9,13,83,18,8,6,4,17,,
0,-33,-126,-107,0,-1,4,12,,
-27,4,25,0,-19,0,-6,23,,
26,6,59,46,-17,-15,-5,-14,,
-23,-24,-78,-54,-8,-1,-2,-17,,
0,30,8,-79,-5,-18,-3,39,,
27,-19,-75,-5,-12,4,-12,-23,,
2,6,33,39,23,20,18,1,,
7,21,20,36,13,-4,-11,-6,,
-32,-24,15,1,-2,3,8,-44,,
20,0,18,61,6,-4,-2,101,,
-23,-1,-35,-30,-5,5,-2,-30,,
6,-6,-28,-17,-12,-7,-3,9,,
4,9,-9,-22,-4,6,-1,9,,
-82,-8,109,99,22,-3,-10,-67,,
35,12,-6,16,-10,3,6,6,,
57,-2,40,2,-10,-2,2,47,,
17,10,49,-2,-14,-6,-1,0,,
-77,-19,-128,-10,4,0,-4,-31,,
-3,-9,-30,-15,-15,-14,-10,-18,,
17,22,83,8,11,13,11,-2,,
27,-26,-89,-46,-27,-13,-9,-9,,
-12,-1,30,4,6,-9,2,14,,
79,20,-79,76,24,18,10,51,,
-12,-10,-53,-109,-22,-3,-4,-49,,
25,25,81,28,-1,-2,4,23,,
-24,-31,-59,-6,11,1,-2,-23,,
50,13,50,71,12,-1,2,14,,
4,1,-85,-30,-16,0,4,19,,
28,19,87,127,31,10,-7,-16,,
41,-9,-55,-85,-23,-7,14,27,,
-44,-2,10,57,2,-9,-13,-21,,
19,-13,7,-38,14,8,-1,-64,,
14,11,2,13,11,10,17,70,,
30,20,74,102,15,0,-3,-19,,
-47,-17,-14,-85,-15,-8,-11,-30,,
-6,17,32,8,6,0,0,14,,
-77,-41,-20,-16,-11,3,4,8,,
28,21,52,9,6,3,2,-11,,
-7,-9,-9,40,-11,-9,-3,-4,,
-8,9,2,-38,-7,-6,-1,-6,,
16,12,32,-10,-2,2,-3,4,,
16,11,3,35,10,7,4,17,,
-13,-22,4,-128,-19,-1,-2,-12,,
-1,-1,-38,127,15,-2,-3,-3,,
-8,-4,-67,0,0,-1,-5,-30,,
26,19,77,-27,-25,6,9,-5,,
-4,-12,-30,16,12,-10,-13,3,,
7,-6,-20,-91,-6,9,8,9,,
14,-4,-7,-68,-11,-17,-10,18,,
-18,-6,-22,48,14,15,12,28,,
-7,26,37,-11,1,0,1,-19,,
-12,-12,-77,7,-13,-10,-6,5,,
-13,-5,25,83,28,14,4,-4,,
67,8,-19,-63,-20,-10,0,18,,
5,-13,26,45,6,-5,0,-12,,
-17,-7,-13,-74,-6,2,4,7,,
-6,-3,-5,-63,-10,-3,-5,-18,,
29,21,78,88,22,1,2,27,,
34,-1,-36,-20,-9,7,9,8,,
-26,4,42,22,2,-6,-9,27,,
49,11,65,48,6,1,-8,-17,,
-23,-3,-51,46,1,-6,0,-1,,
5,1,-17,-115,-15,-1,0,-5,,
-53,-1,83,84,34,11,8,-14,,
-5,-15,-11,-36,-29,-10,-11,-6,,
-25,7,28,-60,-11,-8,-11,-19,,
-24,1,34,25,16,-8,-1,-16,,
95,-4,-32,45,6,12,5,51,,
9,16,-71,-72,-10,7,8,10,,
0,1,15,-3,18,2,0,-40,,
-44,-15,16,-64,-47,-15,-8,-19,,
12,5,33,36,21,2,1,-40,,
49,20,0,20,7,3,17,43,,
37,-2,-22,-117,-24,-2,-7,6,,
11,8,33,127,22,2,6,-4,,
-18,14,37,19,-1,-2,2,2,,
40,-15,-84,-97,-19,-5,-6,-29,,
-10,-18,2,50,5,-9,-14,-17,,
40,-14,9,7,-5,5,2,56,,
-2,28,35,-6,3,-2,1,20,,
-31,0,65,121,24,5,5,-11,,
6,-18,-9,-24,-13,-4,0,-39,,
-21,6,46,23,20,6,0,-18,,
-12,-10,-71,-22,-13,-10,3,27,,
-39,-17,11,52,1,2,-12,-24,,
-13,16,-12,14,14,8,-1,1,,
-7,-21,-35,-2,-5,5,-14,-18,,
-36,-5,12,81,0,-14,-3,-4,,
-23,-10,-54,-60,-20,-9,2,15,,
32,18,36,19,15,1,2,1,,
7,19,18,36,5,0,-3,-12,,
-10,-9,-55,-36,4,-3,-7,36,,
-13,-3,34,115,23,3,-1,-29,,
-30,1,-37,-86,-36,-3,0,37,,
-2,-2,-19,23,35,7,5,1,,
38,10,66,-49,-1,3,-5,-32,,
-30,-13,-54,115,11,1,8,-15,,
-15,-30,-37,-80,-31,-9,-6,-3,,
-4,26,50,-19,8,-1,4,3,,
16,-10,-48,-47,-6,5,4,5,,
-50,-3,31,-75,-24,-13,-12,-3,,
-28,2,28,42,22,8,-2,-35,,
-10,-11,-88,-102,-34,-15,-1,36,,
-48,-19,39,86,13,14,0,-35,,
68,21,27,-35,-1,0,3,-36,,
3,-2,-69,-32,0,-3,9,57,,
-53,1,76,30,11,0,-10,-25,,
38,-3,-44,-7,-10,-9,2,0,,
-14,-3,-47,-37,-3,-5,-10,41,,
-23,-9,4,73,-2,3,8,33,,
27,8,-17,-3,5,1,-3,6,,
-42,-7,-3,64,9,-2,11,9,,
9,-2,62,-14,-5,11,-3,-17,,
23,2,8,24,8,-2,1,17,,
-49,-14,-67,-9,-19,-8,-3,17,,
8,-16,-22,3,-13,-10,-14,-17,,
7,-4,-67,-60,11,5,7,-14,,
29,12,-9,61,14,-12,-7,-29,,
55,-11,-14,-83,-22,10,1,-27,,
-32,7,-5,-17,6,9,3,11,,
0,0,21,-48,-16,-17,-11,70,,
-9,7,11,8,7,2,-2,-26,,
37,-6,12,-33,-14,-7,-2,13,,
43,23,61,-36,0,0,1,-15,,
-7,-5,37,3,-4,3,-1,20,,
51,-3,-34,-27,-7,0,-1,-14,,
32,-6,-50,12,14,-7,-1,-2,,
43,23,18,-23,-13,4,-1,-5,,
11,1,13,26,1,0,-1,-25,,
9,-5,38,-7,-8,-11,-3,7,,
7,0,16,71,13,7,-10,-28,,
33,2,-22,-81,-1,-1,5,9,,
-11,1,-19,-73,-28,-6,7,-5,,
-37,0,37,27,-3,0,-2,4,,
-9,9,52,78,2,1,-7,-86,,
10,-14,2,39,11,3,3,76,,
10,4,40,40,8,-8,-4,16,,
-21,-6,7,34,10,8,-1,-8,,Training Set 1
33,14,38,46,13,7,-2,-16,,
15,-6,7,-2,7,5,6,24,,
-18,-14,69,70,-16,-6,-9,-22,,
3,-1,-69,-46,-6,1,-7,-15,,
38,-2,41,19,6,0,6,28,,
30,20,38,-8,10,-3,-2,7,,
-16,7,57,29,5,13,-2,-5,,
34,6,3,-15,-9,-5,8,9,,
-55,-6,-35,-25,6,-1,-5,-14,,
21,3,-11,-15,5,3,2,4,,
-61,-6,-32,5,3,-2,7,8,,
23,3,67,-55,-8,-4,-5,3,,
12,23,-7,104,23,8,2,-31,,
-33,-28,-68,-75,-13,-1,6,32,,
19,10,32,-48,-13,-9,1,9,,
23,-23,-65,4,-1,-2,-9,-28,,
41,-4,29,-42,-10,-2,2,13,,
51,17,-22,27,-1,7,8,-1,,
38,5,-9,-76,-4,2,26,70,,
-27,8,71,70,22,3,-3,-20,,
-35,-28,-74,9,-2,5,-1,-4,,
-26,-5,-38,27,6,-2,-15,-42,,
8,-1,32,-59,-8,3,12,7,,
10,18,74,43,5,0,0,7,,
11,-5,-50,-27,-9,-5,1,11,,
1,18,77,26,25,14,-6,-16,,
-46,-20,-52,14,-16,-3,5,-12,,
49,12,-76,-50,-10,-6,0,20,,
-41,-18,69,-30,-5,2,-3,-21,,
21,8,-79,-63,-17,-7,-8,64,,
-18,1,36,48,-6,-14,-5,2,,
22,-7,19,-22,-13,-7,-9,-17,,
14,10,59,38,-1,-3,-1,-10,,
12,-1,-50,-21,-6,-3,0,-7,,
37,20,1,-13,16,10,-8,-12,,
-17,-2,-9,22,9,0,10,25,,
18,17,43,-10,-3,-5,-3,12,,
40,-15,-25,9,0,-18,-6,-20,,
-52,-35,-91,-46,-1,10,-10,-16,,
14,19,78,11,7,12,5,-15,,
7,-4,0,87,1,1,0,2,,
12,-7,-6,-32,3,2,14,25,,
-15,-6,-80,1,10,-5,-10,-26,,
10,-12,-20,-59,-10,-1,-1,11,,
-14,-5,13,-48,-3,1,-1,35,,
1,22,84,-35,3,10,2,-9,,
37,8,-35,39,-1,-4,-4,1,,
1,17,51,20,8,3,-4,-8,,
20,3,-36,-7,-4,-3,0,-8,,
-15,-10,23,31,-6,-3,2,-1,,
-3,33,83,17,13,3,-7,-8,,
3,-34,-118,-6,-12,-5,-1,-54,,
-25,-11,39,-10,-2,-5,12,67,,
2,10,-2,43,4,1,-4,-5,,
-10,-3,10,33,-5,-8,-5,20,,
34,33,16,9,9,20,5,0,,
-37,-5,-10,69,3,-7,-8,-23,,
-3,7,6,-52,-1,8,12,37,,
-16,-8,10,82,-10,-18,-10,-21,,
-41,-1,-32,67,5,-6,-7,6,,
12,5,44,-8,-7,0,-4,-9,,
-59,-5,-19,32,-6,-5,-8,-3,,
-11,-14,14,6,10,8,9,14,,
-26,-18,-71,7,-5,-5,-9,7,,
5,0,46,-2,7,4,5,-35,,
-2,0,12,66,7,2,-4,5,,
0,-4,-12,-9,-11,-9,-5,-49,,
31,4,44,-6,8,4,11,60,,
-9,-11,-93,-23,12,7,-1,-2,,
-20,-17,-10,12,-11,-6,-23,-105,,
47,18,54,31,0,7,24,100,,
2,-6,-16,13,3,-5,-3,-18,,
-14,3,-20,-72,-22,-8,-7,-26,,
-63,-14,38,20,3,8,12,13,,
1,-19,-87,-103,-7,3,-3,-37,,
-24,11,17,-30,-10,-9,-10,-6,,
32,7,20,-1,3,1,3,-11,,
-40,0,35,-10,9,-3,-12,-3,,
49,-3,-21,-117,-31,-7,3,-2,,
18,3,25,105,22,-1,-1,32,,
-2,19,71,-63,-15,9,1,4,,
7,-10,36,69,12,1,-7,-7,,
-73,27,-18,-32,3,0,7,7,,
56,6,22,39,12,1,0,-10,,
-16,-17,-81,-74,-24,-9,-8,11,,
55,8,-26,57,-5,-12,5,58,,
19,-6,53,93,10,11,-10,-31,,
-30,0,28,-2,7,2,-2,-4,,
-22,-20,3,33,19,9,18,-3,,
0,-3,-30,-90,-12,-6,7,-12,,
-44,-2,26,21,3,-6,-12,-30,,
3,8,-1,-78,-12,-3,-2,2,,
2,-17,-44,27,9,1,-1,16,,
8,-8,-64,52,29,3,2,-4,,
-21,-3,13,55,-14,-6,0,6,,
-7,-20,-63,-27,-15,3,-3,11,,
-21,-15,-42,-45,-7,-12,-4,-20,,
45,-3,65,104,0,0,-4,-28,,
3,11,20,-1,16,-1,3,14,,
-18,-5,-10,0,-8,-6,-6,-21,,
12,-7,-3,26,0,0,-5,3,,
-18,21,42,2,-9,0,4,-3,,
-21,-16,-14,-36,-14,7,-12,-26,,
-44,-21,-1,14,-8,-3,2,-4,,
-2,25,-23,52,17,-7,-9,-22,,
-21,-14,-50,-99,-33,-7,3,38,,
24,-16,-73,37,12,-5,1,15,,
5,-8,-9,25,13,7,8,10,,
-39,-1,-2,-88,-20,-4,-3,-18,,
11,16,-2,-11,24,22,0,-9,,
33,3,47,-20,-10,-13,-5,-45,,
-12,-13,0,-5,3,0,18,67,,
12,25,-5,-24,-5,-3,-9,-15,,
30,6,-73,-53,-3,4,0,-7,,
-33,17,56,8,-3,-1,0,11,,
-41,-18,-5,-2,11,0,-6,-31,,
30,10,66,69,-4,-17,-7,-18,,
25,8,-1,-22,-4,18,17,41,,
16,-6,63,-24,1,1,-3,-12,,
12,3,1,54,4,-7,-4,-13,,
7,12,26,29,7,11,15,45,,
14,-7,20,49,10,-1,-1,-30,,
-40,-36,-112,-12,-3,-4,1,18,,
11,2,20,-118,-31,-10,-10,-4,,
8,-5,14,-13,1,3,-3,-11,,
-21,-30,-34,20,4,4,0,-7,,
31,23,20,77,16,4,2,20,,
-58,-12,2,-18,-11,-7,-21,-35,,
2,1,-59,-71,0,10,22,88,,
43,16,0,-69,-24,-16,-3,13,,
-6,-12,-78,-67,-4,3,-3,-23,,
53,8,-32,72,12,-3,-4,7,,
-7,2,105,-18,0,1,-7,-26,,
-34,5,24,57,-4,-12,-4,-1,,
75,10,-2,-29,13,19,9,25,,
4,21,34,69,17,7,18,-7,,
6,-23,-19,-65,-34,0,-4,19,,
-37,4,43,94,8,-13,-11,-42,,
7,-6,0,-6,6,4,-2,63,,
-2,10,74,9,-4,0,2,-11,,
-7,-12,-33,30,9,-2,-4,-32,,
16,-10,-27,-90,3,2,-3,-12,,
-12,4,35,82,6,-8,-2,-10,,
-2,-3,6,-107,-7,3,-1,1,,
22,13,51,85,-18,-9,-5,-14,,
4,-14,-10,-13,4,-1,-2,1,,
21,16,-53,-72,-8,4,11,6,,
-40,8,74,121,24,-3,-5,-40,,
63,-14,-87,-90,-27,-1,9,1,,
-25,12,34,26,-1,4,4,25,,
-29,4,46,89,6,-5,-4,-22,,
12,-7,7,-55,-9,4,-6,-9,,
27,8,-15,123,18,-4,-9,-12,,
-33,-6,-15,-72,-2,-1,0,-27,,
-20,-16,29,-27,-18,8,0,46,,
-24,-19,-89,38,9,4,2,-9,,
-14,33,104,88,24,-2,3,18,,
15,-33,-18,4,-11,-1,-2,9,,
-75,-1,-77,-100,-22,-14,-12,-43,,
-7,-4,-3,78,16,1,4,-10,,
-8,5,10,-66,3,11,16,47,,
-5,-3,-39,-55,-8,-5,-8,-10,,
23,-14,36,90,22,-4,-2,-14,,
9,16,14,-75,-29,-6,-2,3,,
-60,-6,-43,31,-2,-8,-14,-69,,
56,1,-11,-88,-9,2,11,55,,
37,12,14,107,16,1,-4,0,,
-48,-16,-37,-47,-22,-2,2,14,,
-14,-12,17,-10,23,5,-9,-61,,
-46,8,-14,40,1,-2,0,45,,
-1,-13,20,-57,-15,-23,0,-12,,
33,-8,-63,-44,-7,19,5,37,,
18,-12,-36,10,1,3,5,8,,
28,3,67,54,-4,-12,-22,-38,,
7,24,9,-2,7,3,6,16,,
1,-36,-106,-69,-24,-14,-7,-3,,
-1,0,51,79,11,1,-5,20,,
-48,-7,-21,-28,13,8,1,-33,,
90,9,29,-54,-17,1,-1,-31,,
9,9,76,82,5,5,12,77,,
13,2,-16,-35,18,9,0,10,,
-45,3,34,66,-12,-6,-4,-23,,
-39,-5,-27,-75,0,7,6,27,,
-24,0,24,1,11,-2,-4,-26,,
0,-5,-53,39,-5,-7,-6,-19,,
62,6,-23,32,8,-5,10,40,,
-12,6,22,-1,-14,5,-12,-20,,
17,10,50,15,6,-1,8,-24,,
-22,-18,-10,-36,-6,3,-1,21,,
39,3,51,18,6,1,0,-26,,
26,8,-4,83,15,-1,-6,15,,
-36,-2,3,-49,-2,-7,4,-18,,
23,9,-23,-20,-18,-6,-6,-8,,
-3,23,58,48,25,9,6,-1,,
-27,-18,-26,-98,-38,-14,-11,-17,,
54,13,13,34,24,13,8,36,,
13,6,11,24,6,-1,-2,6,,
10,-3,-24,-26,-14,-3,-5,-31,,
31,15,66,17,-4,-5,10,11,,
-6,-7,43,44,22,8,2,58,,Training Set 2
-6,6,5,-31,-1,4,5,18,,
0,18,55,16,2,0,1,-1,,
-11,-4,-10,-48,16,6,-4,-10,,
19,-3,13,-39,-13,12,10,6,,
-11,-25,-31,50,11,-12,-11,-15,,
35,3,-4,24,-4,0,-15,-37,,
-36,-12,-16,-57,-17,-7,15,56,,
32,-2,1,-7,-3,-2,0,26,,
63,11,-41,33,5,2,-4,2,,
36,16,-51,-91,-14,-4,4,10,,
3,-10,38,55,3,-15,-11,-46,,
-32,16,17,58,10,11,8,8,,
-2,-9,57,-16,-4,-2,-2,8,,
-18,-13,-19,28,3,-2,3,-3,,
12,8,-14,6,3,3,-4,-14,,
4,4,2,5,14,0,-3,-9,,
-9,-1,-93,-15,-7,-7,-4,-9,,
-64,-15,-63,-48,-13,6,1,-20,,
12,-2,80,119,-28,-19,1,31,,
31,11,-33,42,7,-2,-2,-2,,
8,-8,71,-27,-26,-14,-7,18,,
-51,-7,19,18,7,-2,-1,-14,,
-29,-3,-124,-37,8,5,-2,-19,,
9,1,13,-11,1,-3,-5,-12,,
-32,7,-30,-54,15,7,2,-14,,
29,-9,39,43,-7,1,1,24,,
24,7,73,-1,10,-1,-6,5,,
-14,-1,41,93,9,0,2,-6,,
-50,22,68,-67,-15,6,3,-15,,
17,-15,61,55,9,-2,1,23,,
5,9,90,-7,9,5,-8,-21,,
1,11,30,75,14,-2,15,20,,
53,-3,24,6,-23,-5,-1,22,,
32,18,5,62,23,19,10,7,,
-8,-1,28,66,9,4,-1,-20,,
2,5,47,-89,0,5,0,10,,
26,9,-44,9,-15,-7,3,3,,
-14,-9,54,-54,-3,-10,-3,24,,
28,-10,-116,29,6,3,-1,-13,,
6,-7,-44,-66,-30,-13,-7,-7,,
-3,-5,32,16,11,14,5,-2,,
26,1,-53,8,6,-7,-4,-7,,
27,-1,15,19,-7,2,3,5,,
-4,11,44,65,11,-4,-3,2,,
-26,-14,-44,-89,-16,-7,-11,-43,,
-35,-8,-32,71,19,5,3,-4,,
25,-3,3,-23,-6,1,-5,23,,
16,15,-13,11,-10,-6,10,14,,
-38,-2,35,-19,17,12,4,-6,,
-94,-55,-68,-70,-42,-24,-14,-40,,
27,38,42,76,2,0,-5,-14,,
-9,-13,12,-109,-13,4,-7,-11,,
-10,0,-52,117,8,1,6,5,,
3,17,40,-107,2,6,3,9,,
-5,-24,-92,-40,-7,-11,3,-20,,
-7,-18,-27,-35,-29,0,-7,9,,
46,9,-46,13,11,-7,-2,-3,,
39,11,46,20,15,0,-3,22,,
-31,7,120,-3,3,0,5,-7,,
0,-10,-73,-26,-7,1,-2,1,,
14,13,4,-24,7,3,-7,0,,
19,-6,-33,-66,-21,-2,7,0,,
10,1,-3,12,9,0,-4,-8,,
-2,-21,-79,44,12,-1,-2,12,,
-85,-15,48,70,12,3,0,-12,,
-5,29,71,41,14,5,7,-1,,
21,-3,-70,-128,-21,11,1,-10,,
-66,-35,-33,-28,-10,-6,-11,-37,,
-26,0,-19,-82,-16,-6,0,6,,
86,10,24,127,32,1,1,-3,,
-14,-2,26,0,2,4,-4,11,,
-20,15,59,6,5,-3,1,11,,
-1,-15,-44,-48,-15,-1,1,-27,,
-24,-4,31,38,5,-1,-2,8,,
-21,1,-80,-33,-5,-6,6,-3,,
-7,30,29,-51,-14,1,-4,2,,
0,6,46,40,5,0,2,15,,
-21,-8,7,-68,-1,1,-5,-25,,
-9,-3,115,110,16,2,-1,17,,
-33,-9,27,19,-5,-5,-1,-6,,
52,1,-52,-18,-5,-2,-3,6,,
33,-23,-89,7,-3,1,-3,7,,
-46,13,41,9,11,3,5,22,,
18,9,-23,-48,0,0,2,-14,,
35,-10,55,60,10,2,0,22,,
-54,-6,19,115,25,-3,0,-22,,
-25,-11,19,-51,-15,1,1,24,,
62,-18,-3,19,-11,1,3,12,,
34,11,38,33,6,3,3,3,,
34,11,7,-9,-11,-2,-4,-7,,
12,-7,-111,-45,-8,-17,-5,2,,
-11,10,56,24,-6,-1,-3,-6,,
-42,7,60,14,17,8,-1,17,,
50,0,3,-24,-15,0,-3,3,,
91,11,38,-64,-4,-8,0,16,,
25,23,15,18,20,18,11,24,,
-19,-24,30,80,-6,-12,-8,-28,,
2,14,-29,-75,-19,-3,1,12,,
2,2,-54,-5,3,3,3,-17,,
-6,-12,-41,-1,5,-10,-4,-2,,
-15,28,74,4,2,1,5,19,,
11,-24,-90,-69,-21,-7,0,22,,
-20,-30,-69,-5,-3,3,-6,-8,,
-4,7,-39,62,-12,-15,-8,-17,,
1,-19,0,32,-1,-10,-6,-12,,
22,9,44,-77,-8,17,7,25,,
-6,4,28,24,8,2,-1,-20,,
-24,19,-9,38,22,-2,0,15,,
-47,-27,-92,-96,-36,-10,-12,-34,,
-30,-2,32,127,15,-2,-2,-18,,
-25,-9,77,7,-14,-12,-13,-22,,
-1,-13,-27,38,15,3,6,6,,
37,12,19,-3,-3,-3,6,38,,
-44,14,-3,75,21,3,-3,-7,,
-47,-13,-44,-91,-35,-11,-3,-1,,
-4,8,58,56,10,-1,-5,-1,,
-13,-22,-90,-39,3,3,-1,-12,,
-45,-3,-39,-3,2,8,-1,-14,,
18,-6,53,21,19,3,7,10,,
34,-13,-32,-117,-33,-10,-16,-48,,
13,7,38,41,6,2,-2,-21,,
7,21,-12,22,11,6,13,44,,
-3,8,47,90,11,1,-4,-21,,
-14,-4,15,-73,-31,-7,-7,-11,,
29,0,-47,14,1,-5,-4,-4,,
-46,-11,-11,-67,0,-5,-3,-10,,
23,19,-79,72,9,5,0,5,,
2,-25,1,78,25,3,3,-9,,
17,13,10,4,-8,-3,-1,20,,
-3,-11,-60,12,-10,-5,-10,0,,
-105,-11,29,-61,-12,2,7,5,,
17,-6,-15,22,12,3,1,-52,,
46,40,85,11,-16,-3,6,36,,
34,-52,-80,-77,-26,-13,-9,-28,,
61,5,-20,-13,3,4,6,50,,
-2,7,-51,-65,-6,-6,-16,-94,,
10,-8,45,60,20,16,26,90,,
27,27,11,-96,-17,-3,2,8,,
2,-10,19,-8,-3,-12,-11,-18,,
7,7,-42,15,9,3,13,33,,
37,-1,38,-24,7,20,-10,18,,
2,22,4,64,14,0,10,-6,,
-8,-25,-66,-59,-20,-12,-4,-12,,
-60,24,31,-17,1,1,-2,18,,
-32,11,-34,-30,-1,-8,-6,-58,,
7,16,118,72,14,6,7,37,,
20,-3,-17,21,15,10,-5,-37,,
27,7,5,36,19,9,8,42,,
-35,-27,-79,-33,-21,-15,-10,-6,,
-56,-25,-70,-67,-18,3,-7,-49,,
-37,8,34,4,0,0,15,-5,,
-25,12,-10,22,18,8,-2,24,,
-10,0,80,29,11,-2,-1,-17,,
-3,0,-22,-11,-6,2,6,20,,
-18,-7,-22,-4,4,5,4,-2,,
6,3,29,-11,-6,-1,-6,23,,
-18,-20,-62,-50,-10,-2,0,-4,,
5,-3,-4,-67,-20,-3,-2,-14,,
36,2,91,127,21,0,-8,-18,,
-17,23,13,-77,-5,9,10,38,,
-25,-18,-54,56,-19,-18,-13,-42,,
-14,-2,95,-72,2,-4,0,24,,
30,3,-41,72,2,4,2,6,,
39,-26,-14,17,-10,-18,-5,-4,,
10,20,50,11,16,20,9,23,,
82,3,-28,-17,-4,-1,-3,12,,
22,38,70,82,20,6,-6,7,,
-25,0,73,-13,-21,-12,2,-79,,
8,-5,35,-45,5,7,19,54,,
-7,-23,-65,124,8,-8,-8,-12,,
-33,0,-49,-58,-13,0,1,21,,
-14,-5,26,68,0,8,5,4,,
8,-49,-64,14,10,-1,-5,-25,,
-34,2,-40,-23,2,0,-4,12,,
-32,-13,39,15,1,-4,2,0,,
14,-2,0,71,10,-6,-3,12,,
-10,15,46,-10,-14,3,-7,-26,,
-41,10,59,0,-4,6,1,2,,
-4,16,56,-2,10,2,-7,-82,,
60,-25,39,6,5,1,14,63,,
-37,25,-1,15,5,4,3,-13,,
40,-10,43,91,15,-5,-11,-20,,
-50,6,-77,-86,-5,8,6,10,,
-13,10,73,16,-2,-4,0,0,,
-30,-2,-52,-32,-6,-5,-11,-23,,
0,-8,23,-12,4,0,-2,-14,,
26,-2,-34,-15,-6,-3,10,47,,
37,-4,32,-25,-4,-2,-13,-12,,
-27,-18,-53,13,-10,-12,0,-5,,
1,11,-8,-77,-8,9,10,21,,
18,6,28,78,14,-6,-8,-5,,
-6,-27,-128,-66,-29,-4,-5,7,,
-6,-1,4,-88,2,-1,4,13,,
25,13,1,120,25,3,-1,-18,,
-10,-28,-7,-128,-30,1,1,15,,
-19,-7,-76,91,13,-7,-7,8,,
-1,5,3,-2,-5,-6,-4,-23,,
-9,-10,7,27,5,-3,-9,-9,,
-18,-17,-90,-23,-11,-6,7,35,,
-29,-4,30,-94,-11,4,-1,-17,,Training Set 3
11,-12,-19,71,5,4,10,2,,
9,22,38,5,1,-7,0,-2,,
-34,-10,-51,38,14,4,-3,-12,,
-31,-14,67,-42,-15,-6,-6,-1,,
-22,3,-36,-6,-5,-4,-8,-9,,
-23,3,46,-107,-24,-15,-3,0,,
-59,-39,-21,21,5,14,-5,-20,,
-20,-9,-18,55,8,-6,0,-10,,
23,2,-43,11,-20,-8,-3,2,,
39,14,51,23,1,7,4,23,,
-21,10,39,27,-4,-14,-6,-21,,
-14,-8,-53,-46,-9,4,6,4,,
13,22,68,9,11,6,-2,13,,
8,-21,-9,55,-6,-3,2,-12,,
37,-6,-41,-36,4,4,5,32,,
-4,5,27,57,9,4,2,2,,
6,2,-39,-16,-7,-9,0,-12,,
12,4,-88,-90,-12,9,1,-3,,
34,3,22,31,8,-3,2,-1,,
-4,-1,26,35,2,4,0,5,,
-25,15,1,-39,8,1,-5,-5,,
24,-13,-23,-24,-3,-14,1,5,,
-13,-6,-43,-53,-10,11,2,-12,,
22,32,-15,22,-5,-1,6,26,,
17,-18,-52,-2,-2,-16,-7,-2,,
-16,-10,82,42,22,16,6,19,,
-8,17,9,47,-4,-8,-6,-6,,
14,4,81,-6,-10,-1,8,10,,
-37,-13,-39,20,3,2,-13,-42,,
29,24,7,-12,1,3,6,37,,
-25,0,49,24,0,0,2,14,,
-23,-17,-40,1,12,1,-3,-13,,
43,-10,19,-24,-9,-4,5,-6,,
14,11,-37,-65,-16,-1,-12,-17,,
-9,-4,28,-30,0,-3,6,2,,
-12,-15,-69,61,21,4,1,-4,,
-1,2,23,-95,-24,-1,-1,12,,
-6,-2,12,66,9,-9,-6,-9,,
33,-9,-19,-57,-30,-1,-3,-8,,
-40,1,51,22,8,-4,-3,-8,,
23,-4,5,28,10,0,-6,-26,,
13,-8,-11,-31,-17,-9,-3,0,,
-8,13,39,28,8,4,2,6,,
-8,2,-6,-47,-17,-5,-5,-1,,
8,6,-16,-16,-7,4,4,11,,
-14,6,20,57,24,8,3,-1,,
-4,-11,26,-69,-16,-14,-6,-22,,
-3,-4,-39,42,-15,-5,-12,-9,,
-1,8,29,49,11,5,16,32,,
-58,-12,4,-42,-7,-3,-19,-47,,
22,11,-3,-36,12,-4,10,21,,
-1,-17,-24,19,-16,7,0,-3,,
45,-10,-44,-50,7,1,3,16,,
-7,4,-30,13,9,7,3,11,,
-15,11,26,70,-7,-12,-2,-5,,
39,1,0,-1,-1,-14,-12,-4,,
-24,-12,-13,26,-4,-1,-2,-1,,
-6,17,31,-7,0,7,1,-17,,
73,-5,-48,70,18,5,4,17,,
13,9,-6,-45,-3,2,5,12,,
-33,15,53,61,8,-2,-6,-11,,
32,-2,34,64,8,3,-2,-6,,
-30,-16,-22,-31,-24,-13,-7,-8,,
-38,-9,-40,-113,-16,-6,-2,7,,
-16,8,10,67,6,2,1,-15,,
-13,-27,-45,-24,-9,1,4,11,,
2,13,23,-32,-2,-16,-12,-20,,
0,0,0,22,20,24,8,-5,,
-1,4,-2,-16,-2,1,3,13,,
-31,-11,13,-30,-4,-1,-6,-34,,
-37,4,37,68,13,6,5,40,,
-49,-19,-23,-43,-16,-14,-8,-22,,
-9,-12,-32,-38,-4,-1,-4,-4,,
22,14,42,48,14,6,8,15,,
50,-13,19,34,7,8,0,-2,,
44,16,5,58,-2,-6,-4,-1,,
-27,4,20,34,5,-1,0,10,,
16,-13,28,-37,-25,-7,5,11,,
-40,-17,-98,35,-13,-6,-12,-29,,
50,21,68,85,25,3,3,33,,
8,-13,-44,-29,-12,-15,-8,-2,,
15,10,7,-57,8,15,2,7,,
46,14,9,18,-4,7,7,-5,,
1,-4,-13,-4,0,-2,-4,-5,,
6,-2,31,38,16,1,-6,-24,,
2,7,-29,-17,-19,-9,6,37,,
-11,-20,15,26,-3,3,6,3,,
-31,3,24,-18,-11,-16,-8,-24,,
-3,-29,-44,-62,-7,-5,-11,12,,
13,23,81,-7,4,15,16,-3,,
3,15,15,-20,3,3,-1,11,,
-18,3,-43,-64,-17,-8,-5,-5,,
-28,-5,50,12,3,-2,-11,-31,,
39,0,-45,-49,-20,-14,-14,-20,,
-20,0,-44,14,10,2,3,5,,
6,13,62,-11,14,5,4,17,,
-31,-24,-24,-58,-12,11,0,-27,,
14,-28,-96,33,-11,-12,3,12,,
-29,-14,-65,-67,4,6,-2,1,,
-14,3,55,18,3,-5,-2,3,,
-13,29,65,26,11,1,1,13,,
3,-10,-67,-16,-8,1,3,14,,
7,5,19,46,0,-12,-9,-7,,
3,-10,-27,-26,4,7,8,-2,,
16,15,-7,-71,-21,1,4,30,,
-25,-1,13,-62,8,-1,-7,-9,,
11,9,39,-1,-14,-7,-4,-9,,
-17,-10,-38,-21,-3,-1,-5,-36,,
38,-1,65,58,15,1,12,32,,
-12,-7,27,56,-12,-8,-7,-10,,
-36,-9,12,-55,10,8,-2,-11,,
-20,-6,-6,-47,-10,6,10,-3,,
4,1,-15,51,-2,-6,-1,-12,,
-3,5,-25,63,20,12,16,12,,
5,18,65,-60,-5,-9,-7,2,,
31,30,0,61,-6,-6,-9,-12,,
-5,-12,-18,-40,-15,6,14,-1,,
8,15,48,-47,0,-10,-2,4,,
10,8,77,114,3,-1,-2,-10,,
-36,-33,-99,-36,18,8,2,2,,
93,18,7,10,9,-2,1,6,,
19,4,24,-48,-19,-7,-7,-9,,
18,2,-56,-70,-4,3,6,18,,
-6,1,48,52,-1,-1,-2,17,,
-25,-13,-78,35,4,3,-2,-14,,
-1,-21,-23,-14,5,-7,-9,-1,,
21,24,-27,-50,-4,-9,1,29,,
9,-22,-8,67,-6,11,0,3,,
-59,3,-6,-2,1,0,6,-5,,
-25,12,33,52,16,3,-6,-18,,
-10,-8,-11,7,-12,1,-6,1,,
70,30,-16,-27,6,-4,8,18,,
-22,-12,54,37,2,0,-5,8,,
5,-2,15,-9,-9,-4,-3,0,,
-23,-10,-6,-28,14,7,2,-8,,
21,-4,-14,-63,-9,0,-2,-2,,
2,7,-10,-30,1,3,-3,-9,,
-10,3,1,77,3,-4,-2,-11,,
-2,0,26,3,7,5,2,6,,
-44,0,70,-26,-15,-5,-2,-8,,
-1,-17,-67,21,3,-5,2,-7,,
0,17,28,17,-4,-11,-8,-6,,
24,-11,-17,28,11,24,14,-5,,
2,10,-12,6,1,-3,0,-7,,
-8,-13,25,-3,-6,-8,-8,-6,,
21,3,24,47,9,0,0,-5,,
31,-5,-37,-37,-20,-3,-1,-4,,
11,1,16,-33,2,-4,1,23,,
-30,7,13,50,3,3,-1,6,,
-22,-8,-60,-19,0,5,-1,5,,
32,20,72,49,15,-1,1,4,,
-29,-18,19,65,-1,1,1,19,,
7,1,3,-47,0,-1,3,0,,
21,1,44,103,16,7,-2,-10,,
-29,4,-10,-48,-19,-4,1,19,,
-24,-10,-65,16,2,-2,-4,-12,,
22,4,-21,-6,-3,0,0,-18,,
-16,-16,-45,14,7,0,-1,-7,,
-1,0,27,-23,-6,6,-1,-12,,
-55,-7,52,-9,2,-6,-2,1,,
21,-3,-69,-46,-8,-6,-10,-20,,
-49,-3,72,42,0,5,4,13,,
10,-18,-71,42,10,-6,-1,-1,,
12,17,28,-36,-17,-3,-2,-16,,
2,4,16,90,9,-3,-6,14,,
-33,1,33,-50,-16,-6,-2,-17,,
-16,-4,-1,22,10,1,2,13,,
22,9,4,-50,9,5,1,-12,,
-46,-27,-19,-1,-12,-9,-11,-20,,
11,-2,-22,-2,0,2,8,29,,
-15,0,1,32,-1,-1,-7,-7,,
16,-6,4,3,3,-3,-5,2,,
31,21,82,7,-4,-2,4,11,,
6,-20,-104,-106,-4,10,1,2,,
-13,-6,10,81,5,-10,-7,-23,,
-8,6,-19,-71,-26,-6,0,7,,
19,-9,-8,8,1,4,1,7,,
-4,4,-21,10,0,4,-3,-15,,
-45,-10,8,-68,-5,-2,7,-2,,
26,-9,-23,32,9,0,-2,0,,
6,9,6,-4,-8,-9,1,1,,
-33,4,14,-27,-3,-3,-1,-2,,
-45,-10,-13,-14,0,0,-10,-4,,
15,-1,48,43,-3,-2,7,-9,,
-30,6,-2,-45,3,5,2,-4,,
-8,-1,-7,13,3,-4,2,4,,
21,10,-15,27,6,-4,-2,8,,
-14,-23,-21,-54,-15,0,-4,-10,,
9,9,8,20,1,1,-3,11,,
24,4,56,37,2,-4,0,-5,,
-2,-3,-81,-38,-1,-11,-2,4,,
-17,1,6,-3,3,14,0,-4,,
69,15,13,5,12,10,13,2,,
0,-8,-36,-77,-20,-9,-9,30,,
32,3,33,-24,-12,-3,1,-10,,
-6,-17,-23,56,9,-9,-11,2,,
-34,-6,0,-58,-16,-1,-4,-16,,
41,3,22,52,22,4,12,11,,
57,14,-25,27,19,6,3,-16,,
13,-10,-29,-22,-6,2,2,34,,Training Set 4
0,-13,-17,70,-11,-4,-6,1,,
-36,-15,-35,-14,-10,-2,-7,-6,,
50,11,-12,-8,-6,-12,-6,-10,,
-51,-7,51,74,15,10,10,3,,
-2,-19,-78,-98,-7,-9,-32,-1,,
16,8,50,127,8,-4,20,-7,,
35,15,55,-128,-8,-3,-13,-1,,
17,26,61,81,19,8,35,10,,
-9,-3,-21,-113,-39,-2,-12,-13,,
-72,-13,12,23,16,-7,-2,-11,,
-42,-22,-31,-8,-3,4,-16,-3,,
1,1,3,7,3,-6,5,6,,
-18,0,52,19,19,-1,7,4,,
8,-2,31,28,3,9,4,8,,
16,13,-14,-41,-2,6,18,12,,
-23,-2,-37,4,0,-3,-18,-14,,
51,-5,5,45,-6,-7,3,10,,
2,-1,42,-24,-11,-6,-6,-10,,
-37,-11,-33,-36,-2,2,-1,-12,,
7,10,50,25,-3,1,-6,12,,
0,5,-14,41,16,2,5,1,,
10,-17,-23,-4,-5,-5,-14,-12,,
-39,-4,17,75,5,-14,3,5,,
46,8,12,-88,-4,19,-9,-4,,
-8,1,-81,54,7,4,17,5,,
9,-7,11,15,5,-3,-11,23,,
50,1,-11,-14,-4,3,9,-6,,
-5,-23,-38,2,-2,-12,-18,-21,,
-42,-2,39,-30,-17,-8,2,2,,
20,17,-73,-30,13,11,1,-2,,
44,18,49,70,14,3,8,5,,
-33,-5,-15,-41,-23,-20,-30,-27,,
52,2,86,26,5,11,8,-6,,
-3,4,-42,-32,-7,-5,8,3,,
-40,16,90,-5,5,5,2,3,,
-23,-29,-90,-6,1,-7,-4,-15,,
10,-3,2,-11,-6,6,-12,9,,
-51,4,41,-2,-7,-6,2,1,,
44,34,72,64,18,8,4,-6,,
-16,-9,-73,-67,-11,0,0,-1,,
-78,-24,-2,59,-9,-12,5,23,,
26,0,51,19,6,6,1,8,,
-56,-25,-102,-128,-42,-8,-9,-3,,
31,6,33,117,23,2,24,7,,
0,-7,-2,-93,-6,1,-10,-24,,
-11,17,17,-10,2,5,2,1,,
17,-25,4,45,8,-6,-13,-7,,
-8,0,-11,-33,-11,-1,7,8,,
15,3,-20,1,6,-12,-12,3,,
26,14,37,23,-1,17,12,-1,,
33,-12,15,-53,-9,-3,-19,12,,
48,22,80,58,9,3,19,-3,,
5,3,-40,-67,0,-2,3,6,,
-42,-3,-11,-22,-18,-18,-32,-26,,
32,18,61,99,29,15,34,23,,
-19,-14,-18,7,-3,3,-26,12,,
-36,-3,-7,126,6,-13,11,-21,,
-34,-2,-20,19,11,3,-10,3,,
0,-4,-56,-38,1,1,-8,-36,,
-70,-21,-46,-69,-3,3,1,-23,,
0,16,34,-57,1,2,-15,-1,,
-27,-4,-29,2,4,0,2,-20,,
-49,-13,-29,46,-6,-17,13,-14,,
11,-5,39,76,8,12,-11,12,,
-12,-18,-64,-3,-5,5,-7,-23,,
16,-11,67,-6,-14,-17,-17,11,,
13,17,-17,-19,6,9,18,10,,
-47,-22,13,-31,-21,-22,-26,-6,,
61,29,69,46,-5,7,36,12,,
33,0,27,48,23,7,-4,-23,,
-17,-7,-39,-79,-23,-5,0,35,,
15,17,23,-46,-5,2,6,4,,
-7,-4,30,33,11,-1,-19,-2,,
47,2,-31,11,-5,-5,7,6,,
-43,-20,-33,-19,-17,-2,-11,-45,,
46,9,0,-25,-5,-5,16,35,,
-3,-1,-27,-15,-1,3,-2,0,,
-42,-26,-52,-80,-12,-3,-2,-34,,
39,23,9,127,27,9,-3,30,,
-20,-20,-11,-25,-12,-6,17,14,,
19,-15,-40,2,-3,-2,-26,-47,,
41,13,25,17,-1,0,13,25,,
37,7,21,66,12,0,-2,-15,,
13,28,114,27,9,15,13,32,,
55,11,-63,-84,-3,0,3,23,,
5,-3,-34,-5,-5,-5,-5,22,,
12,-2,2,66,5,-6,-12,2,,
-22,17,10,-40,1,3,7,-20,,
-35,-25,43,63,8,-1,0,17,,
47,33,37,-1,-5,-2,-9,1,,
-9,-29,-40,-123,-29,-8,0,-6,,
-5,11,-1,-39,1,-6,4,-27,,
-8,-3,-1,-21,-8,7,-4,18,,
7,-26,-75,55,10,-1,-19,-19,,
-8,13,16,45,-3,-1,17,3,,
-14,-3,-33,-12,0,0,-11,-38,,
29,-8,-8,-26,-17,-17,-13,17,,
-9,20,39,-76,-11,1,16,8,,
-7,-4,33,47,1,-7,-24,-13,,
31,-11,-23,-39,1,14,11,35,,
-74,5,21,61,3,-2,-24,-37,,
-30,-10,-24,29,12,6,59,13,,
18,3,2,-118,-16,0,-13,-20,,
24,-5,44,77,6,-9,-2,2,,
-46,-2,37,7,13,3,-2,-6,,
-30,-6,-45,7,-5,-1,-14,2,,
-36,1,55,-27,-8,1,4,-15,,
0,-12,-2,88,5,-5,1,-7,,
7,20,11,-93,-2,6,1,-3,,
-7,-5,9,40,4,-7,-9,-10,,
-7,-3,-8,93,9,-2,7,16,,
18,0,17,10,-6,0,-16,-19,,
-8,-12,-57,46,-7,-7,18,29,,
38,7,21,-27,-6,-3,-3,8,,
25,-3,-27,-37,10,8,-1,5,,
17,-1,29,21,6,-12,-3,8,,
-21,2,18,88,7,3,-13,-33,,
0,-3,-19,-44,-7,5,8,19,,
-1,5,42,-66,-9,1,4,-25,,
-5,-24,-68,-26,-6,-6,-8,31,,
33,-5,7,24,-2,1,0,11,,
2,0,-12,-17,4,1,-20,-20,,
-47,-7,19,39,10,6,-1,15,,
-25,1,26,-87,-10,2,15,-22,,
27,21,10,-17,1,-9,-12,-5,,
15,-2,48,96,5,7,-7,-6,,
33,7,-36,-36,-8,-6,12,15,,
-4,15,49,8,-4,0,-12,-12,,
-47,-10,-33,-85,4,0,0,-9,,
-8,6,-3,83,11,1,5,2,,
12,-10,-33,-36,4,6,13,6,,
39,4,-76,-57,-26,-4,1,16,,
-1,-6,23,101,6,-2,-3,-20,,
-45,-7,-27,-25,-10,-6,2,-5,,
-2,-2,43,11,-11,1,-11,-1,,
26,11,11,-19,13,4,6,9,,
-15,-19,-12,-45,-18,-13,-10,-7,,
15,1,-29,-56,-3,-4,-5,-2,,
28,22,50,45,15,4,10,37,,
-6,-6,24,45,5,9,21,-1,,
-17,3,50,57,2,-7,0,-5,,
26,4,21,16,-9,0,11,17,,
8,23,3,43,5,-2,-12,5,,
-16,-13,-34,74,6,0,-6,-16,,
35,-10,12,-7,0,0,12,19,,
25,4,-2,-25,1,0,-7,-5,,
40,-8,-27,-110,-16,-12,-1,27,,
49,26,24,69,20,16,-8,12,,
25,4,-43,-68,-30,-8,-8,2,,
-24,2,8,12,9,4,3,5,,
-10,-25,-35,23,5,-4,-1,-16,,
-36,-8,36,23,1,-8,-6,-8,,
6,8,-25,-80,1,2,-4,-6,,
-45,-8,51,74,9,-4,13,-21,,
3,0,-64,15,0,8,7,0,,
-12,-17,-49,2,-9,-7,-5,-1,,
-53,-14,2,-40,-21,-5,-5,0,,
5,-12,6,0,4,-4,-3,-22,,
97,8,-21,40,13,2,14,54,,
-41,-7,-12,-42,4,3,-14,-22,,
28,12,7,-55,-14,-8,-4,-1,,
-12,-19,14,73,-2,4,-6,-12,,
-56,-18,6,-42,0,0,-11,-16,,
-5,23,16,25,2,3,5,17,,
-6,-8,-58,45,18,-1,10,0,,
-2,-14,-43,-46,-14,-4,-8,-3,,
44,-8,7,23,-1,0,-8,-16,,
-7,-17,-82,-39,-6,-6,12,25,,
37,34,55,39,16,9,10,-3,,
-46,-17,11,6,-9,-4,3,-14,,
-22,-6,-11,28,-4,-6,-16,1,,
26,6,12,-12,-1,-4,16,-6,,
35,2,9,-6,-2,4,0,11,,
39,0,-97,-128,-24,-5,-2,12,,
-22,12,61,23,-7,-8,-14,-39,,
-16,-7,29,20,7,2,-7,15,,
-33,-20,-42,-50,-21,0,7,7,,
-52,-13,26,69,18,-4,0,-7,,
-26,-25,-108,-33,-11,-1,-10,9,,
11,32,65,36,10,12,12,-14,,
21,-13,42,-33,-6,-3,5,6,,
28,20,0,-69,-9,-5,-4,13,,
-64,-7,22,107,14,-6,3,-32,,
24,15,-38,-1,9,5,-8,-16,,
-26,-1,-14,45,4,6,6,18,,
20,-14,5,-9,-7,-14,-9,2,,
-6,33,28,-44,5,11,8,-8,,
-4,-26,-20,34,-4,-3,1,9,,
-17,2,-27,42,10,2,-5,10,,
66,18,17,-19,-5,-1,8,11,,
18,16,27,46,13,2,6,11,,
42,-24,9,-7,-14,-6,-4,0,,
34,9,14,-24,-5,-6,-8,-13,,
-18,-15,33,91,22,13,9,27,,
-28,-9,27,-54,-14,-5,-18,-17,,
-45,-3,6,-49,-21,-20,-17,-4,,
46,-6,-21,34,14,19,25,-22,,
38,35,33,-27,-11,-4,-8,37,,
-3,1,26,-63,-6,-3,11,-6,,
-33,-40,-114,-66,-11,-6,-13,-23,,Training Set 5
46,17,-24,-73,-6,10,8,18,,
-3,-8,23,68,20,5,4,-7,,
71,27,-21,-15,-4,-8,5,32,,
-23,-16,24,-44,-10,4,-9,-22,,
-30,1,-17,34,7,2,0,-3,,
-45,-18,-46,-91,-10,-4,-5,-2,,
-32,0,-5,-32,-4,-4,0,0,,
-3,-22,-12,28,-4,-11,-5,6,,
-26,-17,-91,-71,-5,10,2,-9,,
3,4,27,97,0,-4,-3,1,,
37,12,7,-10,-11,5,-4,-4,,
32,-8,-4,-88,2,-2,1,17,,
-46,-9,-27,28,14,0,2,0,,
35,20,26,-30,-6,1,4,0,,
-35,-8,35,26,4,-1,-2,15,,
-15,-7,-83,-11,4,-1,-14,-20,,
16,-4,-19,5,-5,-3,12,10,,
-2,-4,-10,29,-12,0,-4,9,,
-28,-34,-23,61,2,-11,-12,-21,,
24,7,41,53,3,3,9,8,,
41,16,-2,-63,-24,-4,5,2,,
-6,-5,-4,79,15,3,-2,-12,,
-7,-2,-92,-30,-13,-16,4,7,,
-7,-6,-13,25,-2,15,2,-9,,
-63,-2,78,83,30,4,0,-18,,
-1,1,20,-86,-18,7,6,12,,
-3,-9,-36,47,3,-5,-5,-15,,
71,13,4,-44,-7,-6,6,1,,
21,12,18,-59,-5,-2,-5,8,,
19,-8,9,52,11,4,2,11,,
-14,16,0,-11,6,5,-1,-12,,
-34,-5,4,-15,-4,-7,-7,-15,,
29,-2,18,3,-22,-3,-8,-7,,
13,-7,-18,-19,3,-5,-4,25,,
12,-10,37,18,-18,-6,-5,-27,,
-11,17,-8,10,-3,-2,3,20,,
-48,-8,-6,3,7,1,-13,-16,,
-54,-20,-37,-100,-29,-25,8,-11,,
8,-10,-42,-10,13,31,8,-1,,
14,-19,-14,-71,-14,-12,-8,-2,,
-10,11,24,-39,17,-3,-9,-14,,
14,-24,-21,63,-1,7,11,24,,
20,9,58,8,12,-3,-2,14,,
-43,5,53,53,2,6,10,4,,
34,0,-22,24,13,7,3,9,,
30,3,-49,-47,2,7,9,-13,,
-21,18,105,-4,3,-8,-1,-2,,
54,3,3,-30,-3,2,-5,10,,
-25,16,74,94,5,-5,-2,28,,
2,-3,-64,35,12,2,-5,4,,
-12,13,38,108,23,10,3,-4,,
-43,-3,-57,-50,-23,-29,-13,-13,,
31,-4,-14,-105,-28,19,10,-28,,
-23,4,75,75,21,-1,0,-6,,
-2,6,-20,-77,0,-6,-7,12,,
8,-4,45,64,12,0,-2,-22,,
-30,1,7,-32,-5,-5,-3,-8,,
38,-23,-70,-18,-23,-4,-8,1,,
-50,-14,1,-15,-11,-11,4,-12,,
-22,1,24,57,33,17,-7,0,,
8,-15,-46,-69,-24,-7,11,9,,
-5,8,35,67,7,1,-5,-8,,
26,-6,-11,43,7,3,5,32,,
17,-3,-47,-98,-37,-11,-6,-23,,
10,0,-25,1,6,-1,7,30,,
81,27,76,-20,-2,0,-4,-16,,
-6,-23,-45,39,7,15,6,17,,
-51,-16,14,-20,-11,-3,0,-17,,
37,20,42,81,24,2,-1,21,,
-23,-4,-61,-115,-36,-17,-13,-10,,
4,-5,50,-10,-12,-7,-5,-9,,
-6,-7,-65,-5,2,14,12,19,,
5,20,97,86,14,-2,-1,-18,,
-40,0,-48,-20,-5,-5,-7,1,,
-26,2,-1,62,12,2,2,-3,,
39,1,-29,-29,-19,-8,1,6,,
-27,-21,-9,40,-5,-10,-14,-10,,
2,7,91,51,21,14,15,11,,
-27,3,-16,-42,-7,-5,-7,-9,,
47,16,26,7,4,-7,3,18,,
22,5,-26,23,8,6,-7,5,,
11,17,37,7,15,17,6,0,,
2,-20,-61,-77,-8,-10,-3,-7,,
-25,-8,-29,-96,-17,-1,-2,2,,
20,13,-53,-6,6,2,5,3,,
-61,-9,13,63,13,-3,-2,2,,
-7,6,38,7,3,-1,-4,-23,,
-5,-18,-26,20,-1,3,0,-8,,
-20,-4,-25,20,2,3,5,21,,
44,19,-21,-23,1,-1,-2,-4,,
10,7,-29,-23,-8,2,-1,-1,,
-18,-20,16,92,22,4,3,-15,,
-25,12,69,18,-3,2,8,31,,
5,-10,-87,-128,-28,-3,-9,-7,,
-5,-15,-21,105,-2,-20,5,5,,
-1,27,8,22,1,8,-2,19,,
-8,-12,-22,-10,5,12,3,-25,,
22,-3,62,36,15,-5,4,27,,
-23,21,-21,-45,-3,5,-4,-9,,
-28,-11,22,54,-1,-6,-5,-13,,
42,-4,-50,-92,-15,-8,7,14,,
-7,7,43,89,5,-1,-2,-5,,
3,-14,-47,-84,-25,-5,-5,-26,,
-8,-2,-17,18,8,1,-7,10,,
13,13,39,65,1,0,2,4,,
-30,-8,-1,17,7,0,1,-13,,
25,6,62,26,17,8,0,-19,,
-33,-8,-64,-10,-6,-4,-2,22,,
46,-2,-6,16,-4,-3,2,-10,,
-11,23,92,-26,11,4,3,-8,,
14,-18,-62,-13,-18,-6,-9,4,,
-20,9,48,9,3,15,7,-15,,
-24,-26,-13,-41,2,-3,0,-7,,
16,8,-15,29,-3,-2,1,12,,
6,6,3,-17,11,3,3,16,,
10,8,-33,-6,-9,-14,-4,-6,,
-68,-26,-15,-81,-21,-3,-9,-15,,
29,-10,-2,-9,7,2,0,-1,,
5,4,41,50,0,1,-1,-1,,
42,0,-57,-81,-7,2,6,10,,
4,11,46,27,4,-8,-3,-8,,
-7,-12,-62,-38,-11,1,-2,-4,,
24,-16,-5,67,3,-6,-5,-4,,
-23,9,113,22,-4,-19,-14,-30,,
-52,-19,-59,-4,0,18,6,6,,
29,13,28,-33,5,5,4,6,,
25,9,13,-27,-12,-4,2,6,,
-43,1,88,27,-2,-7,-8,-9,,
13,9,-58,8,2,-9,-7,-15,,
-20,-30,-37,-45,-8,0,-2,-3,,
-19,10,5,-60,0,4,5,11,,
-13,-7,-59,-1,-10,-4,-2,26,,
0,4,27,56,1,-3,-6,-15,,
-44,8,64,60,1,-3,-3,-9,,
-14,12,4,47,12,3,6,2,,
4,-3,3,-9,4,5,2,-8,,
-6,-4,-12,-29,-15,-17,-6,-18,,
-23,-10,-20,42,1,5,-9,-33,,
-24,-7,-13,-49,-10,-4,2,11,,
0,9,34,12,19,17,12,12,,
29,1,-65,45,6,-9,-10,-5,,
44,3,1,-98,-26,-11,-2,1,,
-22,-2,-5,79,8,-1,-5,-19,,
-13,-22,-5,-61,-16,4,3,0,,
79,48,127,34,11,-6,-10,5,,
-16,-14,-73,46,3,-6,4,12,,
-11,-18,-13,-22,-9,6,0,0,,
12,2,3,-8,10,0,0,-3,,
-45,-23,19,-73,-12,-2,-4,0,,
15,20,3,61,5,2,6,31,,
13,11,46,13,23,-4,1,6,,
1,-21,-31,-48,-13,8,-7,-13,,
-12,-6,16,54,9,3,2,-18,,
38,11,-6,27,2,5,3,10,,
-46,-19,2,-33,-17,-7,-3,-4,,
61,28,59,54,12,-1,8,18,,
-37,-13,-9,-30,-8,-7,-9,-2,,
-10,-15,19,-12,6,4,5,-17,,
10,16,36,51,5,4,4,8,,
29,-2,-18,99,6,-1,7,-16,,
12,-8,-55,-82,-25,-3,1,47,,
-3,-22,5,-23,-5,-8,-12,-14,,
-3,8,-18,16,3,2,3,-15,,
-16,-5,6,-25,1,-1,2,7,,
-24,0,-28,-18,-2,-4,1,-17,,
12,7,17,-6,-9,-5,-4,16,,
28,7,6,-19,12,14,1,6,,
42,10,11,-43,-15,-6,-5,0,,
12,-7,-16,68,14,0,3,-3,,
-28,-1,6,-38,-10,-8,-5,-3,,
0,2,23,11,5,6,3,-3,,
2,2,-38,-56,-11,-4,-8,-3,,
34,6,25,22,1,-1,0,4,,
-27,-8,-17,-17,0,-1,-5,-44,,
23,-3,-24,0,-13,-8,1,38,,
5,-5,14,73,17,1,1,16,,
-8,1,-40,65,11,7,-4,-9,,
-11,-12,2,-19,-15,-9,-1,0,,
15,2,12,17,10,1,-1,-6,,
-37,-12,-13,-50,-9,-9,-5,-3,,
-32,-4,2,-8,1,-4,3,-3,,
6,15,28,74,21,24,2,2,,
-58,-11,-36,-15,-8,-7,1,-16,,
-24,-5,-35,-31,-5,3,2,-3,,
-19,-10,3,-69,-15,-9,-4,-11,,
-24,-9,-12,53,9,-3,-3,-2,,
19,9,-19,-103,-13,1,1,2,,
-27,-13,5,37,2,-6,-11,-20,,
15,10,4,-36,-9,5,12,-1,,
54,16,-41,-76,-10,-4,-3,-1,,
-12,-19,-12,-103,-9,-3,0,-16,,
-18,8,32,106,11,0,-6,-15,,
12,-4,-4,-53,11,8,6,-34,,
15,-5,28,26,-21,-10,-1,39,,
12,10,42,57,9,-1,-1,-1,,
12,13,-20,-55,-4,-2,1,2,,
31,2,34,56,14,10,-4,2,,
7,22,9,-2,6,12,10,8,,
-1,-41,-85,-73,-15,-4,-4,28,,
41,10,37,58,13,-2,1,22,,Training Set 6
49,19,85,77,8,-5,3,-10,,
-50,-3,-28,56,9,11,-1,-7,,
26,-5,40,89,13,-4,3,32,,
-31,-2,60,-11,-12,-8,-10,-4,,
-4,-27,-103,-93,-12,-1,1,-11,,
-22,-2,26,-18,3,7,-1,5,,
49,-19,-10,82,-6,-7,0,-32,,
-9,-19,-10,-33,-21,0,-4,35,,
-7,22,66,60,8,-1,-19,16,,
4,9,2,58,20,3,31,11,,
-83,-17,-74,-128,-38,-11,-21,-3,,
-24,-10,-6,69,11,1,9,-18,,
-7,-3,-7,-16,-6,-17,-10,-17,,
-62,-10,15,41,-1,15,-7,-10,,
36,-3,-65,7,-1,5,4,-12,,
14,1,31,17,7,-2,3,-16,,
-59,14,-50,-17,10,4,13,21,,
70,0,39,52,-1,-12,-10,-14,,
-4,26,75,-45,-4,15,8,-4,,
-13,-15,-37,37,9,0,-6,-2,,
2,-9,4,-20,-9,3,4,-4,,
-39,1,-3,9,-6,-11,-9,-4,,
90,7,-7,-93,-2,-2,1,-2,,
-1,0,-7,103,31,11,-4,0,,
9,0,-14,-21,-27,-8,-3,8,,
1,-1,56,36,-1,-5,-3,9,,
-1,-15,59,74,3,-2,-1,1,,
-63,-18,-80,6,2,6,2,-8,,
52,8,-28,16,15,10,3,-16,,
-13,0,67,-46,-10,-12,-7,-6,,
-26,-39,-93,50,-4,-11,-23,3,,
-11,6,-3,-128,-21,11,34,3,,
-22,-1,8,72,11,-5,1,-2,,
8,-3,-80,-48,-3,6,3,0,,
-40,7,94,26,2,-8,-7,-8,,
19,-1,-38,-90,-21,-6,-21,-31,,
6,-9,-51,-7,2,2,15,-5,,
-35,-16,-47,-45,-8,-5,-5,34,,
-26,-4,11,-54,2,8,3,-19,,
66,11,10,-1,13,-1,0,20,,
26,5,-7,44,-4,-4,-11,-6,,
4,16,6,-20,1,8,-4,-26,,
41,-2,-57,20,-1,-4,16,15,,
-45,12,91,19,-5,-2,-8,1,,
3,-3,46,41,11,-1,-3,-1,,
-4,-4,-18,1,-4,-10,5,-15,,
49,21,58,20,22,23,2,9,,
21,-2,-40,-83,-20,-12,-5,3,,
-46,-30,-57,48,-10,-9,-5,-16,,
42,-14,1,13,-14,-4,-6,10,,
44,15,30,51,9,0,7,19,,
-29,-13,-56,-47,-8,-9,-4,-12,,
55,12,114,-33,12,12,-1,-1,,
-11,-14,-39,-51,-11,-7,-7,-1,,
-27,-3,-19,73,17,5,3,-16,,
-18,18,47,66,25,9,8,-1,,
-3,0,20,-18,-7,-4,0,7,,
-24,6,30,20,-6,-8,-4,-5,,
14,16,-53,-67,-4,4,0,0,,
0,-29,51,56,-3,-9,-7,1,,
-42,10,47,21,21,1,6,1,,
58,14,-20,-95,-10,12,5,9,,
-44,-3,-18,78,10,0,1,-22,,
44,15,59,48,14,12,10,35,,
33,-9,-120,-116,-20,-4,-1,16,,
-45,-21,38,24,-16,-16,-27,-20,,
12,6,9,8,4,-5,15,0,,
-1,15,13,18,4,11,1,-8,,
4,6,3,10,-2,-5,-6,-1,,
7,-3,-58,-10,11,2,-1,8,,
-15,-21,-27,-8,-15,-11,-17,-18,,
-33,13,68,-43,8,-2,-2,-16,,
-21,-8,-49,33,-24,-9,-9,-4,,
-6,20,82,13,6,1,13,8,,
-6,-11,42,3,10,2,-5,1,,
5,11,-2,-59,-17,1,9,14,,
-62,-19,62,106,12,-7,-14,-16,,
16,19,2,66,24,16,7,-32,,
17,-7,-19,-75,-15,7,9,18,,
-18,-10,-3,36,-3,-6,-8,40,,
19,-1,-88,-61,-10,-5,9,-4,,
16,1,-7,14,-4,-7,5,-6,,
-33,-2,60,-23,-8,-5,-25,-23,,
9,-27,-110,-29,-15,-8,-4,3,,
-3,13,24,21,8,14,15,10,,
23,-14,-69,1,0,-6,-1,15,,
-32,7,37,-53,10,8,6,-5,,
-27,10,63,83,-23,-19,-19,-27,,
18,-10,10,-64,4,1,3,18,,
-34,14,45,67,15,11,3,-20,,
66,-5,16,16,-17,-18,-5,30,,
-4,15,38,78,24,5,4,-4,,
28,2,6,27,-18,-12,-4,2,,
-27,-9,-60,-26,13,19,0,-4,,
-42,-26,67,17,-16,-16,-6,-25,,
10,-2,-50,-12,-2,2,5,0,,
47,18,23,-9,6,0,1,2,,
36,-19,30,20,-5,-10,-6,18,,
-68,-3,-48,-13,-4,0,-8,-19,,
62,-7,-33,11,-1,-4,1,4,,
-35,-8,-6,-73,-8,4,3,-23,,
-28,8,69,-2,-2,-2,2,7,,
-6,0,-76,16,9,4,1,13,,
-10,-23,0,-58,-17,-9,-9,-25,,
-11,4,3,30,22,16,4,8,,
-26,-16,24,55,5,-10,-9,-27,,
1,-6,-91,-24,-18,-21,0,34,,
-14,8,16,49,10,17,-5,-33,,
42,5,47,-29,-1,4,-2,-5,,
-18,3,-47,10,-16,-8,12,-8,,
55,27,-21,-62,12,11,9,22,,
64,1,30,-15,0,-4,1,24,,
-34,-2,-1,73,13,7,3,-6,,
46,14,30,31,-4,0,-3,-3,,
21,32,11,44,10,1,-3,0,,
-15,-21,-31,-80,-34,-10,-3,0,,
24,8,-3,38,3,-4,-6,9,,
6,-2,26,-45,1,-1,-1,11,,
3,9,104,107,15,6,-1,-24,,
-2,7,-49,-40,-6,-5,-7,3,,
-49,-17,46,43,-7,-27,-24,-33,,
35,-5,-106,-59,-13,13,22,44,,
48,5,62,-3,4,14,3,-10,,
-18,-10,-39,-54,-3,-6,-5,-6,,
-34,-14,-20,-72,-18,-1,8,6,,
-32,10,80,93,16,-6,-18,-23,,
8,0,-34,-39,-2,3,8,22,,
-18,-13,0,123,15,1,0,1,,
19,4,-50,-117,-1,1,-2,8,,
5,-10,-55,-5,-17,-8,-8,-20,,
8,8,41,98,12,2,-1,9,,
-37,12,28,-79,-6,-3,8,3,,
53,5,-5,8,-1,7,-6,-2,,
48,-7,-31,-11,4,1,6,10,,
-48,0,12,-33,-21,-3,-3,-14,,
48,-9,-41,127,37,-1,1,4,,
-3,2,-20,-35,-19,2,1,-12,,
15,-11,38,-2,8,-12,-15,-9,,
14,-10,-116,-75,-10,14,8,10,,
11,9,-23,-45,3,5,5,12,,
4,-11,34,35,9,0,9,9,,
-19,-1,75,4,-1,-8,-14,-17,,
-31,3,16,21,19,-5,-2,-4,,
-23,-19,12,-6,-20,-5,-2,3,,
-18,-18,-77,17,10,4,0,0,,
12,20,27,-63,-5,9,13,17,,
13,-20,-28,-7,-10,-10,-8,-33,,
-7,4,-71,-79,-14,4,-2,-4,,
-38,18,93,-4,1,-9,-6,-16,,
-43,-13,-12,12,3,5,4,34,,
-13,-13,21,-17,-4,7,12,-7,,
19,7,12,92,12,-8,-8,1,,
50,11,34,13,-3,6,2,6,,
-9,17,14,66,10,4,-4,-20,,
13,-8,-27,-74,0,-3,6,-4,,
-31,-7,76,18,-4,0,-3,10,,
38,5,13,31,1,-6,2,-34,,
-15,10,17,55,10,7,6,28,,
11,-14,-13,98,10,1,-7,-11,,
-18,7,44,-82,-18,-4,-2,-20,,
-24,2,-20,70,-4,-8,-9,1,,
-19,-2,-34,-72,-3,2,1,-16,,
-65,-9,38,23,0,-4,0,-7,,
-24,0,10,-97,-4,-9,-11,-6,,
30,2,-19,25,-8,8,8,31,,
7,20,92,85,24,4,3,2,,
-36,-40,-64,-105,-19,-14,-6,-11,,
-5,34,24,28,21,13,5,4,,
-48,-20,-16,-52,-7,-4,-5,-5,,
-36,-15,-67,-4,-13,-14,-3,-13,,
78,4,4,-66,-24,3,-6,8,,
-30,-13,7,111,3,4,5,-13,,
8,8,12,-28,7,5,11,33,,
15,0,-27,-17,1,6,0,-18,,
-4,0,10,-22,-10,-16,-10,39,,
57,0,24,68,10,1,-2,-13,,
-11,12,64,-29,-7,3,-3,1,,
-66,-46,3,-2,-20,-14,-16,-24,,
9,15,14,93,17,2,8,-2,,
39,-13,-50,-29,4,3,0,16,,
19,0,0,-54,-12,0,5,10,,
-11,-14,-65,-19,-6,-1,3,16,,
40,17,27,105,22,1,-7,0,,
2,7,-22,12,8,1,8,-4,,
-32,-13,-85,-121,-17,-20,-14,-5,,
-12,3,17,44,-20,3,-7,-4,,
9,8,7,-16,5,15,7,-4,,
-9,4,22,76,12,-3,4,17,,
21,6,-23,-26,15,8,2,1,,
41,-1,-26,-48,-14,-11,-1,1,,
29,-5,-45,-71,-30,-17,-9,-5,,
26,2,-34,-43,-7,6,0,-5,,
-27,-1,35,3,10,2,0,-11,,
18,6,-12,-48,9,13,5,7,,
57,6,-33,-31,2,-6,1,-3,,
3,-30,-3,-27,-8,-9,-4,7,,
-25,18,50,65,4,2,2,11,,
41,-8,-4,41,11,-1,5,-37,,
-36,-3,-23,-60,-20,-3,-1,31,,
-7,24,106,6,3,2,-2,-9,,Training Set 7
