10,-7,-47,-30,-25,-6,1,21,,
-2,2,-2,13,10,12,11,-4,,
-9,7,16,-40,1,-5,-5,7,,
-24,-14,15,31,-3,-9,-7,-15,,
6,-1,-35,-12,-1,-6,-2,-34,,
-2,-4,-18,-37,-8,-4,2,31,,
-1,-7,-16,-40,-24,-4,-6,-8,,
-6,-2,60,85,24,1,-8,0,,
-12,-6,-20,-52,-12,1,-1,-20,,
-6,-17,-13,95,18,-9,-4,16,,
2,3,-26,38,1,9,9,23,,
-3,4,-31,-111,-21,-2,3,-3,,
1,-2,28,29,-6,-12,-13,-5,,
-11,4,-9,-13,-10,-8,-6,-32,,
5,-3,41,59,34,15,6,23,,
-18,5,-43,0,3,2,3,3,,
7,3,10,41,9,2,0,-2,,
5,7,10,-30,-4,-5,2,-15,,
4,-5,16,-57,-19,-4,-5,37,,
10,2,4,13,-4,5,12,-3,,
-16,-4,0,34,16,-3,-14,-19,,
9,2,9,24,-1,0,1,2,,
-1,-3,21,15,-4,-14,-11,-20,,
5,9,1,-13,1,6,-4,-4,,
15,-8,-32,-45,-15,-6,-2,-8,,
-41,-10,16,19,7,6,7,31,,
15,3,-26,-28,-23,-9,-1,-18,,
1,8,27,1,35,4,-1,4,,
4,0,31,42,5,0,-2,-2,,
16,-4,-29,-61,-7,8,5,-2,,
-9,0,36,51,0,-8,-2,-20,,
-7,-18,-69,-13,-15,-8,-12,-8,,
-2,9,11,-29,10,1,0,-16,,
12,11,14,49,0,4,14,24,,
-12,4,5,-35,-7,-9,-12,-5,,
7,-11,7,50,-4,-2,-2,-24,,
-14,-1,17,73,-1,-9,-6,13,,
-3,1,-18,-7,-3,3,-8,-35,,
-1,9,6,11,9,6,10,28,,
12,5,-2,-18,-1,5,6,17,,
13,2,-54,9,0,4,9,8,,
-10,0,18,-1,0,1,-4,0,,
-8,-5,11,-11,4,-5,-2,-7,,
11,-5,-10,-37,-4,-9,-5,-2,,
24,14,41,64,14,15,14,37,,
4,-6,-8,-10,8,-4,-9,-19,,
-13,-1,-16,-99,-21,-3,-10,-20,,
-14,-3,7,30,-13,-4,2,1,,
2,1,15,22,20,3,7,-3,,
11,7,15,-1,1,-1,-3,2,,
7,-5,15,-17,4,-6,-1,-10,,
-14,-5,-24,-33,-5,4,4,6,,
-2,-2,14,-46,-9,-3,-9,-29,,
-1,-5,14,-24,-16,-3,3,10,,
7,8,-30,-29,1,12,10,-7,,
-3,-2,38,42,0,-17,-13,11,,
-6,0,5,-52,2,10,8,37,,
11,-7,-22,10,-3,-5,-2,2,,
-10,5,-4,53,6,2,-3,-11,,
-9,-1,10,-53,-8,1,-3,-23,,
9,6,44,92,16,-4,-3,-9,,
-44,-11,-22,-75,-11,4,0,16,,
11,-5,-30,-8,-5,2,6,3,,
9,0,-18,-14,4,-2,0,2,,
-15,6,52,-44,-16,2,3,9,,
29,6,12,24,9,-4,7,-8,,
-26,-19,-31,19,-11,-16,-25,-40,,
3,4,24,66,6,6,8,32,,
-7,-9,-3,7,-5,-14,-7,-11,,
3,2,-16,-27,1,2,0,0,,
4,6,2,-21,-4,8,3,-32,,
18,-6,-20,-54,-8,-8,-2,49,,
13,1,3,84,14,3,2,-5,,
-7,-8,-19,-43,-15,-9,-16,-41,,
6,7,77,66,19,9,18,43,,
3,2,-51,-3,9,11,8,-10,,
-15,-13,-26,-45,-21,-10,-8,1,,
10,-2,19,75,1,8,0,2,,
-14,-10,-27,2,7,-11,-10,-9,,
8,13,48,26,-1,-1,7,3,,
-12,-8,-22,-19,2,-2,-6,-2,,
-26,-2,5,-31,-12,-6,-6,-28,,
16,8,5,-1,16,6,14,65,,
-3,3,8,-12,-1,8,6,-12,,
-2,-8,6,52,14,3,-7,5,,
14,-3,-15,20,-4,-3,-4,-6,,
-17,1,48,-32,-13,-10,-14,-22,,
3,-9,-77,-89,-4,-2,0,-2,,
-2,3,16,-1,-15,2,6,-2,,
-5,-5,0,86,28,5,4,14,,
-3,-4,-9,36,-4,-2,1,-11,,
3,-2,-8,48,20,5,-4,-12,,
18,4,-5,-47,-8,2,7,10,,
-8,0,-2,-7,0,-4,-3,10,,
6,-3,-44,-96,-23,-3,-3,4,,
31,2,6,-1,-6,-6,-3,-20,,
-18,-3,-26,35,8,4,0,-14,,
-3,1,43,6,-8,-3,4,6,,
5,-1,2,40,19,8,0,27,,
-26,-11,-14,-54,-15,-9,-8,-42,,
7,3,-10,20,-12,-4,0,20,,
2,4,17,-18,0,-3,0,1,,
1,-6,-56,-21,-17,-8,-6,-25,,
-20,-9,41,100,16,8,6,-1,,
20,2,-6,-72,-3,-2,1,6,,
-12,10,16,-10,18,2,5,1,,
-4,-9,-5,-17,-9,-4,-7,-14,,
-9,4,0,6,-8,-6,-4,-12,,
-1,0,-27,-28,-12,-5,-1,14,,
18,-3,-17,-5,-7,-1,0,8,,
-2,6,23,26,17,7,4,-14,,
-7,-6,-7,-32,-12,-14,-10,1,,
-2,-5,26,34,-6,-5,-8,-3,,
3,1,-41,-14,-1,4,7,15,,
-9,5,-9,12,9,14,7,-1,,
-16,5,27,61,9,-3,2,-4,,
14,-3,-51,-91,-6,5,5,10,,
-13,-5,24,36,7,-4,-6,-22,,
6,-3,-8,9,-9,2,4,23,,
38,4,-9,28,12,6,4,21,,
-68,-9,-47,-127,-35,-9,-15,-36,,
12,5,21,112,20,-2,-4,-26,,
5,-5,-25,-42,-1,-4,2,35,,
6,8,24,-46,-2,5,1,-3,,
13,7,42,50,10,5,10,3,,
5,6,-6,-46,-19,-10,-11,-7,,
-11,-9,5,16,-11,-11,-9,-16,,
-14,-4,8,11,-8,-6,-6,12,,
8,8,41,53,10,1,-1,2,,
10,-12,-51,-1,-13,0,-2,20,,
27,10,26,32,10,6,9,-21,,
14,5,-5,-30,-8,0,3,14,,
-6,-13,-16,-8,7,-14,-13,1,,
4,-7,-12,-33,-13,13,7,12,,
3,0,-4,16,-12,-8,3,-5,,
-13,-1,-9,-3,26,11,0,-9,,
-2,6,41,112,17,5,-2,-33,,
-1,-3,-3,-80,-6,-4,6,3,,
0,4,35,6,4,0,-1,21,,
-22,-1,20,-44,-15,-7,-12,-17,,
10,5,-19,35,7,0,6,-16,,
-16,-3,14,3,-6,0,-2,15,,
-9,-3,-20,-55,-10,-14,-8,14,,
14,0,3,47,15,2,2,-6,,
-16,-9,-1,-79,-17,-1,-1,9,,
2,5,11,42,14,-1,5,7,,
21,6,-22,-29,-4,11,5,-8,,
-11,1,21,39,9,-9,-2,7,,
9,-4,1,-8,-3,8,-9,-6,,
15,6,-33,-53,-5,7,13,16,,
-13,-24,-26,66,-1,-15,-11,-5,,
14,10,44,20,4,1,3,-1,,
-10,-3,-37,-64,-18,-5,1,-3,,
-13,-1,-4,52,13,-4,-6,-13,,
8,1,10,-44,-6,-1,0,-12,,
1,-11,-26,3,-26,-8,-11,5,,
-20,1,3,19,7,7,9,28,,
12,-4,36,16,1,-8,-10,-16,,
3,5,-47,-6,-3,11,3,-17,,
-17,-2,60,25,-1,-2,-2,-13,,
-6,-13,-66,-17,-1,-8,1,21,,
-7,-4,-16,-47,-14,-3,-2,2,,
-22,1,38,89,18,-10,-13,-20,,
13,4,-8,-56,-7,10,12,27,,
8,-1,22,36,-3,-11,-15,-25,,
-9,-2,9,-23,-9,-3,3,1,,
3,-5,-40,-45,23,18,2,5,,
6,0,-24,-29,-4,-6,0,-22,,
5,-2,10,37,1,-5,-5,14,,
-18,-1,-6,-33,-5,-3,-6,-9,,
8,2,34,10,-9,-7,-6,-8,,
8,3,-3,-9,15,6,8,9,,
9,10,8,26,-3,4,5,-16,,
13,2,29,6,-3,-4,-5,10,,
-19,-10,21,56,19,11,5,-8,,
-8,-5,-18,-65,-6,-9,-4,-12,,
10,6,11,99,10,4,7,4,,
-1,7,33,-38,1,7,0,-16,,
-9,3,-40,-43,-23,-13,4,22,,
-9,-21,-30,-37,-9,-7,-16,-3,,
0,1,54,-54,19,4,-1,-18,,
15,0,-43,-9,2,7,8,28,,
17,2,7,44,2,-9,-3,-4,,
-22,-10,-9,7,-7,1,-7,-11,,
-33,0,-4,-14,-12,-4,-4,3,,
14,-3,-27,-58,1,4,2,2,,
5,3,41,24,0,3,1,-11,,
3,-1,-60,-5,-4,3,11,29,,
10,1,10,-8,-6,-5,-6,-11,,
-10,-1,7,61,-3,-11,-2,-4,,
-2,-3,-19,-114,-9,0,-7,-14,,
-10,5,61,127,45,9,1,-3,,
6,2,-10,-85,-17,1,3,-11,,
-15,-8,-16,9,0,-1,1,-1,,
-15,4,7,-5,2,0,4,2,,
8,-1,-18,-52,-18,-1,1,-1,,
3,5,30,8,4,3,4,-3,,
-8,-8,-28,-22,-7,3,-1,10,,
-12,-3,18,45,-5,-11,-2,24,,
11,-4,-23,40,-10,-10,-10,-22,,Training Set 1
0,-9,24,-65,-13,2,-15,-24,,
5,8,-45,-18,-14,-6,3,18,,
-2,4,6,-25,-15,-4,1,13,,
1,-15,-11,-2,6,8,2,10,,
-9,-3,31,98,15,-2,-11,-9,,
2,16,42,57,9,6,4,-13,,
1,-6,-55,-2,-11,-8,0,0,,
-12,-6,50,41,-4,1,-7,-23,,
-10,-9,-19,-23,-22,-7,-7,-11,,
-3,-7,3,-18,-8,-4,13,17,,
-7,-5,-9,29,6,-1,-4,-2,,
16,12,7,8,-3,0,-7,-30,,
-26,5,-4,-5,-4,0,7,32,,
10,-3,-12,-23,-3,-4,3,30,,
3,-3,54,30,1,-6,-9,-14,,
-2,0,-71,-18,14,-3,2,6,,
-5,-14,-30,-11,-11,3,-10,-19,,
-4,-7,-10,-10,-1,-3,-7,-23,,
-14,5,12,6,-18,-5,6,10,,
-16,-8,8,63,18,12,-4,27,,
15,9,35,-32,-8,-14,-4,3,,
-19,-20,-29,24,10,-6,-14,-25,,
36,12,-4,-38,21,20,16,32,,
-16,6,51,-24,-18,-10,4,-35,,
4,-2,-32,5,7,4,8,59,,
3,11,38,40,4,9,5,-12,,
-2,-7,-27,-45,-9,-1,3,12,,
-9,1,31,-20,6,-3,-18,-47,,
1,-8,-45,43,9,1,14,11,,
5,0,-5,8,9,3,-1,-8,,
-11,-3,-7,33,0,1,-4,-2,,
2,-1,-16,-15,4,2,-9,20,,
-29,1,-14,-73,-21,-14,-9,-43,,
-6,-13,25,82,18,-7,-5,34,,
4,-4,-46,-97,-9,10,4,-20,,
6,5,19,55,-8,-5,-2,15,,
16,-1,-8,3,6,-3,-8,-32,,
-24,-3,7,-48,-27,-7,0,-23,,
8,11,26,-14,20,2,-2,19,,
2,7,50,82,30,10,13,27,,
-3,-6,-15,-77,-17,-12,-7,-9,,
14,3,-19,-25,0,2,-6,-4,,
12,-2,5,22,-2,-2,-1,-11,,
-7,-1,-22,-42,-6,2,1,17,,
6,7,62,71,9,5,4,-3,,
2,-1,-49,-4,11,1,4,10,,
19,2,22,87,0,0,-9,-17,,
-55,-12,16,-16,-14,-9,5,-26,,
-3,7,-19,16,6,12,-1,24,,
1,-6,-10,-46,0,-3,0,0,,
-11,-8,22,7,-7,-18,-24,-29,,
10,-2,-57,-41,-4,3,11,5,,
4,1,46,35,3,-7,-11,-2,,
3,-2,-52,-11,-9,2,9,-4,,
2,4,-1,-65,-10,1,8,6,,
8,-5,1,26,-8,-12,-15,-1,,
-6,-5,25,23,15,1,-1,-26,,
14,5,6,-13,-5,6,10,37,,
-18,-4,-2,17,-13,-8,-7,-1,,
0,-5,-35,-50,-5,-8,-4,-2,,
2,0,-15,15,-17,-4,-4,8,,
-13,-4,23,-45,-4,4,-3,-20,,
5,4,17,27,-3,2,3,-1,,
-18,-18,-63,-66,-6,-11,-8,-5,,
11,10,47,76,11,-2,0,-9,,
11,-15,-24,24,-13,-1,-10,10,,
-16,10,45,-3,4,1,13,12,,
21,1,5,17,-8,2,2,5,,
0,0,-4,-37,24,10,4,-9,,
12,5,8,-119,-22,-2,1,-8,,
-17,-22,-94,68,6,-3,-19,5,,
3,11,42,18,-6,-1,4,-14,,
-5,-4,39,74,1,-5,-7,-11,,
-3,3,-33,20,2,-2,3,30,,
-17,-6,20,-34,-13,2,5,-6,,
-1,0,7,0,12,-5,-6,-8,,
-1,-9,-67,-128,-22,1,2,-4,,
4,17,29,39,31,10,4,27,,
-12,-16,-9,-4,-13,1,8,-16,,
9,0,22,81,-13,-3,4,23,,
2,2,-28,-52,41,13,2,-25,,
-6,-1,17,75,-7,-8,-3,18,,
1,12,42,-9,15,-2,-2,4,,
50,-3,-63,-120,-23,17,16,10,,
-9,-11,-27,84,-3,-8,-4,-25,,
0,5,8,-42,-7,-2,-3,-5,,
-15,-1,5,9,4,-3,-7,0,,
6,8,11,-8,12,-1,5,-11,,
-9,-1,-26,9,4,-3,-6,36,,
11,0,17,-27,-10,4,10,2,,
13,4,8,2,26,2,4,-10,,
-24,-2,-12,-46,2,-7,-12,-4,,
8,0,-14,-40,-35,5,6,0,,
-32,-13,39,11,6,-12,-19,-44,,
44,19,6,92,18,13,20,23,,
1,2,16,29,15,11,4,25,,
-5,4,26,-29,-15,-10,5,8,,
11,-2,-58,-4,-4,2,-12,-17,,
7,-2,-9,-2,-9,-6,-3,-15,,
-13,4,6,20,21,10,5,6,,
11,6,8,18,-4,-1,0,8,,
0,0,26,53,4,3,11,7,,
-14,-3,-14,-110,-14,-1,-13,-6,,
-5,-8,-1,65,-4,-15,-17,-14,,
4,4,-14,-5,-3,1,9,13,,
-22,-13,-28,-45,-9,-3,-9,-19,,
18,2,37,20,-1,-2,4,29,,
-2,-2,-59,-45,19,-2,-9,-28,,
-12,-3,46,-29,-7,-3,-6,25,,
0,-11,-32,53,12,2,9,-11,,
-5,-7,-33,-10,-11,0,0,2,,
17,-1,16,-8,-7,-1,-8,-9,,
-12,4,9,10,6,0,-4,5,,
-9,2,36,-17,-21,-11,-15,-27,,
-8,0,-5,-28,6,1,4,5,,
2,6,32,65,12,2,4,-1,,
13,7,-14,0,-5,9,-1,-3,,
4,1,46,62,13,-4,2,0,,
-15,-3,-16,-43,-1,-1,-6,-9,,
1,0,27,-14,-14,-2,-2,20,,
-3,-3,-20,12,19,0,3,0,,
3,11,26,41,2,7,4,5,,
16,-7,-32,-23,-2,-8,-13,-11,,
-8,8,52,8,-7,12,23,21,,
-2,-16,-15,-41,-12,-9,-10,-18,,
9,9,13,-21,7,14,5,28,,
-25,9,31,77,24,3,-6,-9,,
10,-9,-40,-2,-29,-7,-6,-11,,
4,-1,16,19,18,4,9,-2,,
-2,4,-38,-52,-8,3,1,-6,,
-14,-4,11,21,-5,-7,-4,2,,
-6,-9,5,13,0,-2,-3,17,,
-35,-14,-2,-35,-11,-6,0,-12,,
41,9,1,-3,6,-8,1,-3,,
-10,7,-1,-11,-10,5,7,1,,
-1,-10,4,-23,-7,-10,-8,-20,,
15,5,3,-9,5,5,-2,-3,,
-25,-4,-3,-20,-10,-5,-4,18,,
6,-17,-22,5,-18,-13,3,1,,
-4,2,-38,33,9,1,-9,-17,,
-1,-10,-34,-70,-8,3,3,20,,
6,11,25,-16,5,7,6,-20,,
-4,-3,2,29,-26,-14,-8,-20,,
-7,-3,-11,-31,0,4,5,28,,
0,9,26,63,8,-1,-6,-25,,
-17,-15,-22,-8,-12,-9,-1,3,,
17,5,-43,-26,5,-1,-1,13,,
-21,5,10,-55,-7,9,8,4,,
7,-6,2,53,13,5,1,20,,
-9,7,27,26,0,-3,-4,7,,
10,0,2,13,11,10,7,5,,
-10,-2,-23,-59,-28,-16,-16,-23,,
4,4,78,68,10,-2,-5,7,,
-10,-22,-88,-51,-6,-4,-5,-7,,
10,7,59,2,11,6,13,7,,
-1,2,-24,-29,-1,-3,-11,-24,,
42,14,15,-16,-26,-2,4,3,,
-13,3,2,-21,3,-7,-13,-34,,
-13,-5,1,54,7,2,-7,17,,
5,0,16,-14,11,-1,7,-2,,
-9,-5,-17,-15,-13,-7,-5,6,,
5,3,-3,20,-11,5,2,-4,,
-1,-17,-42,-108,-8,-4,-12,-14,,
-6,6,-10,36,4,5,11,9,,
-3,-11,-41,21,-3,-8,-17,-20,,
12,0,-21,23,-5,8,16,23,,
5,8,24,-12,2,-2,0,-15,,
2,-2,1,51,9,3,1,9,,
-4,-3,18,38,3,-5,-3,-8,,
-5,10,25,13,13,2,6,9,,
-11,-10,-32,-10,-13,2,-5,-11,,
8,0,35,21,11,-3,-1,12,,
-9,-4,-49,-71,-5,-1,1,-3,,
14,-1,33,69,-2,-10,-10,-9,,
4,2,-9,-17,9,-3,0,24,,
1,6,33,30,8,5,-9,-40,,
-2,-1,8,-17,-6,-4,9,58,,
-1,6,19,-13,16,11,4,-8,,
-9,-11,-4,-19,1,-9,-14,-18,,
12,20,15,-8,1,15,21,7,,
6,4,27,-10,-7,-6,-8,-15,,
10,10,-1,48,19,3,9,26,,
-1,2,-3,44,-8,3,-6,-4,,
-14,-12,26,6,0,-3,2,-6,,
32,3,-14,-10,-2,1,7,-33,,
3,5,18,39,4,3,5,20,,
-40,-12,-9,32,-5,-3,-5,-36,,
8,-3,44,45,7,-15,-1,1,,
-1,-5,-23,0,0,5,3,39,,
-9,-14,-27,-37,-9,-12,-18,-27,,
2,12,-24,-9,-1,6,4,26,,
0,-12,6,-81,-32,-5,0,-10,,
-5,4,-32,-29,32,14,4,-8,,
-10,-3,32,-19,-22,-5,-11,-8,,
-21,4,19,58,15,-3,3,-1,,
21,6,-27,-23,-4,-4,-1,12,,
-19,-8,30,13,-17,-4,-5,-11,,
-15,-3,-18,-26,-11,2,-1,21,,
26,14,56,-47,-5,10,7,-16,,
-22,-4,-16,49,21,-3,-14,8,,Training Set 2
18,17,37,-32,-6,9,9,20,,
0,-8,-18,17,-4,-12,-11,-21,,
28,13,14,-5,4,5,-2,-13,,
-2,8,27,4,-4,-3,13,25,,
-4,-7,-51,-31,-1,5,8,23,,
-21,6,38,97,-1,-8,-20,-29,,
16,-8,-3,27,4,-8,-2,29,,
26,-1,-15,-11,0,-1,0,9,,
-4,4,16,76,15,-1,-4,-10,,
-7,-13,-44,-86,-22,-1,8,14,,
-20,-9,2,-1,-11,-13,-27,-31,,
0,4,19,-60,-17,-6,-2,17,,
-22,-13,-25,19,3,-5,-10,-11,,
35,10,64,16,5,6,11,6,,
3,-6,-43,1,4,-7,-7,14,,
-2,-10,-36,-44,-15,-5,7,-18,,
-10,-3,-15,15,-34,-19,-18,-21,,
-5,3,16,-12,11,20,8,17,,
4,4,49,18,8,-2,-3,-61,,
0,-3,4,46,6,1,3,41,,
13,9,32,42,-12,-2,5,-14,,
-5,0,-2,13,7,0,-5,-7,,
3,0,-84,-76,11,14,16,15,,
-10,-3,19,54,17,-6,-16,-32,,
11,17,38,-27,16,16,20,17,,
-21,-23,-35,29,-19,-12,-15,-5,,
6,11,9,-35,-13,-1,-1,-24,,
-6,-10,-35,-27,13,-4,-8,8,,
-8,-10,-27,-15,-12,-9,-10,-3,,
-7,-6,18,-55,-3,2,-2,-6,,
12,16,50,65,-15,0,0,2,,
9,5,-8,-40,-3,3,6,8,,
7,6,6,5,11,10,11,9,,
7,-7,-15,-29,-5,-9,-14,6,,
-16,-10,-58,-40,7,5,7,4,,
-49,0,12,51,-4,-2,-4,-26,,
-10,-1,40,32,18,0,-3,-5,,
10,7,26,13,-21,-2,-10,-13,,
14,-4,-15,-44,-12,1,13,26,,
-2,-10,19,45,-1,-11,-19,-17,,
-9,-1,-33,-38,-1,5,-4,-6,,
-13,-9,-2,76,9,-5,3,-3,,
-6,-2,33,-37,-4,2,-12,-46,,
38,13,27,81,3,9,28,91,,
-4,-8,-26,-38,-26,-10,-11,-9,,
-10,7,34,-53,31,-1,3,-10,,
-4,2,-6,-36,-24,-2,-1,-8,,
-4,-17,-94,21,7,11,-5,-42,,
14,19,68,35,7,11,7,11,,
12,8,26,80,23,4,12,25,,
2,1,17,21,-7,-7,2,-26,,
-11,-5,5,-57,-9,1,-5,43,,
19,-6,-68,-49,-6,-5,6,13,,
-7,-1,-17,52,-1,-4,-4,0,,
-6,-19,-28,5,9,-1,-10,0,,
-35,4,-6,-75,-14,6,-1,-26,,
-2,6,33,56,3,2,9,1,,
7,-5,3,-5,14,-5,-8,-1,,
4,-10,-56,-59,7,-2,-5,45,,
9,14,47,105,-5,-5,1,-20,,
-23,-16,-24,-88,5,0,-20,-34,,
8,19,10,-71,-13,7,12,21,,
7,-5,36,108,11,-10,7,34,,
0,-3,3,21,4,7,-4,-39,,
-3,8,66,-8,-12,-8,4,14,,
0,-8,-68,-15,10,9,-6,-27,,
3,3,-12,1,11,8,20,36,,
-17,0,5,10,4,-7,-18,-28,,
9,-2,28,23,-26,-6,-5,-20,,
-3,-2,-25,16,16,6,3,45,,
-6,1,50,10,-8,-4,1,3,,
36,-2,-27,26,5,-6,1,-17,,
-45,-10,-42,-31,10,-1,-17,11,,
-12,-12,25,25,-25,-14,-5,-50,,
-6,5,-13,-33,-3,5,8,26,,
33,14,20,-11,-2,5,10,17,,
11,3,2,25,13,1,-3,-15,,
-11,-17,-31,-30,-20,-4,-8,-9,,
-8,10,4,42,25,0,-5,1,,
-36,-20,19,-68,-39,-12,-13,-50,,
19,-2,-8,-27,1,-2,9,27,,
-9,14,20,-10,8,2,4,-2,,
8,-7,6,73,-2,-9,-10,-16,,
-2,1,2,-26,-21,-1,1,-15,,
0,-7,-43,7,12,5,4,6,,
24,13,26,-13,10,5,15,13,,
-2,2,-8,-29,-13,1,2,-4,,
2,-3,22,-16,6,-7,-3,18,,
12,1,-29,4,-7,-3,0,2,,
-7,-7,13,78,8,-5,-12,-12,,
10,6,1,-25,-13,3,6,0,,
-15,-13,-38,-70,-1,-5,-13,-3,,
32,23,52,18,4,5,8,1,,
-4,-7,-41,-57,-22,-9,-12,2,,
-4,12,52,27,19,0,-6,-13,,
4,-4,4,11,20,-1,18,18,,
-11,-6,-49,-67,-28,0,-7,10,,
-19,-3,31,24,-9,-8,-14,-28,,
-12,5,-16,-34,-22,6,9,10,,
13,8,3,1,16,13,8,-15,,
-18,-4,-13,-17,20,3,10,-24,,
19,7,26,35,23,10,12,14,,
-2,0,10,16,-11,-2,-13,3,,
-5,5,6,27,-7,-7,1,-13,,
-14,-23,-23,-36,-15,-5,10,28,,
18,15,-9,-43,13,11,-1,-8,,
25,-1,2,-18,17,8,0,4,,
-3,-16,-56,18,-1,-10,-9,-12,,
0,-19,7,-15,-18,-14,-16,-20,,
-6,4,21,70,8,-3,0,15,,
-10,-8,-12,-38,4,-2,0,9,,
-6,9,22,-25,-11,-1,-3,5,,
-1,-9,-5,32,-2,-9,-8,-8,,
28,-8,-17,-69,-39,-5,-3,-3,,
-9,3,23,54,14,1,-6,-39,,
1,-6,-1,-29,-13,2,2,55,,
-7,-4,-52,15,14,-4,-3,6,,
-12,0,41,-29,-9,-4,6,-12,,
20,-2,-23,-25,11,-1,-2,15,,
-3,-12,6,18,0,-1,6,-15,,
40,15,-4,-27,0,4,-6,4,,
-20,12,27,-5,22,12,15,5,,
-9,-18,-20,-1,-15,-12,-12,1,,
2,4,-11,24,10,0,1,7,,
-12,9,54,48,2,4,1,-24,,
13,-8,-54,18,-23,-22,-4,19,,
-17,-25,2,-50,18,13,-3,1,,
12,11,-3,8,7,8,8,-7,,
-10,5,3,3,4,-8,-10,-5,,
-7,8,37,4,-14,4,2,-13,,
-9,-9,-16,-25,1,-12,-4,-17,,
-3,5,9,30,10,1,-2,26,,
-28,-1,19,64,7,3,-1,-20,,
21,3,-10,-88,0,1,13,47,,
-15,2,15,55,-22,-10,-13,-28,,
25,8,-14,3,19,12,15,0,,
-1,11,15,0,18,16,10,14,,
10,-4,-6,-4,-14,-7,-10,-31,,
-3,0,10,-1,-19,-9,-5,22,,
6,3,-29,-8,-8,6,2,13,,
-13,-9,-23,-36,-6,-5,0,-5,,
-14,-17,-12,38,-14,-9,-12,-17,,
18,14,12,17,15,17,14,33,,
-16,-7,14,-26,-8,-1,-11,-34,,
9,-9,-11,76,5,-3,1,-7,,
-16,-4,28,-24,-15,-6,-9,11,,
4,-7,-60,17,7,-6,0,-8,,
-11,8,39,-45,-16,-7,-7,-3,,
7,-11,-82,-75,-10,-3,7,11,,
-10,3,20,91,6,2,-14,-30,,
-12,5,30,29,26,10,17,35,,
6,-5,-12,-62,-5,-12,-7,10,,
14,-6,9,71,7,-1,0,11,,
11,6,-14,-46,-8,10,4,-49,,
15,14,9,-2,-10,3,13,47,,
-22,-14,1,22,-3,-8,-15,-46,,
5,13,37,10,-3,1,6,40,,
-5,-13,-21,-7,14,-3,-12,-3,,
-32,-4,-3,25,-1,-4,-6,-25,,
10,0,-9,-14,-1,3,-2,-4,,
-2,11,7,-15,-7,7,11,11,,
0,-6,-27,-59,7,-1,-7,4,,
-11,4,63,-31,-1,-9,-10,-45,,
4,-10,-85,1,-3,1,5,37,,
-18,7,31,-38,-10,-2,-5,-24,,
9,0,-24,40,13,2,6,17,,
9,-5,13,13,-21,-6,-1,-9,,
-6,13,54,7,15,7,-2,-12,,
-8,1,-38,-23,-12,-1,-8,-4,,
1,-2,9,-42,-13,-5,-2,0,,
5,6,-3,59,-9,0,4,15,,
-9,-8,-3,-4,2,-2,5,2,,
2,-4,-16,-10,-7,-7,-6,-23,,
-12,-5,30,-14,-1,4,5,40,,
11,6,9,-57,-6,-6,-19,-24,,
-4,-5,2,14,3,2,-2,-2,,
-13,-13,14,17,-8,-11,-3,-11,,
-19,-7,-39,28,-1,-10,-8,-17,,
15,4,-4,-11,10,10,13,18,,
0,-3,15,-72,-24,-11,-5,16,,
20,17,40,7,9,5,-11,-28,,
-9,-12,-25,-8,8,-3,21,42,,
0,-9,-7,38,17,1,-6,-18,,
7,-4,-5,-7,-23,-6,2,-3,,
-11,-16,-59,19,-7,-11,-15,-13,,
8,13,15,-18,20,2,3,7,,
7,-2,14,-23,-30,-3,3,28,,
4,5,-8,-10,13,7,-1,-21,,
-9,-7,-12,12,-7,6,6,-1,,
11,7,34,38,5,-2,12,48,,
-29,-10,-56,-92,-16,-2,-12,-41,,
7,6,32,66,18,-3,-9,13,,
-6,10,26,22,-11,11,18,25,,
1,1,-43,-24,8,7,-2,-38,,
21,5,29,104,22,-2,1,10,,
-26,-10,-21,-74,-11,-6,-4,-14,,
-5,-4,26,34,-5,-15,-10,11,,
9,5,-5,-56,-27,4,3,5,,
-13,3,21,100,28,6,2,-7,,
4,-3,-14,60,15,0,-5,4,,Training Set 3
-18,-5,37,120,0,-13,-2,-17,,
9,12,51,-14,15,13,2,6,,
-17,-8,-36,53,-5,-5,0,-4,,
3,13,-2,1,23,8,-1,-9,,
21,-3,9,-92,-25,3,6,-7,,
-3,-2,-8,57,-8,-8,-3,3,,
1,8,5,-10,8,5,0,-1,,
2,8,23,40,9,3,7,10,,
-5,-2,-11,-9,-2,-4,-12,-30,,
-35,-9,-39,-89,-25,-6,-4,5,,
-10,4,62,111,59,14,6,-3,,
21,-13,-44,-96,-26,-10,-11,-65,,
-9,17,19,54,6,8,19,83,,
15,2,-4,58,18,2,-2,-16,,
-17,-18,-25,-79,-27,-7,-6,-10,,
-1,42,-5,-27,4,7,12,6,,
20,-12,42,58,15,6,7,3,,
-25,-14,-35,-60,-16,-16,-14,-8,,
12,-12,27,62,0,-1,-14,-6,,
4,-8,-13,-18,-1,5,11,15,,
-4,18,-26,-44,8,3,4,-4,,
7,7,21,4,12,-6,0,13,,
-5,-1,-1,38,1,3,-11,-8,,
-6,-2,19,-8,-13,-5,0,8,,
-26,-12,38,-2,7,-5,-8,-25,,
19,-3,-81,61,39,22,13,-4,,
33,14,4,0,-8,-4,1,-21,,
-17,-4,25,81,5,2,1,9,,
0,2,-16,-88,-14,2,-1,5,,
6,-7,48,108,9,1,8,29,,
9,8,-29,-17,-9,4,11,6,,
-11,-10,-21,-89,-4,-6,-11,-4,,
37,4,6,56,2,3,3,-1,,
-1,5,35,-4,-4,-4,-7,-17,,
-5,3,-7,-4,4,6,6,2,,
-5,-14,6,82,-8,-6,-1,40,,
-3,0,-82,-127,-21,4,3,-4,,
-5,-6,61,20,-7,-15,-15,-20,,
3,5,8,-20,-8,-4,4,6,,
-7,-11,-57,-77,8,2,1,-7,,
20,24,46,111,17,11,11,12,,
-11,-8,-31,-47,-13,-10,-15,-10,,
-9,2,-12,-66,1,5,3,3,,
7,-4,18,-7,-5,-7,-3,8,,
-43,-13,-16,16,-6,-9,-5,-4,,
-1,7,20,48,-10,-5,-9,-37,,
1,2,-3,-49,-14,-7,3,18,,
38,6,26,26,14,16,14,32,,
-9,-1,12,-9,13,9,-9,-26,,
4,-1,-26,3,7,4,0,-17,,
-2,5,12,29,-1,2,4,-1,,
-8,6,7,-11,22,3,14,22,,
-3,-11,-14,-41,-6,-11,-12,-10,,
2,0,9,30,-9,9,1,0,,
10,-10,-30,-14,14,3,6,27,,
-24,-1,11,57,6,-5,-7,-35,,
-3,-2,-12,-53,-15,-6,1,5,,
4,1,28,13,-4,-4,-2,0,,
-26,-16,-71,-19,-19,-9,-11,-7,,
20,15,33,41,10,5,7,-33,,
-3,-6,-37,3,1,7,4,26,,
12,1,-4,-23,-10,-3,-1,1,,
14,26,45,21,19,13,15,9,,
-9,-6,29,36,-6,-18,-16,-7,,
7,-3,-67,-97,6,-5,6,-9,,
14,13,37,-7,10,18,8,15,,
4,-6,2,-48,-13,1,-9,-31,,
-9,-7,-11,6,-11,-7,4,13,,
24,7,35,62,-11,-3,-1,-15,,
-21,-6,20,46,-2,-16,-5,3,,
3,2,35,51,23,2,2,27,,
-24,-16,-24,-11,-28,-11,-18,-17,,
-42,-10,-1,-83,-14,-3,-15,-21,,
15,-9,-36,73,12,-2,-9,-12,,
1,18,42,9,-13,-3,5,-4,,
12,-3,-3,1,13,8,11,44,,
-14,-18,24,58,-2,-4,-12,7,,
-7,-5,-15,-101,-21,-5,-3,-11,,
-2,-1,19,14,19,1,-1,-4,,
4,-1,-77,-75,-7,-3,-9,-17,,
11,8,10,51,6,-6,-1,-24,,
21,-4,23,-23,-19,-1,10,35,,
-53,-21,-29,15,1,-7,-16,-7,,
-14,7,21,-63,-22,-2,-5,-20,,
10,-2,-28,30,36,16,3,8,,
-12,-5,-9,-47,-16,-13,0,-6,,
6,-8,-4,-16,-14,-11,-2,-21,,
2,6,21,46,8,18,5,20,,
-2,-4,-19,-70,-23,-9,2,-10,,
-4,0,45,94,4,-16,-15,20,,
5,10,12,14,7,6,5,1,,
3,-26,-14,2,-5,3,3,-15,,
13,18,19,-20,16,1,-1,11,,
-4,2,9,-93,0,6,10,-14,,
14,-13,-2,-6,-10,-7,-12,10,,
8,27,-10,31,16,6,0,-9,,
-33,2,-20,-45,-23,-3,3,10,,
-18,2,-27,13,33,7,-3,-25,,
-4,-1,5,-3,-20,-3,7,20,,
31,11,25,-8,3,-1,6,14,,
-15,-13,-22,-14,-16,-1,-7,-26,,
-7,2,34,19,-2,-9,-6,20,,
-3,-5,-7,77,12,7,4,-20,,
5,-8,-18,-43,10,3,-4,-10,,
-11,-6,18,90,-10,-9,-7,-12,,
21,6,-14,42,3,4,12,24,,
-22,-8,11,37,15,-1,-7,-16,,
18,-4,2,-45,8,8,5,46,,
-8,-1,-16,-19,-16,-14,-11,-18,,
-7,-6,-3,-34,11,6,-6,-2,,
22,0,0,35,-12,-13,0,-21,,
-74,-4,17,27,11,-2,-2,1,,
32,12,-12,-9,-1,6,10,15,,
-3,-13,-12,12,-28,0,0,-10,,
1,-2,-27,-68,9,-3,-15,-20,,
41,26,16,-16,7,16,24,30,,
-10,-24,-39,56,-1,-9,-15,-14,,
-14,6,23,-27,16,6,8,8,,
-4,6,-34,-64,-8,5,3,21,,
23,-4,-1,22,-9,-13,-6,-30,,
-10,0,2,-6,-5,1,-1,-5,,
5,10,3,-67,3,14,12,11,,
-3,-16,-31,82,16,-9,-17,-14,,
-27,-2,3,-3,3,1,5,23,,
18,18,42,9,-12,0,9,2,,
9,2,-25,-66,-11,5,9,-13,,
-43,-6,-11,-23,-7,3,5,4,,
-1,-6,9,42,-5,-16,-15,-11,,
-1,-1,23,61,23,2,-1,-3,,
14,6,-35,-37,-27,8,9,24,,
-2,3,53,6,-3,-7,-11,4,,
17,-9,-69,-75,-38,-13,-5,2,,
-20,-18,-51,2,28,-1,-6,1,,
5,17,35,9,36,13,1,-12,,
11,3,16,-23,-30,-6,4,4,,
-21,-1,12,51,1,-2,-7,-38,,
8,-4,26,2,-14,2,12,65,,
2,-10,-63,-12,-4,-14,-11,-40,,
5,12,0,-17,1,16,13,16,,
-6,1,19,67,5,-6,-1,-8,,
12,8,-8,-30,-9,3,6,-14,,
-32,-2,38,64,16,-4,-8,9,,
15,-7,-10,-12,-6,-3,5,4,,
-8,-12,-75,-59,-9,-6,-10,11,,
-2,-4,21,-2,-1,10,4,-6,,
2,-2,7,10,29,-5,-7,-5,,
10,3,-22,-32,-21,-15,-2,-4,,
0,5,23,14,32,20,8,-23,,
-9,-4,8,0,-1,-5,-8,14,,
15,6,5,25,-22,-2,5,1,,
7,6,-32,41,22,5,6,-13,,
-6,-10,-11,-28,-16,-18,-7,-7,,
9,17,53,-65,-6,17,14,22,,
-24,-35,-17,67,-12,-20,-24,-31,,
11,15,47,39,20,16,4,-5,,
15,-5,-49,-55,-27,-3,-4,26,,
-31,-2,21,3,2,-10,-2,-27,,
1,7,12,15,6,8,11,25,,
5,-15,-36,-38,-7,-11,-10,6,,
15,6,33,19,12,6,3,4,,
7,7,11,10,12,-3,0,8,,
8,-7,-42,-87,-19,-13,2,-5,,
-14,-4,12,21,23,20,0,38,,
-35,-9,-18,23,4,-7,-12,-40,,
-4,-6,-16,44,8,-9,-4,-15,,
19,7,6,21,-8,5,9,4,,
7,8,-20,-123,-22,7,-2,-14,,
-5,-7,11,34,13,-14,-11,3,,
12,10,40,31,-1,11,3,-4,,
-7,-6,-41,-16,-3,-11,-4,11,,
24,-5,-52,-64,-13,-4,-2,8,,
-10,-2,39,47,-8,-5,1,5,,
21,-2,-16,-19,-5,-11,-15,-13,,
-8,3,22,5,6,6,4,-32,,
12,1,2,-14,-12,0,1,39,,
3,10,3,27,1,7,10,-3,,
10,-24,-31,-39,-1,-7,-7,-2,,
19,4,30,20,-10,9,1,11,,
-26,2,-4,-13,17,-14,-12,-32,,
8,-2,0,16,17,6,0,0,,
-8,9,6,-31,-5,-1,3,-4,,
8,-15,-24,36,16,9,0,9,,
-14,6,25,-9,-14,0,9,0,,
-6,8,5,-29,-1,3,0,5,,
-9,-4,-46,-4,-2,2,3,10,,
-14,-1,-7,-109,-22,-3,4,2,,
-1,-11,-19,-6,-6,-4,-4,1,,
19,2,30,46,12,-10,-8,16,,
-38,5,19,10,12,5,5,2,,
-33,-19,-21,-37,-23,-17,-29,-17,,
-4,4,11,-6,22,7,9,-3,,
11,5,-2,-29,-10,7,7,-10,,
11,7,-3,4,11,-2,-11,-6,,
-12,1,21,30,5,-3,-5,-5,,
19,0,19,-10,-8,0,10,12,,
-6,6,0,17,-5,0,-7,-14,,
-5,-13,39,48,5,-2,3,7,,
6,12,-35,-97,-10,-1,0,-8,,
1,-13,9,57,-7,-14,-17,-21,,
-1,2,-8,-28,-20,-2,3,14,,Training Set 4
-8,10,14,-38,-1,1,2,-19,,
37,7,58,64,4,2,0,-5,,
15,-3,-73,-21,15,0,-7,4,,
1,5,2,-50,-1,-1,18,3,,
-1,-10,30,42,-2,5,-11,-31,,
9,12,9,-46,-4,-1,9,33,,
-14,-4,28,54,6,-6,-11,-17,,
13,-2,-7,-27,-13,-1,9,12,,
-3,6,-26,31,2,0,9,14,,
-7,-3,-3,-44,-26,-6,-8,-1,,
2,3,-16,-70,10,7,8,22,,
-8,-16,-21,25,-6,-6,-11,-24,,
0,5,26,29,4,-5,0,5,,
-22,-8,-50,-82,-25,0,0,-3,,
12,11,31,8,-2,3,12,10,,
14,-14,-79,-40,-14,-7,-16,-11,,
-9,7,49,24,6,-2,-1,6,,
1,-6,-31,-30,-2,-7,-8,-10,,
12,1,-3,56,5,2,4,5,,
-10,-8,16,19,5,6,2,2,,
-2,0,-13,7,8,-2,-4,-23,,
-2,7,6,33,-11,0,8,25,,
-1,-11,-34,8,8,-6,-12,-1,,
5,0,18,60,-1,0,2,8,,
11,-7,-26,-59,-13,-13,-5,-1,,
-8,11,55,45,5,2,-3,10,,
4,-9,-65,29,11,0,1,-7,,
2,18,90,5,-9,0,-4,-3,,
-18,-21,-103,-61,-7,1,0,-12,,
-9,-6,14,-6,3,-7,-7,-9,,
-7,-3,-2,-71,-21,-3,-11,-7,,
11,11,-3,-8,10,8,18,30,,
-11,1,36,21,-12,-6,-2,2,,
-28,-13,-10,10,20,-1,-18,-64,,
-2,3,14,36,-12,-6,1,26,,
22,5,17,-38,5,-2,3,23,,
-9,-10,-1,13,-4,4,-2,-4,,
-6,1,-8,-32,5,1,-5,9,,
10,12,22,-5,-2,3,10,14,,
-9,-11,-20,-18,-21,-9,-9,-9,,
4,5,28,42,16,-8,-3,10,,
-7,-5,-3,13,6,-2,-3,-7,,
-22,-8,0,-6,6,-2,-7,-21,,
13,10,11,-6,-10,3,13,35,,
-22,-10,-25,-43,14,-6,-22,-36,,
14,2,-2,6,-2,11,11,8,,
-6,0,6,35,-11,-9,-4,0,,
-3,-6,-17,-49,-7,2,-4,-15,,
-2,-3,1,19,6,1,0,-7,,
3,2,14,29,11,-3,4,13,,
1,5,32,-16,-2,2,3,-3,,
-4,-15,-30,-5,6,-4,0,-7,,
5,15,48,15,-8,0,12,8,,
2,-4,-65,-24,10,7,-3,-1,,
3,-1,-4,-13,-14,2,7,-14,,
-14,0,22,13,-2,-4,-8,-8,,
16,5,29,57,1,1,1,13,,
5,7,8,7,-6,-1,-1,-8,,
-1,-3,6,-7,17,6,-1,-28,,
17,9,-13,20,5,8,19,58,,
-11,-9,13,-22,-8,-8,-25,-14,,
6,7,-10,-49,-4,-7,11,-13,,
-19,-2,-20,-6,-6,3,-7,-40,,
-12,-4,5,7,-6,-8,2,26,,
-38,-2,-21,-15,2,10,10,9,,
9,-2,-2,30,2,3,2,13,,
-19,-16,-7,-52,-13,-16,-11,-15,,
-10,-4,6,57,11,-11,-23,-48,,
17,10,-21,13,-12,13,17,31,,
-12,-1,65,47,20,1,-5,-2,,
-5,-6,-3,18,1,-4,-1,-16,,
5,-1,-10,-43,-6,3,2,16,,
20,11,10,-9,3,11,10,25,,
-11,-4,-25,-25,-7,-17,-11,-14,,
7,5,57,122,12,-4,-1,2,,
-8,1,-3,-57,8,9,3,7,,
23,-1,-14,-17,-2,3,6,-14,,
24,-8,-19,18,-4,-7,0,28,,
2,13,18,-45,-7,-2,-3,-8,,
-3,-13,-43,19,-9,-3,-1,-6,,
-2,-5,0,-10,18,2,-1,-2,,
12,7,-40,-91,-18,6,2,5,,
-7,-14,-39,24,1,-6,2,4,,
-7,-9,4,-82,-28,-2,-9,10,,
4,12,37,33,12,-4,-15,-14,,
-19,-11,-36,28,-8,-5,0,-3,,
14,8,20,3,2,8,9,22,,
-15,7,4,-30,-2,-4,-10,-26,,
0,-12,23,11,1,-6,-6,-13,,
-6,6,-3,23,6,3,5,12,,
-32,6,42,-22,-11,0,-10,-14,,
7,-12,-2,73,3,-5,3,2,,
20,4,12,-51,-2,-1,0,0,,
0,-4,-10,-50,1,-1,7,-9,,
-17,-3,97,110,20,-6,-12,5,,
8,-10,-72,-19,8,1,0,-6,,
-10,-2,-16,2,-13,-6,-5,-16,,
-9,-7,33,15,-3,-2,3,3,,
14,3,-70,-64,0,13,1,40,,
-7,-1,24,-17,-14,-5,7,-2,,
-15,-8,-10,-3,7,0,-13,-22,,
0,-7,9,21,4,0,0,1,,
19,-3,-20,-51,3,5,2,0,,
-25,5,28,59,4,-4,-3,3,,
11,6,-17,-10,-7,1,11,17,,
-8,-4,-12,-38,10,4,-2,10,,
-9,-10,-16,18,-12,-9,-9,-1,,
35,21,33,5,5,5,7,-14,,
-14,-7,27,66,0,-4,0,3,,
-12,-6,-15,26,-3,-5,-16,-40,,
21,5,7,-31,8,10,16,45,,
4,0,-37,-23,-7,-7,-10,-20,,
-5,4,-9,-46,-12,-2,4,10,,
2,7,21,37,-2,5,-1,-16,,
1,-4,-11,-5,-1,-7,2,-8,,
-8,5,18,-38,8,-3,-9,-7,,
7,-5,8,2,-11,11,10,-6,,
-32,-10,-10,-12,-16,-7,-9,-11,,
19,10,0,2,-7,6,14,24,,
6,-5,13,9,18,3,-1,9,,
-5,-3,-11,-10,23,0,1,-12,,
11,12,15,-17,-8,-2,-2,-5,,
-17,-8,32,70,-1,-7,-11,36,,
21,1,-10,-117,-21,5,21,1,,
21,11,21,71,-4,5,-3,2,,
2,-1,-20,85,25,8,4,37,,
-10,1,6,48,1,-13,-10,-33,,
-8,-3,20,44,13,3,-10,-5,,
3,-8,-7,-49,-9,-5,-3,2,,
1,4,6,-28,0,1,11,6,,
10,6,-8,-32,-28,-4,-12,-14,,
-8,3,17,41,49,13,17,15,,
7,9,-10,2,-25,-3,1,6,,
-6,-16,-16,-27,8,-5,-11,-22,,
9,9,-4,33,14,-1,7,-11,,
-14,3,4,-92,-38,-11,-7,25,,
-18,-17,-33,43,-5,-7,-10,12,,
6,10,11,-18,-3,4,10,21,,
10,-2,11,-2,18,1,-7,-14,,
0,-1,-20,79,1,4,-8,-22,,
-27,-3,24,45,23,-7,-3,-10,,
-9,3,13,-2,-19,-1,4,25,,
29,-10,-50,-87,-2,4,3,-18,,
-21,4,67,10,-10,-6,-4,-19,,
11,-8,-64,-74,-3,14,14,24,,
7,11,65,49,-6,-9,-9,-25,,
-13,-20,-53,-46,-5,2,-2,6,,
13,1,-19,-33,-3,-1,3,-21,,
-7,1,37,31,0,-5,-3,-21,,
-10,-12,-22,14,-10,-2,-2,-12,,
-4,15,8,-26,12,11,11,31,,
3,-1,-6,25,-3,-3,-2,6,,
3,8,15,-37,-10,0,0,-3,,
11,-3,-50,10,4,-7,-7,1,,
-16,1,53,-3,14,8,0,-13,,
-10,-22,-99,-23,-10,0,-2,-11,,
16,6,29,-16,-13,-14,-8,18,,
-16,-3,16,38,13,9,8,-16,,
-8,1,-4,-58,-6,-1,1,2,,
12,-4,-23,55,24,-1,-13,-35,,
6,0,43,-1,-15,0,20,26,,
15,0,-13,-49,3,13,12,7,,
-11,-1,-15,16,-11,-7,-6,-39,,
7,1,9,28,-3,3,-2,28,,
4,-2,-17,1,0,0,-1,2,,
-34,-8,-7,-35,-21,-8,-4,7,,
-1,-7,-6,52,33,-1,-4,-12,,
5,4,19,-33,-19,2,10,23,,
-5,-2,7,14,-7,-4,-9,-17,,
6,-9,-51,-46,-2,-4,-9,-5,,
18,17,38,13,-11,1,3,21,,
-18,-11,-21,27,5,-7,-7,-25,,
6,4,-1,4,17,6,-6,20,,
-4,4,71,-3,9,6,12,-42,,
-2,-13,-72,-6,-28,-16,6,33,,
1,12,39,37,9,11,11,18,,
3,-1,-33,-70,-12,-2,-5,-14,,
8,5,20,63,13,-5,-9,10,,
-18,-22,-64,-91,-18,0,-8,-13,,
5,6,41,70,3,-8,-6,1,,
-20,-10,5,42,-9,-5,1,-7,,
8,12,5,-72,-9,-2,-7,2,,
3,6,8,42,15,2,-1,30,,
4,0,-5,-74,-1,5,9,-1,,
1,-8,-20,59,4,-7,-1,10,,
-2,1,-7,-70,-7,3,-6,1,,
-1,12,56,42,-6,5,11,-1,,
-1,-7,-3,41,7,-3,-11,-20,,
-4,0,6,0,9,-2,-4,20,,
6,-1,-35,-26,-16,-2,0,0,,
-8,2,40,35,4,-4,6,-6,,
0,-3,-55,11,-9,-12,-4,12,,
-6,7,28,-37,1,7,-8,-42,,
3,-12,-37,14,-5,-3,1,30,,
-4,3,-17,0,4,0,1,0,,
-7,1,38,-6,-27,-14,-12,-15,,
-4,-3,-45,-9,80,6,3,-3,,
-5,1,26,39,-22,5,-4,-4,,
11,1,-10,-17,-6,3,10,7,,
3,-6,41,-19,-15,-5,5,-13,,Training Set 5
-1,-18,-55,-58,-12,-6,5,12,,
-9,-8,14,-9,6,9,-4,-3,,
-3,2,43,42,10,-8,-17,-45,,
4,13,16,-16,-15,-1,8,18,,
-24,-18,-43,17,-8,-21,-15,8,,
-5,-1,-66,-47,27,21,9,-19,,
-9,-8,-50,-30,-14,1,-2,-4,,
-3,-9,10,-5,-3,-13,-13,-25,,
-8,4,27,7,-11,3,2,-3,,
-1,-11,-5,7,-9,-15,-12,-1,,
8,2,-21,-44,5,15,16,4,,
-2,9,1,20,17,7,2,10,,
-20,-16,37,76,0,-6,-1,-7,,
11,5,45,50,-5,-2,2,3,,
9,-6,-20,-50,6,-1,-2,10,,
17,14,31,33,-9,-7,6,20,,
-1,-1,-34,-74,7,4,0,6,,
-16,-7,40,0,0,5,-12,-23,,
27,6,9,70,22,-4,1,-9,,
-5,5,17,-67,-25,0,15,18,,
-5,-5,-6,34,11,1,-2,-10,,
8,8,13,-28,-5,-5,4,4,,
-5,2,78,8,-14,-2,-12,-40,,
-6,-14,-41,-25,2,-1,0,5,,
-5,9,8,-82,15,23,17,2,,
-1,2,-18,104,14,2,12,18,,
1,7,12,-41,0,8,14,5,,
-31,-7,27,125,13,-7,-20,-45,,
-3,4,9,-66,-23,-6,-5,-13,,
-8,-15,-2,-20,-19,-9,-8,1,,
-14,0,-5,23,17,-4,0,13,,
6,-3,-3,-73,-36,5,5,3,,
11,5,5,46,31,9,-2,3,,
9,-12,-9,80,1,-6,-12,-17,,
13,-4,-12,-9,-25,-11,-3,16,,
13,20,49,0,32,21,14,18,,
-10,-5,-37,-110,-39,-12,-8,-57,,
3,-2,-12,69,11,-2,8,54,,
1,8,9,75,12,5,3,11,,
4,-5,7,-26,-3,0,-4,-18,,
-12,-5,-1,13,-15,-17,-18,-9,,
-2,2,-14,-87,11,17,16,-31,,
-5,-12,-20,46,11,-5,0,40,,
3,-8,0,-26,-11,-2,1,1,,
-1,2,-35,-7,-10,-5,1,7,,
-1,-2,-22,3,-9,-12,-8,-5,,
3,16,34,34,21,28,25,0,,
-14,-11,-32,16,-3,-10,-22,-15,,
10,5,57,31,1,1,3,12,,
1,-6,-9,-44,-11,-4,-8,-16,,
15,7,6,-13,-10,1,4,-2,,
10,1,-14,69,13,-6,1,22,,
-2,-7,-5,19,-23,-6,-4,-8,,
1,4,-18,-9,-9,-9,-2,11,,
-6,-4,16,12,8,1,-6,-12,,
-21,-7,-11,0,-6,1,-1,-10,,
20,16,50,40,20,7,4,19,,
4,5,2,-12,-8,-1,2,0,,
-4,-19,-61,-35,-7,-7,-8,-4,,
5,6,52,17,7,-2,0,0,,
3,8,24,38,2,4,10,-14,,
-8,-16,-72,3,-4,-7,-16,9,,
-18,2,22,-15,-11,-12,-7,-8,,
19,8,2,-46,20,12,19,35,,
-4,-11,-27,-16,-24,-1,0,0,,
2,5,22,-75,10,6,6,-19,,
49,2,-15,-16,-35,-13,-6,19,,
-15,-11,-30,17,15,-5,-11,-31,,
-8,-10,-30,27,20,8,-1,1,,
7,6,-2,-64,-6,3,3,5,,
-8,-1,41,43,10,3,-2,-1,,
30,3,-35,-107,-29,-3,-1,13,,
-11,-9,7,19,3,-11,-5,3,,
-5,-3,35,46,-3,-2,-5,1,,
-10,-8,-26,-47,-14,-5,-3,-16,,
-2,6,24,55,11,6,2,17,,
-14,-2,-21,-25,-6,-6,-7,-9,,
-2,-1,14,10,9,-2,-4,-3,,
-3,-1,-18,-33,-1,-1,8,26,,
-21,-10,-1,34,1,3,-5,-26,,
12,6,-26,-104,-11,-5,-5,1,,
7,10,37,110,11,4,2,-22,,
-13,5,53,-2,3,-4,-2,-1,,
1,-2,-36,0,4,2,0,-3,,
-9,-3,8,19,-4,-8,0,5,,
-37,-4,-19,-86,-12,0,-9,-25,,
-19,-2,7,-26,-17,-9,-3,3,,
5,-6,-1,-17,19,13,2,10,,
4,1,-14,1,3,2,4,-6,,
4,7,5,9,10,3,7,23,,
-7,-9,27,103,0,-2,0,6,,
-6,1,-35,-86,-6,-10,-8,0,,
-1,1,21,21,0,-3,-9,0,,
-12,-15,-3,-52,-6,-3,-3,8,,
2,-1,-63,-30,-10,3,7,-11,,
4,-2,-7,97,2,-8,-6,-15,,
-1,5,31,-25,15,10,4,-42,,
-6,-3,-1,40,-11,-13,4,56,,
1,-14,-36,-40,8,6,-14,-46,,
16,14,40,-2,0,-1,10,23,,
-9,-3,12,14,0,-8,-4,1,,
21,-1,-47,-24,-13,3,8,0,,
-5,-6,26,-23,-17,-12,-4,9,,
6,12,8,44,26,18,4,-10,,
-6,-8,8,46,-19,-12,-13,-1,,
12,6,19,-39,7,6,2,-4,,
11,9,-5,-2,23,5,12,14,,
0,3,26,54,-13,-4,-5,-20,,
-8,0,36,28,5,-1,-1,36,,
3,-8,-57,-53,-5,4,2,-5,,
-12,-7,-10,62,21,-6,-9,-31,,
-41,-12,21,-13,-21,-13,-19,-34,,
26,6,-35,-58,-12,12,19,25,,
-8,-1,5,2,-1,-14,-9,-8,,
9,11,53,7,13,11,-2,-6,,
4,-8,-43,5,-16,-10,4,-2,,
-18,1,7,-18,11,2,-2,6,,
-3,-4,-9,10,-17,1,-4,-12,,
-6,6,-16,-3,6,-1,4,2,,
0,-11,-14,39,6,-7,-9,-14,,
6,-2,-16,-60,-20,-2,1,16,,
-5,-4,1,14,-9,-10,-7,-3,,
-3,1,4,17,1,4,2,3,,
-1,-7,6,-57,-9,-5,-2,5,,
6,6,-1,22,21,10,8,37,,
6,6,24,19,11,2,6,-7,,
-18,-2,-5,-37,-22,-5,-19,-5,,
17,3,-2,-44,-2,-5,-4,-6,,
-29,-20,-26,46,4,-6,-8,-17,,
16,20,79,-50,-6,10,13,-4,,
-5,-28,-81,2,-1,1,9,25,,
6,1,23,-42,10,0,-2,3,,
9,-3,-10,65,-4,2,-2,-17,,
-8,11,13,28,18,7,0,0,,
4,0,-7,-61,-18,-2,6,4,,
9,4,13,65,14,-4,-7,9,,
4,-5,-46,-33,-8,-3,-5,-38,,
-12,-8,-19,-8,-9,-4,1,31,,
16,16,14,6,10,11,19,4,,
-1,-7,-19,-13,-6,-2,-3,-9,,
7,12,50,89,23,5,7,13,,
-7,-13,-12,1,-10,-7,-13,-22,,
9,3,-10,-22,-12,-2,-7,4,,
2,-3,-3,24,-14,6,13,10,,
-26,3,-7,-37,12,9,11,-1,,
2,-6,-14,34,9,-9,-9,-19,,
-2,0,7,-22,-4,8,-7,25,,
-18,-5,3,46,-10,-15,-3,-7,,
13,5,5,-26,-15,0,0,1,,
0,4,7,-5,21,11,8,0,,
0,-1,-49,-16,15,-1,4,-1,,
12,8,74,-15,-11,-1,-3,37,,
11,-4,7,25,1,-5,-4,-7,,
5,-2,18,4,10,2,1,4,,
-20,-3,-19,8,5,-9,-5,-5,,
-5,10,6,-12,-27,7,5,4,,
31,5,6,32,6,6,8,18,,
-15,-15,-3,79,-6,-18,-18,-18,,
-5,-4,13,-7,6,-3,-1,-10,,
10,5,-16,1,-2,0,-5,-25,,
-23,0,3,-79,-11,6,1,3,,
9,4,7,-12,-14,0,7,5,,
9,6,40,-12,2,1,2,-3,,
-2,0,-2,-12,-5,-8,-1,0,,
-15,-4,-28,26,-7,-3,-6,-11,,
21,2,10,30,1,1,-1,1,,
-11,7,43,15,-13,-7,1,15,,
4,-7,-14,-48,27,23,5,4,,
6,1,-21,-44,-4,-8,-5,-3,,
2,5,-4,-33,-8,5,9,15,,
-22,-17,-5,43,2,-15,-21,-53,,
-1,-5,-15,21,-5,-5,6,20,,
-7,-5,17,8,4,-3,-7,-7,,
-8,-1,-38,-34,-5,1,0,-13,,
6,-7,-8,6,-13,-8,-4,-8,,
-15,-4,-7,-15,33,8,-2,-13,,
11,1,13,37,-1,2,3,-6,,
-23,3,49,-49,-3,-2,3,-50,,
27,-9,-50,-88,-21,8,10,57,,
-49,0,28,31,-9,-23,-10,-12,,
23,-2,20,52,29,9,3,9,,
8,5,18,41,11,4,1,-2,,
-20,-5,-17,34,4,-8,-13,-13,,
11,0,-23,-25,-6,9,15,0,,
-4,3,-7,-41,-8,-9,-7,-13,,
-13,-7,-1,16,-24,-8,-4,22,,
10,9,16,14,12,13,6,-14,,
8,-5,-34,-15,21,1,5,12,,
-6,-4,22,19,-6,-2,-3,9,,
7,6,-6,-29,-17,6,3,10,,
-8,-6,-8,18,7,-1,-9,-18,,
3,3,42,-5,-12,-5,-1,15,,
2,9,19,-1,-5,-2,3,-3,,
-9,-14,-58,-30,1,-4,-8,9,,
-9,-8,25,-5,-3,-6,-12,-40,,
31,6,25,4,-8,-4,8,1,,
-3,-9,-35,16,39,9,5,10,,
-3,-1,32,15,-11,-8,-12,-10,,
-14,13,6,-13,13,10,6,1,,
3,-7,-9,19,-13,-2,1,0,,Training Set 6
-33,-3,-1,65,5,-1,-7,-59,,
10,14,42,-9,-1,9,13,57,,
6,13,2,-55,17,13,2,-20,,
-6,-12,-23,26,-13,-8,-2,-19,,
23,2,-12,-56,-2,7,10,22,,
-5,0,4,45,4,-10,-10,-6,,
0,1,10,49,1,0,-1,7,,
-9,-1,-8,-48,-7,-1,0,-2,,
0,-1,-13,27,3,1,1,7,,
-3,-2,21,-17,-3,-6,-2,-47,,
6,0,8,-8,20,1,7,53,,
-12,-3,2,-22,-14,2,2,-17,,
-9,-2,16,58,-6,-13,-14,-11,,
6,0,1,-39,9,9,-4,11,,
-5,-5,-6,4,-11,-12,3,4,,
0,1,-10,-2,-6,4,-1,1,,
2,0,22,69,-9,-4,1,-17,,
-3,-2,22,58,12,3,4,33,,
-3,-1,-29,-32,8,0,0,-20,,
3,2,5,-49,-8,3,1,1,,
-13,-5,24,5,0,-5,-8,10,,
-13,-3,-21,17,2,-1,1,36,,
1,-10,-4,-26,-17,-16,-17,-33,,
-8,3,48,90,-7,-3,3,0,,
-8,-17,-76,-36,3,6,-1,-16,,
1,10,29,-81,-7,0,0,17,,
22,-3,-70,-17,-8,-4,-6,0,,
-26,-11,-11,26,13,-3,-6,-12,,
-6,0,12,-12,-23,-10,1,-16,,
7,-1,11,36,15,6,4,-13,,
-21,-3,15,30,-6,3,-2,7,,
30,3,25,-23,0,1,1,3,,
15,11,-24,-68,12,6,9,20,,
-15,1,-42,-61,-15,3,0,-41,,
-13,-3,67,70,-1,-11,-11,-11,,
8,9,-19,-12,4,7,-7,-12,,
4,-5,8,-30,-26,-12,12,56,,
-2,3,47,76,42,5,0,-4,,
-16,-19,-91,-17,-19,-7,-18,-62,,
-8,0,13,0,-6,3,13,27,,
0,-3,-19,-24,-8,-5,-6,-1,,
-8,2,26,86,4,0,1,6,,
-2,-6,-6,-111,-11,1,2,5,,
1,-1,-21,-24,-14,-1,1,-4,,
-2,3,18,61,34,-1,-5,9,,
0,-6,-9,-54,-25,-5,0,7,,
-2,-3,31,47,14,6,1,-30,,
6,6,-7,17,-1,-3,-6,18,,
-2,-3,9,-65,-33,-3,-2,-16,,
-20,-8,-41,-69,-7,3,-3,10,,
4,9,9,25,14,3,8,-4,,
-3,2,-13,-40,-19,2,-8,-18,,
-9,-4,29,102,22,-1,-4,46,,
9,-6,-10,-44,-15,-4,-3,-4,,
-12,4,-29,-21,-8,-3,9,17,,
-3,-8,14,9,6,-1,-6,-12,,
11,6,-10,-49,27,5,7,-15,,
10,-1,-10,-33,-32,0,-6,-41,,
11,12,36,6,23,7,16,102,,
-7,-3,16,-18,-5,-15,-11,-12,,
-12,-10,-11,-4,-8,4,3,-4,,
6,5,-12,74,7,4,7,10,,
21,0,28,-87,-6,2,-10,-34,,
-23,2,-36,64,6,-3,5,7,,
-3,-14,-21,-6,-11,-10,-9,-12,,
6,16,34,-6,-5,2,4,14,,
-5,-2,-27,-28,-16,3,-5,0,,
4,0,41,113,25,-3,5,0,,
1,1,0,-34,10,2,-9,-27,,
1,-11,-42,-33,0,1,8,48,,
-8,2,13,7,-8,-3,-10,-39,,
-13,-28,-17,-72,3,-12,-8,-4,,
-5,10,-18,-1,-18,-5,10,11,,
-19,-16,16,24,8,-1,-19,-2,,
15,5,0,-4,-11,-13,1,-1,,
-1,2,-36,-37,2,11,7,-4,,
-1,-1,20,65,20,3,-9,-4,,
10,-1,26,-55,-27,-10,0,-1,,
-2,-9,-23,95,32,2,-1,9,,
23,21,28,-80,-14,5,7,4,,
-17,-12,-6,36,-6,-6,-12,0,,
-1,7,19,-11,2,2,2,-30,,
-1,-9,23,60,5,-11,-5,27,,
6,-7,-22,-33,-18,0,-1,-17,,
0,4,-3,0,20,11,12,-3,,
1,6,4,50,-11,-4,-1,-18,,
-12,-9,-6,-7,-7,0,5,19,,
0,-5,-20,41,13,11,5,1,,
5,2,-9,-16,-28,-7,-5,5,,
-1,1,38,97,18,-2,0,-4,,
-3,7,-34,-16,0,3,7,-20,,
3,8,42,69,-2,3,-1,18,,
-4,-15,-54,-27,-3,-1,-7,-10,,
5,-1,-8,-20,-10,-7,-4,39,,
-11,4,20,-26,-4,-2,5,-15,,
13,1,0,6,-1,-12,-14,3,,
-1,7,38,5,-7,5,-2,12,,
18,4,-28,-31,21,10,13,12,,
-9,-16,16,36,-28,-11,-11,-15,,
-17,1,-18,-58,2,-7,-12,2,,
7,-11,-25,31,9,-8,1,-12,,
0,0,-4,-24,21,7,1,2,,
-3,1,-20,-46,-5,2,-8,-11,,
16,11,30,46,11,3,11,-7,,
10,8,16,-7,-6,15,13,2,,
-9,-3,-24,-13,-7,-9,-10,5,,
6,-6,-25,-44,-2,-3,-1,-21,,
-4,3,18,51,32,12,6,16,,
-1,0,24,-48,-10,-11,-1,9,,
2,6,-14,-25,-2,8,11,-2,,
-24,-16,-12,39,-17,-13,-21,-17,,
-1,6,14,-8,7,-3,3,19,,
5,-2,-18,-20,3,5,0,-8,,
-11,-2,-6,-18,-11,0,-3,-17,,
9,1,6,-18,-9,-4,-5,2,,
-22,7,-7,18,7,5,4,-33,,
9,-10,-23,-56,-24,-5,1,7,,
-26,-16,-5,53,5,-15,-20,-5,,
14,7,5,-14,-5,12,17,10,,
-6,-1,13,19,1,-3,-3,-5,,
1,8,-48,-82,-19,2,-3,-5,,
-15,-14,8,82,24,-5,-7,-17,,
10,8,11,-23,-6,-1,7,13,,
4,-3,12,18,0,-5,-3,-11,,
3,4,4,-18,26,11,16,39,,
7,4,12,-37,-8,-7,2,-3,,
-9,-3,-10,14,-4,11,-5,3,,
-1,-15,-52,-79,-18,-7,-1,-13,,
-4,13,23,63,3,-7,-3,-37,,
6,-3,31,16,-8,-2,-6,29,,
1,6,20,32,31,-1,-2,-8,,
9,-6,-12,-1,-14,3,-1,5,,
-8,2,26,56,3,-4,-3,-14,,
13,4,-11,12,-11,5,5,20,,
-4,2,16,-67,-14,-1,-3,-14,,
14,-7,-42,16,7,-2,5,34,,
-10,6,36,5,14,-9,-17,-10,,
-6,-13,-10,-95,-32,-8,7,-16,,
-1,4,-3,71,5,7,3,-15,,
5,5,20,-35,3,16,10,30,,
1,-3,38,106,5,-11,-17,-24,,
2,8,-21,-23,9,1,3,-7,,
6,-7,-21,-24,-26,-1,8,9,,
-9,-10,15,-15,-13,-11,-7,-20,,
-3,-1,-13,13,2,-6,-3,0,,
-7,-6,-5,-9,4,-5,-4,1,,
16,6,-4,-74,8,12,8,7,,
4,2,-10,58,11,1,0,11,,
3,-6,-8,-36,-18,-5,7,-8,,
0,3,-2,-2,10,5,-10,24,,
-16,-8,-26,-26,-1,-9,-10,-22,,
-7,1,51,52,-7,-3,0,24,,
3,-9,-49,-67,4,3,6,16,,
15,6,21,27,7,7,3,-14,,
-5,3,5,5,-9,-9,-5,-7,,
3,7,2,-56,0,8,-3,1,,
3,5,-5,60,-7,4,6,11,,
-14,-13,-4,42,-10,-8,-4,-18,,
10,2,-1,21,3,0,3,22,,
3,2,32,92,0,-22,-18,-37,,
-12,-2,-20,-73,-16,7,1,35,,
12,5,-13,-6,3,8,12,10,,
-7,-11,-14,5,16,-4,-2,-18,,
-1,-5,-50,-45,-28,-6,-5,20,,
7,-2,7,22,26,11,-2,-29,,
5,14,48,45,-5,-5,2,-1,,
0,-1,11,-3,0,-2,-7,9,,
0,-5,-28,-45,24,16,6,-31,,
0,-6,8,-11,-17,-13,-8,24,,
-13,3,5,50,2,-9,-13,-48,,
11,0,20,47,6,-4,8,25,,
-6,0,-15,-56,-20,2,0,-8,,
9,4,32,14,11,4,1,-7,,
-11,-8,-69,-29,9,4,0,33,,
0,5,15,-5,-4,1,-1,-23,,
6,5,24,3,-4,-1,5,13,,
-11,1,20,17,-4,-5,-6,-6,,
2,-11,-37,-84,-21,-7,5,-31,,
17,3,23,15,16,-2,4,43,,
-23,-7,-20,44,-9,2,2,-5,,
6,13,37,-6,9,1,1,-7,,
9,-1,-11,-21,-2,14,9,16,,
7,2,-32,-50,-36,-5,1,5,,
14,4,47,45,45,-2,-4,-27,,
-5,-4,7,24,-33,-4,-8,-27,,
-11,-5,-36,9,13,3,-2,18,,
-15,0,-15,-79,-3,9,10,9,,
-11,-2,39,81,-7,-12,-4,-1,,
-6,-8,-9,24,25,4,2,-9,,
18,7,8,-34,10,10,-4,-7,,
-5,1,-11,15,2,3,8,21,,
-8,2,-3,-57,0,7,4,-2,,
8,-4,-2,17,5,-10,-2,5,,
2,6,24,-48,-9,1,-5,-15,,
3,-2,-13,-41,2,-4,-8,-13,,
1,-1,27,61,4,2,3,7,,
-1,-2,-58,-14,-11,2,9,14,,
-11,-6,18,14,-9,-13,-9,-2,,
1,3,32,-3,26,0,-4,-44,,
8,7,-30,-40,3,13,6,22,,Training Set 7
