9,8,42,14,2,2,59,12,,
-21,8,-33,27,-10,-13,-12,22,,
15,-13,-52,-10,13,-6,-72,-3,,
-4,5,6,-32,0,18,67,-1,,
4,26,-14,-30,-26,-9,-31,-2,,
72,10,19,-27,12,4,29,10,,
-20,-2,7,-25,-4,1,-9,25,,
-7,15,41,53,7,-1,-5,-30,,
9,-14,-29,15,13,7,5,10,,
-25,-10,-3,18,-14,-14,-77,8,,
32,-21,44,-42,3,2,78,-2,,
43,49,12,47,9,-3,22,28,,
-3,-8,35,-31,4,7,-1,-12,,
-38,-35,-60,-14,-18,-10,-29,-14,,
62,4,44,29,-3,-5,-11,3,,
-12,-5,34,-16,4,-1,15,4,,
36,15,8,20,2,-7,-32,36,,
-9,-13,-61,-28,0,10,-22,-83,,
-71,-51,-2,-81,-22,-7,14,7,,
5,-31,-16,0,-6,0,16,50,,
-19,-3,-57,23,2,-11,-26,-22,,
16,-29,32,-21,4,-4,-13,-17,,
-31,41,-2,-13,-13,-8,-27,-26,,
72,19,16,43,16,13,11,19,,
-34,-39,54,-28,-22,-9,-12,-33,,
-55,-4,-4,-16,0,-7,-16,-14,,
18,6,-63,63,22,2,-25,-26,,
34,45,74,-53,-24,-11,6,3,,
-38,-15,-55,44,3,2,-9,-31,,
22,7,13,53,7,5,26,15,,
23,44,73,59,17,-1,-5,32,,
-41,-69,-15,-49,-18,0,17,-12,,
15,26,-53,23,28,22,-3,-11,,
-37,-33,-3,51,-5,-4,25,-10,,
43,35,20,-59,-2,7,-8,6,,
-12,-14,-25,61,-6,-10,-10,-8,,
32,19,81,-30,-19,-16,15,12,,
32,-11,-4,54,23,1,-26,-6,,
7,-5,-51,-28,-13,7,71,51,,
24,26,46,-16,10,1,-23,-37,,
-38,-29,-89,33,-8,-3,-23,10,,
-41,32,28,-40,4,0,-1,-3,,
73,-48,-54,-46,-4,-5,-1,-20,,
8,30,17,29,-2,6,-12,-2,,
74,-57,-4,-50,-19,-9,5,26,,
-52,10,-26,16,3,-7,-32,-31,,
-29,7,19,54,1,-5,-26,-11,,
-63,-16,33,-60,-6,0,16,45,,
-10,18,12,26,23,12,30,-4,,
10,1,-13,-46,-11,-12,-54,2,,
-29,6,57,-16,-21,-3,47,-1,,
12,38,-25,-7,0,7,22,-10,,
-71,8,35,10,12,5,-4,22,,
-8,-18,-2,35,9,-3,-12,10,,
-62,-2,-43,4,-2,4,-3,-12,,
8,20,-29,32,14,-7,-16,7,,
31,23,31,3,-10,13,-3,-22,,
-7,-57,-14,15,-5,-1,49,29,,
-57,13,28,27,11,3,-21,-11,,
44,-11,11,11,-7,-2,7,15,,
-7,-8,-50,-42,-2,-4,5,-29,,
28,48,47,72,8,-2,-15,17,,
-37,-36,36,36,-1,3,0,4,,
28,-20,-94,10,5,2,14,-3,,
-3,1,83,56,-7,-2,-12,10,,
4,13,-8,-50,0,4,35,-7,,
69,-38,-27,19,3,-5,-51,-6,,
-31,27,52,-34,12,12,36,20,,
10,31,17,43,1,-6,-8,-18,,
-20,-67,-18,-43,-4,3,28,55,,
77,28,31,-5,-10,-14,-38,-7,,
6,27,25,44,10,4,-37,-7,,
-14,-37,-21,-4,-2,10,67,20,,
-30,-6,33,-63,-19,-7,14,-27,,
-10,15,-62,55,20,3,-15,4,,
-27,-19,1,3,-39,-22,-8,-18,,
-23,22,-10,-28,19,2,-32,14,,
-8,14,-13,-34,-13,1,16,-6,,
5,3,-9,56,16,6,19,-16,,
-41,26,-17,-71,-14,-3,-4,-11,,
51,-11,-9,-38,4,-7,-30,-1,,
37,-24,-20,-12,-12,9,31,26,,
-46,22,15,-65,0,2,6,-2,,
-12,-4,1,49,0,-3,-22,3,,
75,1,-34,-4,-5,-12,-2,-7,,
40,13,26,-88,-11,3,-4,9,,
-16,-3,18,19,-5,-3,36,-1,,
21,-49,0,29,3,-3,-20,1,,
10,-12,-38,-21,0,-1,-16,-2,,
-10,31,40,-2,4,4,2,-20,,
-56,-22,-54,-19,-5,-6,-45,-21,,
-20,-5,27,41,2,2,37,9,,
4,10,-56,-30,0,-2,3,-20,,
42,28,62,88,1,-6,-15,35,,
47,-22,-11,4,-3,5,8,36,,
3,17,-14,-38,-7,-3,-4,-70,,
-8,12,-45,10,-3,-3,8,23,,
-28,-57,6,24,-2,11,13,-16,,
13,20,-35,30,19,-3,-22,5,,
14,-7,-41,-43,-8,-1,35,35,,
0,22,24,23,5,2,-12,-7,,
-21,-31,-32,6,-7,-14,-33,-29,,
-54,-2,4,-53,-5,3,1,6,,
12,-4,-29,36,13,6,10,21,,
-9,-16,8,-1,-5,-4,-24,-33,,
-36,-57,-29,16,-1,-8,8,14,,
-1,30,20,5,-2,4,9,-12,,
31,1,-32,-22,6,-10,-8,2,,
-25,-9,2,-57,-16,2,-52,-11,,
-28,17,61,58,9,8,73,-17,,
31,-4,-78,-49,-12,-5,4,7,,
-18,-13,24,12,2,-7,-7,11,,
-71,-3,34,-3,0,-10,-43,-7,,
27,-14,-102,7,5,-2,-4,2,,
-53,14,54,30,6,1,1,-18,,
36,-14,-22,-11,-5,2,4,5,,
-17,9,37,-19,-9,-2,31,14,,
38,18,14,-12,11,-5,-48,-53,,
12,34,-36,19,-8,9,33,31,,
-55,-52,17,34,10,-3,-37,-31,,
21,-23,19,-3,6,4,55,15,,
-13,31,-18,-14,-8,-3,-38,-8,,
36,14,40,-17,-14,-30,-26,15,,
-11,0,46,-42,-14,22,27,-12,,
-52,29,4,36,21,13,18,0,,
30,-29,19,-40,-7,-8,-9,27,,
18,-3,31,75,11,0,1,-25,,
13,18,6,-4,-12,-10,-32,-12,,
-19,10,5,4,1,-1,-2,10,,
-68,16,1,3,6,5,19,-4,,
9,-61,16,-31,-19,-4,-29,-28,,
4,64,4,0,4,0,12,2,,
29,-62,67,43,11,1,-12,-9,,
19,35,-38,-40,-23,-11,-4,-9,,
-15,-7,43,-12,3,2,13,8,,
-29,10,3,38,1,1,13,3,,
46,28,-14,1,8,4,-17,16,,
-25,38,53,-26,-12,1,40,-6,,
12,-56,-50,-28,2,0,0,25,,
-3,52,31,61,18,9,-15,-30,,
12,-25,-50,20,2,-12,3,3,,
-31,28,65,3,-12,6,-16,7,,
-17,29,30,-62,0,7,-1,-28,,
1,-42,-80,-14,6,0,14,34,,
-28,6,-3,-52,-13,-10,0,-17,,
36,-8,30,18,15,-4,-30,-2,,
-17,-41,-45,19,-2,2,24,2,,
-2,12,-16,-70,-7,-4,-13,1,,
-3,-23,-2,20,-7,-2,13,-22,,
26,19,-8,48,1,-2,-2,55,,
-23,13,8,22,3,4,-21,-39,,
-10,-50,-20,-49,5,5,13,32,,
45,26,18,36,3,1,6,-2,,
-45,19,-49,-34,-11,-9,-26,-9,,
-11,-13,24,57,14,-1,-10,-22,,
1,38,62,41,4,4,27,-8,,
-32,-39,-40,-18,-8,1,-19,5,,
35,-9,-53,-32,3,2,47,15,,
18,45,5,-64,-12,-5,-5,-8,,
-28,-19,27,52,4,-1,-38,-2,,
50,2,51,7,1,3,66,24,,
-11,-19,-77,-11,-9,1,-3,8,,
-8,-16,13,34,3,-5,10,3,,
50,-1,12,48,2,4,-20,-3,,
-21,-1,18,-29,1,5,14,0,,
-20,-2,20,30,8,-1,-17,19,,
53,-18,26,-50,-11,1,8,-1,,
-5,-31,-89,-15,6,-12,-1,0,,
9,20,13,82,-9,1,-34,-2,,
13,9,47,-27,-3,3,31,-35,,
2,5,-27,26,-3,-2,-15,41,,
-8,-21,-6,32,12,5,39,8,,
-15,8,9,-10,8,-2,-22,-10,,
60,-4,-49,-8,3,2,-13,-16,,
-8,6,21,-1,-20,-9,-29,-11,,
-55,-3,-55,-90,-11,-9,4,5,,
-13,-21,-88,23,-4,7,18,-15,,
-13,-14,-4,39,16,6,18,41,,
-11,13,4,36,28,10,-12,-25,,
3,23,27,-55,-26,-14,-4,-2,,
-8,28,3,16,-7,2,-12,23,,
-14,-8,13,-54,-3,-4,-18,-6,,
-1,13,-42,44,10,5,19,-5,,
5,-16,50,-15,-12,-6,0,1,,
-21,15,25,0,10,-3,-2,15,,
-67,-7,28,-5,1,-5,-27,-64,,
76,4,-12,-72,-13,4,22,31,,
66,19,-23,38,6,1,-6,13,,
-26,-54,17,19,-3,-6,-20,39,,
-4,42,1,-12,15,15,51,-15,,
0,-47,3,-75,-28,-18,-24,-17,,
8,5,-16,0,1,1,-33,-37,,
24,16,17,57,-5,0,37,21,,
42,-16,-35,58,25,2,-8,16,,
-84,-30,-10,31,0,-7,-6,-45,,
20,45,23,-72,-6,11,15,30,,
-44,-36,-34,-31,-3,-14,-20,-25,,
39,9,7,40,-3,-3,6,18,,
-31,25,42,-15,3,-1,2,6,,
3,-49,-25,-8,4,1,2,-11,,Training Set 1
-35,-5,23,19,3,7,-27,-26,,
-36,-12,-27,-40,-19,-13,11,24,,
37,31,17,16,10,2,1,8,,
-60,-24,51,-13,-19,-2,10,-21,,
6,66,2,2,5,0,-16,-6,,
35,-5,1,-21,9,-1,-28,-21,,
-18,-31,-3,-16,-14,-6,-6,12,,
-4,0,-1,59,9,2,39,-10,,
33,1,-42,-52,-1,3,-11,32,,
31,52,47,-30,-21,4,-10,-25,,
5,-51,2,-41,-6,-6,-34,10,,
4,24,-41,4,-5,0,88,-12,,
31,-30,18,-23,-10,-7,-71,-22,,
-28,-1,-28,42,20,6,41,-1,,
-29,-13,-16,-24,-12,-3,20,48,,
-24,21,4,34,15,6,-39,6,,
-7,-12,17,-4,-11,-3,-14,-16,,
25,5,-21,14,8,5,34,2,,
44,45,-12,2,-8,9,-3,4,,
90,3,67,92,13,-11,-34,38,,
-90,25,99,-9,5,4,38,-24,,
-17,-93,-3,-2,-5,-7,-64,23,,
30,41,-14,-105,-21,0,80,-14,,
-4,24,36,31,3,-3,-12,-10,,
57,-14,-44,-23,5,-1,4,0,,
-68,12,20,64,14,-4,-46,6,,
69,16,14,-8,-2,2,54,3,,
3,7,55,40,0,8,13,38,,
-31,-5,-14,-24,2,-10,-21,5,,
-65,-24,-14,-5,2,2,0,-5,,
14,-6,2,-28,-9,-8,-35,-32,,
-29,30,1,31,11,5,17,0,,
59,13,-29,41,9,5,-9,34,,
13,-66,-30,-56,8,6,31,-18,,
-17,25,-24,6,-17,-11,-22,0,,
78,-14,0,-30,-10,1,-4,-8,,
8,-3,13,73,19,3,-4,19,,
0,33,-15,-52,-12,-7,-12,13,,
-16,-20,33,0,10,0,-17,-10,,
-20,-15,-38,0,-7,-4,35,-32,,
23,-30,-50,0,-1,5,28,19,,
-14,-12,3,11,0,0,-4,0,,
-21,15,1,54,7,-9,-5,3,,
6,3,18,-31,-15,-3,-52,-20,,
-30,-35,-47,-1,-1,0,3,-58,,
5,42,39,-11,-3,1,21,62,,
-56,-14,-30,-39,-3,0,-10,-28,,
40,17,-33,-58,2,-4,-18,1,,
-34,31,55,14,-8,1,17,20,,
-7,-24,5,47,8,-1,-3,-3,,
-57,3,-45,36,12,1,-32,-34,,
27,12,51,-12,-1,-1,-26,-19,,
29,-19,8,-38,-19,-10,17,32,,
-1,-1,-52,-13,2,15,30,-2,,
14,20,29,-3,-3,1,10,34,,
-26,-22,48,29,2,-3,-3,-43,,
-1,-43,-55,-33,5,0,-16,-10,,
12,11,-26,25,-12,-10,-9,4,,
-33,-36,46,73,8,0,0,-4,,
-2,-7,37,50,14,5,9,16,,
19,62,-48,-81,-10,-3,-13,-3,,
-40,-17,-5,6,14,3,-30,-28,,
-57,-28,-11,-12,-20,-2,35,0,,
40,-5,-66,-9,-3,-1,8,35,,
-46,-8,28,47,11,-5,-49,-32,,
2,21,53,12,0,2,16,34,,
17,27,-34,-45,6,11,16,-12,,
0,-32,-26,32,10,1,0,-20,,
29,7,23,16,-22,-8,-4,10,,
-14,11,10,16,5,-2,4,-27,,
-42,-65,14,-1,10,-5,-3,15,,
-1,34,26,36,-19,-18,7,34,,
14,6,-43,29,12,16,-28,-42,,
51,13,-6,3,-3,6,3,-5,,
41,-25,-21,-68,-8,-6,-16,4,,
-27,10,13,45,6,3,25,-12,,
-10,-20,-4,-9,2,-5,18,22,,
53,-4,3,-30,-19,-20,-38,-22,,
-28,10,-57,5,9,6,-26,1,,
11,12,-25,-48,-7,-1,47,34,,
3,11,56,47,3,1,-14,-32,,
-45,-54,-34,20,-6,-5,-16,-11,,
-6,31,32,-6,3,-1,15,9,,
7,-33,-23,-56,-12,-5,-22,-9,,
-4,41,-48,-2,2,-2,14,27,,
-79,-59,4,-37,0,0,7,-5,,
66,19,27,-13,-14,-15,-18,18,,
18,-2,-26,23,3,12,4,2,,
33,-30,63,-5,13,22,34,14,,
-12,63,7,31,-3,-6,-6,-12,,
36,16,-40,39,12,0,-4,-8,,
-99,-33,-7,-39,-16,-12,-15,-10,,
46,20,97,33,1,-10,-10,-18,,
52,-12,-17,2,9,3,22,26,,
-6,-23,-19,53,12,16,12,-8,,
-10,11,-14,-15,3,-2,-33,16,,
-12,29,16,-95,-11,-8,32,-2,,
50,10,-12,30,-5,2,-12,13,,
15,16,28,32,3,-1,9,-30,,
10,-12,-6,6,18,7,3,12,,
-4,-5,9,9,-14,-8,-8,7,,
16,15,24,-9,6,1,11,1,,
-28,7,72,11,-13,3,-10,5,,
10,-11,2,42,15,6,8,2,,
-53,-3,-21,-57,-9,-1,-12,-31,,
23,-1,34,11,9,-9,-24,15,,
-19,-22,-66,5,-5,-2,40,-11,,
4,25,11,6,3,4,16,4,,
-17,-42,1,44,3,-2,-5,7,,
10,-1,-21,-2,-7,-2,-12,-31,,
11,34,29,-35,-1,2,-32,10,,
39,-51,-21,43,8,2,51,22,,
-8,-17,-38,-32,-7,-3,-16,-35,,
-30,27,51,1,-10,-4,-10,38,,
19,-28,-63,-2,5,2,28,-15,,
-9,22,-30,-82,-18,-18,-17,-10,,
17,18,4,25,10,12,-8,5,,
-44,2,3,38,-6,-2,14,8,,
-19,-5,-9,-48,6,-3,-52,-11,,
37,42,32,44,7,13,3,1,,
12,-53,-70,-76,-24,-19,-38,9,,
-41,-39,-34,-48,-2,10,79,-2,,
32,42,-2,-13,-20,-9,-12,-14,,
-24,-21,37,23,6,-7,-33,-36,,
-12,15,-1,25,2,5,-8,-5,,
59,42,-4,50,17,13,27,6,,
3,-23,18,-57,-16,-6,3,30,,
-54,-13,-17,22,-3,-3,-15,-10,,
1,27,64,50,11,-1,-21,-6,,
-24,-14,-4,6,4,3,5,-4,,
37,24,44,13,-6,2,-7,1,,
52,-4,1,-8,-6,-13,6,-18,,
9,8,-22,-23,6,14,11,30,,
-52,34,43,46,13,4,-24,-28,,
-31,-22,-5,-32,9,-2,-27,7,,
22,11,10,-52,-19,0,43,8,,
-21,-2,-22,49,-4,-9,1,67,,
32,1,-44,-56,-1,9,14,-46,,
32,-10,-36,107,23,-1,-5,17,,
-21,0,5,-111,-22,-4,-44,-3,,
-4,-20,-1,-10,4,0,40,-15,,
39,8,7,-14,-9,-2,-7,7,,
-14,11,-20,48,6,2,15,3,,
17,-9,78,25,11,4,5,12,,
14,-18,-9,-3,0,1,-10,-41,,
-58,-34,3,-48,-10,-7,0,18,,
-64,-8,95,71,3,-7,-5,-55,,
45,22,-35,-59,6,8,-3,50,,
1,30,38,45,-3,3,4,16,,
8,9,40,18,2,-24,-11,-23,,
-24,0,-21,-21,-8,16,-34,-40,,
-38,-19,-43,40,4,1,28,-13,,
-7,14,-20,2,3,-9,1,35,,
1,3,-17,17,7,3,-1,-22,,
-1,5,58,-37,-11,-9,12,60,,
-3,-32,-65,2,6,4,-31,-22,,
24,-19,-28,11,-13,-3,21,2,,
40,11,-22,-73,-13,-7,-20,-24,,
-25,-48,-9,-5,2,-4,37,7,,
-23,29,28,37,9,10,0,9,,
-9,-1,2,-4,9,0,-14,7,,
69,22,-14,-23,-12,-2,1,-9,,
0,-3,5,-20,-26,-12,-13,-35,,
-9,-24,-20,-12,-2,-20,-2,35,,
-74,2,51,37,6,16,-26,-47,,
0,11,-5,26,6,11,30,18,,
40,19,-26,-104,-3,1,-6,33,,
-47,-40,-13,7,-9,-7,-13,-67,,
18,-2,18,51,8,-4,48,63,,
-76,-4,-35,-7,-6,-6,-44,-46,,
-16,-11,9,-45,-6,8,39,13,,
-8,-7,-84,-38,-13,-3,-17,-12,,
0,26,42,4,-2,-2,-4,-14,,
16,16,-1,19,4,9,18,34,,
11,-20,-24,47,13,-2,-24,-8,,
16,28,54,9,3,11,31,13,,
21,-18,-72,-67,5,-3,13,-11,,
23,2,17,21,-20,-12,-12,37,,
-29,4,52,6,3,-4,-28,-16,,
46,-43,49,35,8,6,30,41,,
-42,23,-19,-2,-4,-4,-29,-46,,
21,-28,3,-48,-1,-10,-1,9,,
57,21,-59,9,-6,13,36,3,,
34,45,26,33,-2,3,-16,-5,,
-2,-15,83,-28,6,-13,-32,-37,,
-11,-4,-18,7,4,8,37,12,,
-44,5,14,43,-2,-11,-13,-7,,
7,9,-11,-31,0,-6,0,16,,
6,8,-1,-60,-15,2,-16,-19,,
-1,-13,-25,18,-9,-4,-5,-8,,
0,-32,-22,49,12,0,4,14,,
15,16,31,-22,-9,1,-20,-13,,
-35,-7,-19,-6,-4,-6,23,45,,
-25,4,5,-16,10,8,-5,-21,,
-38,7,84,31,-2,-6,4,-41,,
-78,-11,-14,2,2,-8,-18,22,,
35,10,24,-18,-13,5,5,20,,
-5,17,26,60,10,9,3,-11,,
33,-33,-28,-51,-5,-2,19,11,,
-31,11,-2,-11,2,1,-6,-5,,Training Set 2
-52,33,61,-38,-16,-15,0,-11,,
28,-41,-72,55,14,30,1,-13,,
-25,-2,-12,-21,-1,-11,-17,-21,,
-33,15,45,-1,-6,-5,-27,-10,,
76,-49,18,34,2,-6,36,17,,
-43,-8,-77,-23,-7,-9,-7,-7,,
-18,26,1,7,5,9,-10,7,,
-3,-7,-16,-60,-16,-9,0,-6,,
34,-17,2,52,0,-1,8,21,,
-4,23,46,-36,-1,1,-14,-15,,
12,-7,19,65,5,2,-6,-11,,
-15,-44,22,3,6,-2,24,27,,
-17,29,-23,-53,1,5,-66,10,,
51,-29,-19,-34,-17,-3,91,12,,
-29,9,34,44,15,11,-36,-17,,
3,35,64,-21,-17,-3,34,7,,
-56,-4,38,2,1,-3,-23,-13,,
3,-29,-40,27,8,-5,-32,3,,
7,0,-58,-112,-23,-17,-1,-18,,
23,-1,51,23,-4,0,-4,4,,
-9,3,-13,-21,14,17,17,10,,
-2,5,-24,4,-2,-7,-16,-5,,
21,-14,-38,32,5,-3,12,1,,
-37,9,-19,11,-4,-3,-7,42,,
27,33,36,-26,-5,1,-9,-42,,
47,-10,17,19,0,11,-4,-1,,
41,4,-16,-8,-9,-12,10,19,,
-28,-4,-30,-39,2,15,-5,-24,,
-4,-20,-39,57,14,2,14,31,,
-28,2,-1,6,11,-4,-24,7,,
35,15,31,50,-8,-5,16,5,,
20,-4,-8,-65,4,7,9,7,,
-9,-33,-96,22,4,3,10,0,,
12,31,55,18,3,-1,-29,11,,
-38,24,-22,-18,-15,-10,39,27,,
-12,-95,26,22,0,-7,-35,-51,,
0,7,21,4,-16,0,17,-48,,
32,-6,-32,-4,8,6,6,72,,
-6,39,-27,-12,8,2,-14,-17,,
3,15,24,55,-1,-17,1,8,,
-44,-31,6,-14,-3,3,-13,0,,
-8,-5,22,-28,-10,-9,-5,-36,,
-17,-17,35,-1,6,5,-9,-2,,
13,34,-38,50,6,8,-1,9,,
24,-6,21,2,7,-2,-11,2,,
-4,-14,5,-12,-13,-6,37,17,,
14,-10,-28,5,8,12,-16,-24,,
3,-2,-29,12,-11,-15,-24,-24,,
24,-20,1,27,-14,-5,23,6,,
92,29,14,32,13,11,-31,17,,
-31,-27,56,9,8,8,28,16,,
-6,31,-54,-68,-8,1,20,-12,,
-4,11,-23,10,-3,-11,-6,23,,
-54,-20,-18,15,-4,7,-2,-26,,
14,12,4,19,-1,4,-17,-19,,
3,1,10,10,5,-2,8,22,,
25,-16,-5,-26,-8,-9,-12,3,,
-30,14,22,44,2,-6,10,-3,,
27,-9,9,-17,8,3,-17,18,,
42,1,32,-20,1,14,35,-6,,
8,3,-37,-5,8,-3,-6,30,,
-29,-43,-8,-78,-13,-7,-7,-44,,
-11,-19,-15,-19,-13,-12,-28,-13,,
52,33,33,50,20,12,12,4,,
-10,3,57,48,2,3,28,2,,
5,53,5,-43,-7,-2,1,6,,
-47,-37,14,-7,-3,-7,0,1,,
-50,-34,-31,-33,-2,5,-15,3,,
52,12,-18,19,-2,1,2,-10,,
-40,21,52,74,10,7,17,30,,
-23,-14,7,-53,-10,-3,30,1,,
-52,-9,-41,-46,-17,-14,-19,-21,,
-69,44,47,2,11,2,-7,-21,,
16,-28,-22,23,10,9,4,0,,
7,-10,-48,83,11,-4,-10,2,,
6,23,12,-3,-13,-3,10,11,,
-24,9,-31,-13,2,-3,-13,-14,,
-61,7,65,-17,-5,-5,-8,31,,
60,-14,1,10,4,0,-18,-33,,
-16,-43,-54,18,4,-11,11,10,,
33,8,-19,-95,-27,4,-24,-20,,
-1,18,-24,-29,1,3,9,-4,,
-12,22,20,-26,4,0,4,14,,
-16,-31,28,98,-5,-10,-27,-7,,
-11,-10,-19,-48,-8,-3,25,-23,,
11,14,98,34,1,0,4,5,,
28,9,33,-28,-9,0,0,-10,,
-30,14,-16,26,10,1,-14,15,,
-2,2,7,-49,3,3,7,21,,
27,15,18,1,-5,1,-8,-5,,
-4,-2,-55,44,0,-4,33,10,,
-22,12,95,9,-3,4,7,-6,,
59,3,-36,11,5,0,-17,32,,
5,-19,-32,-35,-17,-21,-15,-38,,
3,27,14,37,3,22,-2,15,,
-3,19,-22,-32,11,2,10,48,,
-101,-36,17,76,11,-1,-46,-94,,
3,4,-36,-50,-17,-17,17,30,,
-31,-25,32,-29,-6,-3,-1,-3,,
-17,-3,7,27,3,2,-1,-19,,
65,-5,2,26,6,-3,0,48,,
-27,-1,-4,38,2,-1,3,-7,,
58,-16,-41,-35,-9,6,2,-5,,
12,6,44,-15,-3,-13,-34,-16,,
5,22,-9,36,7,4,52,3,,
7,-37,4,-36,-15,-4,-33,6,,
49,40,45,13,5,2,33,9,,
-2,-50,-118,-18,2,24,-7,-20,,
45,2,43,42,2,-9,-6,21,,
-18,-6,15,-53,-8,5,21,-19,,
-73,-10,-2,9,-9,-17,-33,-23,,
63,7,-7,31,10,-1,8,10,,
-22,4,18,-46,-15,2,22,10,,
-9,25,-9,-3,6,5,-13,-8,,
-40,-19,2,-15,-3,-10,-35,-18,,
17,27,18,40,-10,0,27,17,,
-9,-13,4,-8,4,8,-2,18,,
30,-15,25,28,4,-3,-1,-15,,
-40,14,6,53,10,4,-27,-15,,
44,-1,-11,-28,-10,-3,-6,22,,
-24,6,31,-21,-2,9,94,27,,
25,42,-31,-7,5,-3,-39,-38,,
32,-78,-79,-16,1,-15,-8,-25,,
-72,26,69,-21,-4,6,1,6,,
-19,48,-40,14,6,0,-36,16,,
-43,-11,-9,-12,-2,4,36,28,,
23,46,-26,-3,0,4,-25,3,,
-28,-21,26,32,3,-8,35,0,,
-42,8,-29,26,10,3,-20,-43,,
5,-47,-48,-28,-7,-2,5,21,,
-11,10,-1,18,4,5,9,3,,
-11,24,54,-59,-14,-7,-14,-22,,
16,-57,15,10,-4,-2,-4,12,,
10,-2,-40,19,16,9,1,14,,
12,-10,42,-1,-7,-1,-34,-24,,
-1,6,-26,-24,2,4,87,9,,
-11,-17,35,18,-9,-29,-25,-23,,
-48,-8,5,-2,2,12,-25,-28,,
2,-11,43,24,1,3,16,54,,
79,15,-33,-75,-5,-1,-29,-7,,
27,-6,33,15,-5,-5,1,19,,
0,-5,-37,59,14,3,18,-5,,
-26,9,-16,-76,-23,-8,-17,-20,,
5,21,30,31,11,2,-4,-1,,
-22,-63,-83,-60,-16,-2,-2,4,,
12,7,-22,31,-2,-9,-34,7,,
27,11,9,-27,2,6,45,-12,,
72,19,-68,-1,1,6,8,37,,
0,-11,57,6,-6,-9,-17,-15,,
-24,7,36,-13,-3,5,-18,-23,,
0,8,-40,6,6,-7,0,20,,
-33,-33,39,25,2,-2,15,7,,
19,30,36,-5,2,16,0,10,,
19,18,-75,-4,-1,-4,11,0,,
25,13,40,-27,-4,2,7,11,,
-12,-9,32,39,8,-6,-18,6,,
39,-1,5,67,7,-1,-29,-11,,
14,10,-8,-41,-2,4,20,-12,,
-18,-48,-61,-33,-8,-1,1,-5,,
76,7,-22,9,-4,-4,-9,15,,
2,2,-9,-36,4,12,47,20,,
3,8,25,26,2,-5,-1,44,,
-38,-22,9,-24,-6,-4,-53,-44,,
-33,5,26,45,11,4,-12,-22,,
-30,16,-9,-74,-20,-6,36,-12,,
-21,-38,11,35,-5,-5,-8,-16,,
8,32,41,125,18,-6,-4,20,,
-49,-31,-13,-109,-24,-2,-51,-15,,
88,-15,-22,17,10,10,42,7,,
-31,38,14,-22,-5,-5,-3,-16,,
51,-61,-55,37,1,-3,4,15,,
-19,49,71,74,14,4,9,-35,,
29,-4,-51,-85,-11,-16,-62,-10,,
8,-22,-17,-29,-18,-8,12,7,,
-26,5,34,53,4,2,17,5,,
-15,1,6,14,1,4,22,4,,
-6,18,35,2,0,-4,-31,-7,,
16,11,-17,6,20,14,-15,-11,,
-21,28,6,-26,0,0,18,26,,
0,-64,-92,-52,-15,-6,7,10,,
-18,-14,33,17,-4,-10,-24,-25,,
62,50,50,46,9,-8,42,34,,
-1,9,26,-44,-1,20,-8,-15,,
-20,-5,-28,44,12,-1,-11,0,,
-31,14,8,-32,-5,0,-5,5,,
20,-1,-36,-46,-16,-10,-12,-8,,
-7,-20,23,-6,-1,-5,-27,-13,,
-19,27,31,34,3,2,39,-10,,
-43,-1,20,14,2,-6,-1,13,,
19,3,5,-17,4,5,-6,10,,
-16,-21,20,-13,-1,11,34,8,,
-5,-44,-14,-19,-2,-9,-23,-10,,
20,7,-29,53,1,-3,-61,-34,,
92,-43,26,91,15,16,80,57,,
-18,25,-56,-39,-6,-6,-11,1,,
36,7,20,-20,-9,0,-13,-10,,
-57,20,-21,-23,6,-6,-18,22,,
-65,-69,-35,-13,-8,2,-17,-61,,
28,15,-59,-11,1,-2,-2,24,,
19,30,8,40,13,-1,9,25,,Training Set 3
-14,-41,8,1,-1,-5,3,-19,,
42,-11,-82,-54,-5,-2,-43,18,,
32,40,31,-8,-2,4,45,12,,
3,-12,-13,-12,5,6,11,-2,,
-33,16,-2,31,1,-5,10,-5,,
-12,-23,24,-42,-9,3,-17,14,,
20,43,-8,9,6,-1,5,1,,
5,-1,2,-76,-8,-2,13,33,,
21,0,4,-42,-13,-12,-21,-25,,
-84,-17,4,30,-1,17,20,2,,
-50,-6,49,23,2,-9,-54,-14,,
-3,60,99,58,15,-3,49,10,,
-20,-42,-47,-85,-13,-5,50,0,,
-28,-38,-30,28,-14,-15,-38,-30,,
35,1,21,64,6,6,-5,31,,
-81,22,-40,24,13,-8,-54,-69,,
34,39,112,-28,-2,5,38,33,,
17,-32,-33,-51,-14,-7,-4,7,,
-9,36,33,61,4,-5,-19,-17,,
27,-49,-27,23,5,6,48,23,,
4,11,-65,-8,-2,-6,-21,7,,
36,12,23,23,4,9,-9,-41,,
-21,-29,52,3,2,4,19,49,,
27,12,-57,50,6,1,-22,-11,,
35,20,-3,-46,1,15,14,-10,,
-41,7,38,38,2,-10,5,-20,,
0,-19,-66,-21,-2,3,-9,-3,,
21,-7,-5,-33,-6,-5,-16,-15,,
-8,9,-25,20,6,4,21,28,,
-3,25,55,11,5,2,15,14,,
-18,-24,25,40,5,3,8,-15,,
2,8,-5,-20,-20,-8,-36,-7,,
24,4,-14,29,6,-7,-64,7,,
16,-55,-43,-13,12,13,39,3,,
33,27,19,12,-10,-6,40,-1,,
-10,-6,21,-16,4,5,28,3,,
1,33,7,26,5,8,-7,-4,,
-4,-1,-12,-15,5,-10,-26,11,,
-3,-13,-54,-21,-1,-12,22,-4,,
-30,-4,-19,-50,-10,11,-9,2,,
8,-24,-43,40,2,-3,7,-5,,
21,28,-13,-40,0,5,-17,-2,,
-19,-3,46,26,3,-1,13,52,,
-1,-8,18,5,1,-11,-12,-61,,
25,-20,18,41,-5,-7,-22,-2,,
15,10,-41,70,5,-1,18,-12,,
20,1,21,-32,3,2,-43,-18,,
-26,18,-40,-29,4,13,54,39,,
23,-24,35,-60,-1,1,-9,-7,,
-54,16,16,13,-10,-9,-4,0,,
-40,-7,62,-50,-10,-14,-22,-30,,
0,2,44,24,8,8,-69,0,,
18,-22,26,27,10,8,102,5,,
41,18,29,-47,-23,-22,-29,6,,
-18,-19,-55,-17,-3,6,2,-1,,
19,-4,11,21,-6,-10,-41,9,,
-20,24,-43,3,11,3,16,-6,,
-10,-36,70,-27,-7,0,-8,-16,,
27,16,-2,43,4,-1,-26,-3,,
-31,-35,-51,-6,-15,-10,70,0,,
-27,49,8,17,8,6,-35,8,,
1,-13,61,-30,-6,0,17,-3,,
-69,-26,-33,-12,3,4,7,-23,,
48,-5,45,31,7,-2,-25,11,,
7,-2,-4,-33,-3,-5,-7,1,,
-18,15,-21,-24,-18,-5,1,33,,
-47,-14,56,17,1,-1,-15,-47,,
54,13,-36,63,17,-2,27,-6,,
8,-2,29,-84,-19,12,-18,-3,,
27,15,-2,-10,8,-1,-42,-52,,
34,16,41,-54,-2,3,49,76,,
-17,6,25,8,9,-9,-42,-9,,
68,17,7,25,-10,-5,15,-18,,
32,-14,14,-1,10,6,40,9,,
42,44,-18,31,2,0,-37,-6,,
7,-48,5,20,4,11,45,19,,
-30,14,17,-64,-28,-16,-26,-13,,
58,25,-36,51,8,-6,-22,13,,
14,-1,-56,24,8,5,-18,-37,,
53,60,75,-49,-8,1,18,11,,
-18,-55,-12,35,6,0,5,18,,
5,-23,-3,6,4,-3,14,3,,
7,8,-52,-4,-6,0,-6,-10,,
-13,-5,-44,20,-1,5,2,8,,
-13,4,-8,5,2,-2,5,-8,,
-33,45,1,-33,4,-3,-43,-7,,
32,-63,33,-30,4,2,54,31,,
-10,3,-15,-14,-13,-2,-18,-28,,
19,-12,-16,54,11,-2,-31,19,,
13,31,-4,-44,-6,1,-8,-25,,
23,-18,7,17,4,2,-23,19,,
20,7,-115,-29,1,-2,21,-8,,
5,-10,20,18,-5,2,21,34,,
-3,21,-4,-11,-4,4,1,5,,
-19,4,-25,-42,-11,-11,-1,-7,,
-14,-11,20,41,14,5,-8,-13,,
-15,22,18,17,3,-4,-32,0,,
-4,-13,-26,-12,-3,-18,21,9,,
12,-7,18,48,-7,4,2,-14,,
-1,25,77,-20,4,0,-22,11,,
8,18,-26,-37,-7,-4,27,-24,,
-17,-26,12,33,0,14,13,17,,
39,37,-6,-27,-7,-13,-21,7,,
-34,-36,-7,7,12,-1,2,15,,
16,13,42,40,15,15,22,16,,
-6,1,42,52,10,0,-26,-25,,
-10,-7,-82,-48,-22,-13,-36,-2,,
-9,-13,-18,2,10,19,99,21,,
-47,-27,3,-17,-9,-5,-32,8,,
-11,-2,-22,36,-2,-1,-1,-55,,
-21,10,-41,12,5,-2,40,63,,
-5,-21,37,-35,-16,-6,-53,-36,,
5,3,-26,-33,-6,-8,-11,-12,,
12,-53,7,15,8,-6,11,-5,,
-69,22,28,-17,-4,22,-30,-19,,
-17,17,32,39,-4,-4,51,18,,
63,-23,-23,0,17,4,-10,-4,,
-34,-17,-10,-67,-23,-4,-23,5,,
16,-15,22,-4,2,-2,59,-1,,
28,16,46,37,6,-3,-33,10,,
-20,-17,53,28,-2,-10,-23,-6,,
-9,21,21,-21,5,0,18,13,,
21,-13,13,52,9,6,-2,0,,
-19,-4,-9,-61,-13,-6,-12,2,,
11,27,-32,8,-5,-3,1,-22,,
5,-39,55,2,2,2,-9,7,,
5,7,77,37,11,-3,-33,0,,
-4,-28,-66,-49,-15,-2,73,-22,,
-35,-56,-5,-9,-7,-3,-32,30,,
4,17,-77,-1,2,20,13,-5,,
-19,0,-24,20,9,-8,7,-31,,
47,16,13,10,-9,-10,-44,5,,
-25,-7,15,13,10,-7,16,-11,,
-16,0,-38,15,4,7,20,4,,
-2,-37,-65,-105,-22,-3,-20,-20,,
5,38,-17,42,7,-1,-26,-20,,
15,7,-21,24,0,-3,8,20,,
2,7,15,38,0,-4,-25,-18,,
-28,27,11,-22,-7,-9,-12,-4,,
-40,1,-75,0,-4,-8,-39,12,,
-43,-46,26,28,6,7,64,6,,
-48,11,-9,-46,-7,-4,-20,16,,
-1,5,-48,-40,-12,-1,-5,-4,,
37,28,31,40,5,6,15,8,,
-20,-21,-44,5,7,-1,-12,-40,,
-20,15,-59,-69,-2,1,3,32,,
34,3,53,47,3,-5,-7,-12,,
-33,-13,8,-7,-5,14,-26,-8,,
55,24,-40,-14,12,15,50,3,,
12,0,-14,32,-7,-8,-26,-25,,
-4,-21,32,27,-3,-2,29,8,,
19,-3,-16,30,6,-6,-4,7,,
-36,1,55,-11,-5,-2,-21,-6,,
31,4,-5,12,-6,-9,9,-9,,
45,0,-21,-59,0,8,13,8,,
8,-7,-12,58,10,-2,-23,-13,,
28,8,50,-67,-9,11,14,36,,
18,19,40,35,-4,-1,20,15,,
-27,5,31,46,4,-15,-7,5,,
16,-27,18,-28,2,13,19,-15,,
22,33,-85,29,8,2,-12,-2,,
-32,-47,21,-68,-26,-12,-13,-2,,
-37,-19,54,45,5,7,2,-19,,
3,2,-4,-22,1,-10,10,34,,
-31,36,25,41,-7,-10,-16,-8,,
42,-3,-15,-81,-6,8,-3,-29,,
27,29,3,28,3,-11,-54,-6,,
45,-60,16,15,3,5,80,19,,
-51,37,-6,-13,-6,3,-17,1,,
-8,-21,27,5,-4,1,6,13,,
25,31,-61,2,4,0,21,-17,,
7,-10,-12,-72,-14,-5,-16,30,,
4,-32,-67,-6,-8,-6,-16,-20,,
-6,32,27,59,12,5,6,2,,
-20,-10,11,-20,2,-13,22,-11,,
-45,9,18,27,-17,-3,-15,24,,
-42,-29,-27,-71,2,19,22,-3,,
15,5,-2,84,5,-13,-67,-21,,
-31,-12,14,27,6,9,47,16,,
-60,15,-65,-67,-6,-11,5,-20,,
21,-12,27,13,0,-8,-40,-23,,
13,18,-8,-42,-6,13,30,34,,
-16,3,15,9,4,5,-2,5,,
53,11,-28,18,7,-2,-33,-6,,
9,65,63,3,5,5,1,-16,,
-25,-63,-41,14,10,-4,23,-6,,
11,-13,4,29,-3,2,-11,-6,,
36,16,3,-23,-26,-4,-11,-20,,
-38,34,40,69,13,-6,15,11,,
53,-4,-51,-85,-6,1,-10,-15,,
12,-48,-35,11,-1,1,3,16,,
-33,9,45,24,7,8,-11,-6,,
58,-7,-14,-14,-4,-4,25,4,,
-24,23,31,77,7,-1,-12,-10,,
-20,-26,-26,-74,-17,-3,-7,5,,
-12,-16,-63,-16,12,7,-2,-37,,
-63,-2,3,-23,-9,-14,-2,23,,
23,-1,-10,-8,-6,6,-15,17,,
39,23,-55,28,5,2,26,1,,
-4,28,34,-9,9,-6,-23,6,,Training Set 4
-21,-9,12,34,-9,-23,-18,-3,,
-18,-3,-5,46,6,16,7,-40,,
-47,-10,-16,-54,-6,-2,29,29,,
55,0,-30,-24,-20,-1,0,22,,
6,5,41,-26,-4,1,-7,-12,,
-27,8,-100,21,19,-4,-25,-20,,
31,16,-10,13,-11,-4,-55,-44,,
1,-30,19,58,2,10,82,19,,
-21,26,18,62,21,-7,-7,5,,
32,-10,-1,-53,-21,-2,-19,-12,,
12,-17,36,76,2,-2,1,26,,
-10,20,6,6,6,0,-36,-5,,
-12,-55,-46,-90,-26,-8,20,9,,
50,11,37,43,19,7,4,-1,,
-31,9,-39,-89,-2,0,11,-8,,
-53,-23,17,11,-7,-12,-49,-54,,
34,11,56,75,0,7,44,17,,
-26,-22,31,-15,8,-1,-13,49,,
-15,22,16,27,5,-9,0,-7,,
79,27,-78,-25,0,20,17,19,,
-23,-25,34,5,4,10,-18,-27,,
52,-6,-17,-38,-22,-11,1,18,,
-9,1,6,59,24,8,4,22,,
14,23,7,-40,-9,-8,8,39,,
18,0,10,14,0,1,-2,-19,,
-39,-7,-2,-30,-4,1,5,-32,,
-40,6,-8,13,1,-3,-7,-13,,
-18,5,12,-2,-20,-8,-20,-31,,
43,0,-28,-80,-9,-9,-37,-6,,
-11,-6,-13,87,6,8,77,25,,
58,12,-68,-77,4,13,8,-19,,
-76,-22,45,76,0,-10,-8,2,,
-6,22,-41,-11,-2,-8,-8,-3,,
13,26,42,50,16,13,-53,-8,,
7,-21,-14,-56,-19,-5,45,13,,
-20,-10,10,7,-2,2,35,-2,,
31,17,16,43,12,-3,-12,27,,
8,-25,19,10,-4,-8,-36,-22,,
29,11,-2,-15,-6,7,58,-8,,
21,2,23,-9,-8,-10,-48,-4,,
-10,20,-5,-26,-2,-1,12,-7,,
11,20,51,30,3,1,-25,5,,
19,20,51,127,33,12,-6,-7,,
30,-14,-37,-119,-35,-15,-8,7,,
-14,1,-25,79,8,11,36,11,,
1,-7,-14,45,15,7,-8,-9,,
25,20,15,-21,-2,-5,-11,8,,
-61,29,14,45,18,-2,-6,-5,,
37,-32,-16,-70,-13,-3,-17,10,,
-10,-19,55,26,6,0,83,19,,
-15,-41,19,-29,-12,8,5,-5,,
28,-24,-29,-47,-1,1,-3,-17,,
-24,45,11,30,1,-4,-53,-14,,
-67,-44,15,-47,-7,-10,80,10,,
-5,18,23,19,-9,-4,-30,-8,,
37,14,11,35,5,2,-4,18,,
-3,-15,-5,22,2,6,7,7,,
0,18,-26,4,-16,-9,-13,-15,,
-4,-10,-31,-51,9,2,-5,12,,
6,-17,-9,-6,-3,1,-8,-17,,
3,3,15,41,-4,-9,6,13,,
9,19,-28,-49,10,-3,-38,1,,
16,26,38,15,-6,2,-17,-2,,
-22,-31,33,18,0,-5,2,-9,,
38,-33,-21,-16,2,2,37,17,,
-7,14,40,6,-4,-1,-39,-49,,
-14,46,18,22,-2,-7,-84,-18,,
14,-34,-27,-77,2,9,64,-10,,
-20,0,-17,-46,-14,-8,-2,-4,,
9,-1,0,22,3,-5,-7,15,,
29,17,-13,33,5,-5,-4,7,,
-37,-17,27,32,0,8,4,-5,,
76,14,25,69,11,1,-11,19,,
4,1,-52,-115,-17,-3,-49,4,,
-43,3,9,19,2,3,94,-18,,
-28,29,-16,-42,-1,-1,-26,16,,
-51,-10,43,-10,-6,-7,-15,-26,,
-46,-23,-22,-10,-4,5,-14,-10,,
85,-3,-25,-3,7,-5,-10,18,,
-8,-8,-3,-7,-6,-1,19,8,,
-57,-8,34,16,-6,0,-9,2,,
35,41,-25,14,-3,-6,-2,10,,
-42,-25,62,2,-1,-13,-4,-6,,
30,20,-19,32,10,15,22,35,,
-23,-7,-44,-37,-5,3,-32,-18,,
17,15,3,25,6,1,14,19,,
-9,-15,57,-27,6,7,31,-3,,
17,15,51,64,-14,-19,-62,-46,,
-51,-13,-22,2,14,12,66,15,,
1,-17,8,-93,-24,-10,-24,-30,,
3,-23,-19,16,-3,-1,-3,15,,
-11,21,-5,4,10,-1,-7,-18,,
32,7,22,-34,-5,4,18,3,,
-2,-10,-9,48,14,-1,1,-9,,
-37,3,-21,-7,-6,2,8,-6,,
-9,-12,-4,-16,-5,-6,-44,-27,,
12,15,-65,1,-10,-10,19,3,,
-3,-25,-23,-45,-8,-3,50,32,,
56,13,-38,14,-1,1,23,-21,,
29,12,12,57,26,20,-27,11,,
33,13,47,-29,-20,-13,2,-5,,
29,16,-23,52,18,14,-2,10,,
-72,-44,-74,-45,0,-9,-18,-3,,
35,-15,-1,-76,-4,-6,2,14,,
67,25,1,6,-15,-4,-4,-6,,
-23,-8,24,30,-3,-3,0,-11,,
-11,11,39,40,8,-2,-30,-24,,
-32,-11,-20,-50,12,10,-4,11,,
-71,-14,-57,-25,-10,4,35,12,,
12,22,4,-31,-18,-19,-48,-33,,
-21,-7,19,39,7,3,79,17,,
-9,10,-5,36,-5,-7,-51,-7,,
13,3,-9,-71,-11,-3,-6,3,,
-9,-13,-20,50,-2,-15,19,-35,,
-7,7,44,34,11,22,-22,41,,
0,-2,-24,31,3,-2,51,-24,,
2,-16,11,-58,-17,-10,-16,21,,
14,21,19,19,5,1,-12,30,,
32,17,-5,26,3,4,-18,-7,,
3,-1,-14,43,11,5,39,-8,,
-23,1,33,-1,2,-1,-23,-26,,
-36,-26,-73,-6,-3,0,-1,9,,
16,-10,-56,-12,-15,-15,14,-8,,
6,21,-20,-79,-11,-3,-26,27,,
23,17,-38,63,23,5,0,-6,,
-22,-70,22,-8,2,16,24,0,,
-10,41,21,-35,-7,-1,-9,-1,,
-17,-15,-30,28,-1,-5,3,-14,,
14,10,13,4,3,-6,-21,9,,
-15,23,31,32,7,-1,4,18,,
6,-20,-41,-72,-17,-9,-38,-55,,
-2,-21,-13,35,2,11,-9,25,,
-9,11,58,63,17,9,22,-11,,
60,27,-4,-73,-10,6,21,5,,
-28,-25,8,13,-5,-7,1,22,,
50,26,-4,9,-7,-13,-9,19,,
-19,-35,-20,69,26,7,-82,-56,,
37,-8,-34,-86,-23,4,59,35,,
-6,28,33,11,7,-5,-22,15,,
-31,-26,22,-26,-19,-1,26,-17,,
-27,25,18,47,9,6,43,38,,
-60,-31,-25,-24,7,-4,-26,-32,,
15,8,31,35,7,1,4,19,,
4,6,-4,-41,-23,-10,-11,14,,
-10,-12,10,23,-3,-3,16,-16,,
26,25,-20,-11,8,3,-29,15,,
40,-30,34,-13,0,3,37,-26,,
-27,-12,-30,-7,-2,-11,-10,17,,
-13,27,-9,-53,-2,15,31,-20,,
18,6,12,60,3,11,5,15,,
16,14,-49,3,2,-8,-37,-9,,
34,-14,81,-6,10,0,-41,-16,,
109,11,80,-15,-12,-8,73,20,,
-17,1,-7,41,13,2,-14,-5,,
-18,-20,-23,-50,-17,3,-14,20,,
-45,16,50,90,13,0,19,-37,,
-15,-20,-58,-98,-2,1,6,27,,
58,17,43,118,3,-3,-31,-13,,
19,-23,29,-39,3,5,23,18,,
-18,-2,-85,-27,-6,3,16,-3,,
-41,0,8,19,-2,-11,-38,21,,
-19,-52,61,4,5,-9,18,-24,,
1,0,-36,-28,-23,11,-27,-13,,
34,10,70,7,9,0,9,-26,,
-19,-14,-1,53,9,1,-5,19,,
-1,3,-32,-65,-19,-3,30,13,,
-12,-1,-3,71,13,-8,-3,13,,
4,1,46,0,-4,5,7,2,,
-49,2,-6,6,-3,-6,-67,-34,,
32,9,-23,-29,-1,3,49,14,,
-8,-52,36,35,0,-3,-18,-9,,
-87,13,-3,34,6,2,5,28,,
49,13,-12,-17,-2,1,23,9,,
-58,12,-17,-10,2,-7,-13,-2,,
-3,-12,8,-21,-4,5,-4,-16,,
13,-3,3,28,-3,-9,-36,-14,,
3,-36,-77,-19,1,2,-6,-18,,
17,14,61,-34,-21,-19,-8,-8,,
3,40,26,36,7,11,21,9,,
12,-14,29,15,3,-4,3,19,,
3,0,-18,-13,2,3,-30,-28,,
9,-12,3,10,5,5,16,-12,,
30,18,7,-24,-8,-14,-16,-5,,
3,-26,-44,-45,-20,-3,7,-16,,
-23,11,5,28,8,5,-21,-13,,
-35,3,60,29,4,-1,-15,-17,,
-1,5,-27,-9,-17,-16,21,15,,
13,-22,-86,-31,1,6,-10,-1,,
29,-11,17,-17,-13,-13,-5,-15,,
-18,-5,-25,28,7,15,-3,31,,
19,20,26,21,5,0,-16,-22,,
43,25,-2,38,-7,-8,41,19,,
3,-23,2,-84,-19,-12,-26,17,,
16,-30,-12,23,18,6,-32,-16,,
-14,4,-17,-19,-15,6,39,15,,
17,-1,7,6,3,-3,-7,18,,
-5,17,54,57,16,3,-5,-10,,
0,14,-7,-35,-14,-8,-5,4,,
-59,-23,1,-24,2,-1,-18,9,,
1,15,44,-63,5,6,21,22,,Training Set 5
32,2,-13,49,-7,-10,-1,0,,
11,-15,-43,25,1,-5,-2,18,,
-30,-25,-24,-14,4,12,29,-10,,
-6,7,23,14,9,-1,-4,3,,
-5,5,-10,-31,1,4,-17,0,,
89,30,15,-13,-5,-6,8,11,,
13,-12,-30,26,-6,-6,6,3,,
-15,27,76,-3,2,7,-4,15,,
28,13,-33,24,5,-1,-24,-6,,
1,37,-48,-23,-16,-4,29,17,,
-76,-95,-11,-32,-1,-20,4,-5,,
1,-14,-30,-40,-17,9,-1,-30,,
14,11,33,71,-10,-8,-34,3,,
7,26,4,17,15,12,9,-6,,
-38,33,17,-4,15,4,11,5,,
59,-26,-39,-3,2,-10,-30,6,,
-19,-1,-1,17,11,9,16,0,,
-27,18,-20,-16,-19,-6,-12,-11,,
-10,-23,-8,-64,-14,-10,14,0,,
-47,3,24,42,-5,-4,-25,-20,,
-3,10,-70,-11,2,0,5,-1,,
2,-53,38,5,7,4,-26,-2,,
-8,48,24,0,-6,-11,-15,-29,,
-4,-11,69,23,7,17,21,49,,
2,-1,-9,-87,-17,-3,23,-7,,
-34,-41,-16,66,13,-1,-12,-1,,
28,45,32,3,-9,2,-1,22,,
38,-23,-73,-35,-4,-7,20,-12,,
7,10,-10,13,1,0,-1,-20,,
-1,-4,-19,-65,-12,-5,-21,6,,
28,-11,-25,11,8,4,-7,1,,
31,31,13,-19,-6,-5,8,10,,
33,-21,-25,20,-11,-9,-5,-2,,
-10,-3,22,-21,13,8,-10,-22,,
-31,-17,-22,40,-3,8,19,16,,
20,41,-19,-30,-3,-10,-9,-4,,
-51,-40,-28,29,5,-1,-20,-24,,
-2,8,-7,-67,-9,-9,24,41,,
32,-10,8,14,8,11,6,-16,,
-19,32,-20,45,5,-2,-10,13,,
4,-9,15,-3,8,-14,-12,-4,,
-41,18,-11,39,0,11,-1,-18,,
4,-16,32,-63,-11,2,19,21,,
-22,-9,-63,0,7,1,-24,2,,
79,19,82,5,-8,-2,54,43,,
10,-5,37,-15,-4,-3,-36,-20,,
-22,-10,16,31,0,-10,-35,-24,,
-1,0,-55,19,-7,-2,26,-6,,
-12,-11,27,-70,-2,8,0,6,,
-4,-14,-41,35,8,-3,-14,-4,,
35,43,33,17,1,3,25,21,,
-22,-21,7,13,3,-2,-3,-11,,
-25,-8,0,-28,1,6,-35,0,,
43,29,17,40,0,0,29,-6,,
-74,-63,-84,17,0,-18,-21,-10,,
6,5,-8,30,-14,5,0,-8,,
-22,10,11,21,24,10,-10,-11,,
1,-13,42,-1,-8,-2,15,3,,
-19,35,3,14,12,2,-9,-18,,
48,-8,-33,-13,2,-1,13,26,,
-15,-1,19,-1,-7,-7,-22,-30,,
6,-23,-52,-34,1,2,22,-2,,
3,26,6,-39,-9,-2,-9,-3,,
-40,-6,38,-18,-1,-6,-4,-22,,
-58,3,-2,40,1,2,-4,1,,
40,40,-4,3,3,0,10,-10,,
21,-27,39,4,-9,0,-2,22,,
-38,-27,-9,-20,8,4,-2,-2,,
-12,-1,-18,-43,-2,-4,16,5,,
-26,-8,-35,-16,-9,-3,-45,-8,,
39,30,19,92,13,12,20,11,,
10,-14,-37,-64,-20,-5,18,-8,,
-5,-29,-17,35,12,3,5,9,,
37,79,22,-96,-16,-6,12,-4,,
-12,-59,19,-5,8,12,-9,-6,,
7,-24,-6,13,13,3,-3,-1,,
82,16,-57,25,-13,-10,-23,-3,,
-32,4,60,53,3,-1,21,0,,
42,2,-1,-47,-13,-7,-2,4,,
-16,-3,-31,-56,2,2,5,-9,,
19,13,78,56,-6,-5,-1,5,,
26,2,-6,-8,12,3,-4,24,,
-9,-15,-45,-52,-11,2,9,-6,,
-18,-27,-30,23,0,-8,-32,6,,
-40,16,32,-32,7,0,41,-13,,
-9,-13,-24,25,-9,3,-33,-6,,
-16,22,73,13,9,11,20,-5,,
-15,-6,-22,-13,6,-4,-23,2,,
-26,-39,16,-18,-29,-11,6,-12,,
-25,-2,10,-13,2,-7,7,-24,,
63,-2,2,-35,8,5,-5,17,,
-98,16,53,10,4,10,-11,-25,,
19,26,-13,21,5,1,-3,19,,
-7,-58,-12,40,-1,-12,16,-5,,
-17,5,-46,-19,-12,-9,-13,-13,,
32,18,50,-27,-8,-4,5,-13,,
5,-10,-29,-35,-7,-1,-36,12,,
-63,-20,20,53,14,10,60,2,,
20,34,50,50,-8,-3,-10,-5,,
9,-37,12,-31,-2,-7,-24,6,,
16,15,-39,-27,2,9,19,3,,
14,10,21,-20,-2,6,-25,-29,,
54,10,-5,16,-6,-11,-8,21,,
8,40,14,84,8,0,24,2,,
-7,-27,-18,-78,-1,6,-10,-1,,
7,11,29,32,-6,-8,-10,-5,,
-5,-7,-4,11,3,1,-12,-2,,
8,-28,6,5,-8,-8,-8,-16,,
-1,13,-10,6,7,2,18,9,,
16,1,0,-42,2,11,-25,16,,
-18,7,-1,9,6,2,6,-9,,
-5,15,58,94,0,-11,-22,1,,
-14,-12,18,-6,-9,2,34,-7,,
13,-24,-35,-36,-9,-5,-4,13,,
-29,-8,-56,3,-5,-4,-13,7,,
27,36,49,-42,2,9,52,-2,,
5,-29,1,68,14,-3,-22,4,,
7,-15,-19,-53,-6,14,-5,9,,
-38,7,-16,-60,-6,-6,-14,4,,
16,-3,-11,-19,-3,4,19,15,,
3,22,62,49,-1,-11,15,-18,,
5,-17,20,44,11,-4,-12,-19,,
3,25,16,-32,-4,2,3,23,,
-5,-26,-75,51,-9,-7,-20,4,,
-23,17,-13,-10,2,0,14,13,,
61,-1,-17,33,9,0,11,2,,
-63,-2,-14,-23,3,2,23,-1,,
-32,19,-63,-16,1,-6,-84,-23,,
-13,-28,28,-12,-12,8,75,0,,
-79,10,-5,49,1,2,-5,11,,
56,-18,24,-81,-20,-13,16,2,,
-7,-6,5,-10,9,10,-12,-4,,
-10,-24,-27,57,-2,1,-27,1,,
5,10,20,-45,2,0,-9,-41,,
14,-1,55,68,6,-1,6,18,,
9,13,11,-54,-2,-4,15,13,,
18,7,1,21,0,-2,-35,-5,,
8,13,-12,41,0,-2,8,10,,
44,6,-8,-10,-4,-3,15,-16,,
34,-26,-2,-12,0,-2,4,2,,
20,8,2,1,5,3,-49,6,,
11,-6,-36,-37,1,0,20,18,,
-57,1,-55,21,-17,-13,3,-31,,
-14,7,27,43,10,9,21,16,,
-32,-11,32,-35,-5,4,-27,-15,,
-15,21,-42,1,-3,-9,12,18,,
16,2,7,1,9,-5,3,-8,,
44,-25,-25,-10,-11,8,13,-13,,
10,20,7,12,-2,6,3,13,,
-9,25,39,-24,-7,-8,-29,-9,,
-5,2,5,88,15,4,12,1,,
-28,-11,5,-27,-7,-11,6,7,,
26,12,31,14,10,-1,1,-19,,
27,-13,23,-35,-17,-4,-22,-1,,
26,-2,-56,-8,-1,7,-5,10,,
-8,-10,3,-7,4,6,15,-1,,
-1,-5,-19,-10,-7,-11,-21,5,,
38,7,-4,35,9,-2,30,-11,,
2,-2,-15,-6,9,22,0,23,,
5,10,1,72,5,2,-8,-14,,
4,-9,-32,-53,-2,-27,12,13,,
-18,-12,18,65,-12,5,-25,-3,,
-56,-14,0,-4,10,2,-25,-9,,
2,40,-25,-35,0,12,56,15,,
20,0,61,-8,0,0,-7,5,,
-30,-16,-45,5,1,-11,-29,-12,,
54,11,17,7,-20,-15,-2,5,,
8,2,45,-22,1,7,-3,-9,,
-14,0,42,34,11,3,-2,6,,
-17,-7,26,-24,-7,-6,20,14,,
3,-8,-21,10,-1,2,-11,-16,,
-26,17,25,24,1,-14,-32,-18,,
-47,-45,-30,11,-4,6,37,32,,
-3,23,36,-73,-14,1,10,-1,,
-5,-15,-17,46,9,1,14,-14,,
25,1,35,-55,-8,-2,-29,-9,,
2,18,-54,7,3,10,-12,-14,,
-11,-15,-19,-15,4,1,6,19,,
-47,-17,7,16,-6,-9,-14,0,,
31,-12,-28,-19,-4,-9,-11,-7,,
-12,25,13,40,-8,-1,17,-21,,
6,-3,-37,4,10,-2,-7,5,,
16,5,37,0,1,6,1,-1,,
23,-7,8,55,6,3,-16,10,,
-72,-13,-48,-112,-8,-5,12,-2,,
5,20,-46,35,-9,-8,-18,-25,,
70,-13,-23,-14,6,9,13,30,,
-1,-19,30,44,8,0,15,-3,,
5,-15,-34,-40,-11,-9,2,-4,,
27,2,14,-33,-12,-1,3,-3,,
-54,-1,-12,40,14,-14,-42,-6,,
-32,-10,-77,-30,-6,15,24,4,,
42,9,-15,-47,3,9,30,11,,
3,3,73,7,0,-6,-8,12,,
-15,1,-53,-18,-15,-5,1,-19,,
-51,9,31,22,-2,-9,-2,2,,
-22,13,-1,22,10,0,-47,5,,
-1,2,36,-21,-6,-1,39,8,,
-42,16,26,45,12,16,-3,-26,,
3,0,11,-28,-5,-8,-2,7,,Training Set 6
-52,-8,21,32,-3,-20,0,34,,
3,-35,-29,2,-9,2,-12,-8,,
-30,44,-43,-102,-19,-10,-22,-35,,
31,42,-39,5,-4,-6,10,7,,
21,-37,36,26,10,8,-8,-46,,
-80,10,35,51,11,2,-6,45,,
34,-49,-30,-72,0,4,0,-19,,
-55,-13,-33,20,-11,-9,34,11,,
31,37,1,-46,0,7,-3,2,,
25,36,-56,11,-5,-14,-9,-33,,
31,-38,0,-37,-4,12,-25,16,,
-45,-21,13,-30,-16,1,11,-11,,
-22,15,-3,-14,6,-6,3,8,,
37,-17,6,16,9,14,23,-6,,
-53,-15,2,-8,-1,-8,-8,-53,,
90,9,4,-24,-8,-12,-4,72,,
3,14,-27,44,-2,3,-7,-30,,
-39,-33,109,26,3,-2,-15,4,,
-22,-1,-82,-3,5,4,15,-10,,
-21,23,65,-19,7,1,-17,-26,,
12,-22,-2,-17,-22,-14,11,16,,
29,27,7,27,5,-5,1,-3,,
-4,-17,-10,-2,1,6,-13,5,,
10,0,28,-4,-12,-2,12,-22,,
-9,-16,-33,64,15,3,-2,27,,
-50,19,-17,-79,-22,-4,0,-25,,
17,12,25,63,14,1,-7,20,,
1,5,18,43,4,-2,-12,9,,
31,9,-46,-9,3,-3,-16,-34,,
32,-16,-28,-21,-3,-5,-11,3,,
11,9,37,39,2,11,25,-32,,
46,-4,-25,7,-11,1,-19,19,,
-37,9,-6,-8,7,3,18,-27,,
-1,18,-27,-14,-4,-5,-12,-19,,
26,-8,-20,15,-12,-13,6,41,,
-5,34,-19,34,11,2,-17,-45,,
-38,-46,38,-19,2,-4,-21,10,,
0,9,-46,-11,-4,0,22,29,,
-27,-21,-20,22,12,6,9,16,,
-10,46,100,-85,-10,-1,-12,-16,,
22,-19,-25,-4,-2,1,8,6,,
34,-6,-20,21,12,2,-1,15,,
-67,-3,72,-23,-22,-6,-2,25,,
37,5,-16,42,16,0,5,-5,,
-30,18,44,-8,-2,-11,4,2,,
-17,-59,29,-15,-12,4,-21,-11,,
16,46,13,45,8,7,1,9,,
19,-29,-14,-53,-4,-2,19,-13,,
-48,13,-33,15,-10,-5,-5,1,,
-49,-15,28,24,9,-7,-12,5,,
-7,11,24,9,-11,-4,-5,5,,
2,14,-34,36,-1,5,23,8,,
47,-10,-4,-63,1,7,5,-13,,
16,12,-7,-15,-2,-1,-16,-11,,
27,0,-5,-22,-11,-4,21,29,,
-13,14,14,32,11,5,-6,14,,
35,-27,-16,24,-3,4,8,10,,
15,40,37,-42,-8,-10,-32,-47,,
-23,-11,-65,-26,0,-1,4,-4,,
-28,-12,-7,6,2,-6,-4,0,,
-29,7,17,-2,0,-3,-7,24,,
27,19,41,49,19,27,23,27,,
36,-31,-47,-67,-24,-10,20,-5,,
-12,12,-49,-41,-8,-5,-21,-6,,
-6,7,19,57,-5,-4,-6,-18,,
8,-15,14,11,-2,-12,-5,3,,
31,27,37,-3,17,7,-7,2,,
21,-17,1,-7,3,0,3,-3,,
24,12,-47,-12,-8,4,-5,-13,,
-28,19,63,28,8,1,7,-12,,
0,-23,24,6,-2,-3,-10,-2,,
-3,-13,0,16,0,-4,15,17,,
14,20,-55,-60,3,0,-14,3,,
-16,-43,-25,-51,-17,1,28,32,,
20,20,30,49,2,-5,-34,-21,,
17,-22,-1,-11,-19,-10,-12,-40,,
12,11,39,56,14,10,13,22,,
7,-27,-28,0,-1,-7,-1,5,,
-49,-16,-11,-6,4,-11,-3,6,,
-2,10,-31,-15,3,27,5,8,,
-5,0,4,2,2,2,6,3,,
-46,3,12,-29,-5,-5,-11,-16,,
37,5,-20,5,-2,-3,9,-15,,
7,-12,5,13,5,-4,-14,14,,
-45,14,17,30,6,2,20,-22,,
46,23,-44,-87,-14,-8,2,7,,
-37,-36,50,74,-19,-1,14,12,,
-31,-41,-24,-30,-5,-6,-26,-22,,
16,24,42,13,13,5,-26,-41,,
13,16,19,45,4,-6,3,3,,
-7,26,2,2,17,13,1,6,,
-67,-9,-22,-37,-8,-5,16,-20,,
9,-9,-25,-9,-6,-18,-10,45,,
19,17,6,4,3,20,7,2,,
-2,-14,-23,-28,-1,6,2,-33,,
-23,-5,26,65,1,-5,2,31,,
-11,-22,-44,-77,-21,-12,-5,-27,,
-43,-16,-69,-30,8,-3,-3,-7,,
2,-6,12,-12,1,8,-1,14,,
23,27,-30,22,5,-1,5,-22,,
-45,-3,45,-10,-9,-8,6,16,,
35,-29,-21,10,-8,5,6,18,,
7,29,-2,-2,2,-7,-18,-25,,
-2,-8,31,-3,7,-4,-6,15,,
-1,-2,34,15,8,17,34,9,,
2,-12,20,18,-9,-6,-8,5,,
25,6,-9,-22,3,-1,8,3,,
27,8,13,0,-4,-6,-14,-2,,
12,-5,-1,8,-7,-4,-2,19,,
36,13,-48,23,14,22,6,-11,,
2,-22,-31,53,17,-1,-3,-8,,
9,31,41,-68,-24,-14,3,0,,
64,-73,0,88,-1,-6,-2,-3,,
-39,14,-27,-6,-6,-16,-21,-6,,
-8,17,12,-22,-6,2,4,-11,,
-17,2,-25,-6,11,2,6,20,,
-25,29,-6,-5,8,8,3,5,,
-1,-17,-53,28,1,-3,-4,-27,,
-32,-31,-29,-36,-13,-3,-15,-5,,
-14,2,24,28,-3,8,26,11,,
-31,18,8,-2,-3,-6,-7,-18,,
8,16,41,50,15,9,4,11,,
-18,8,-22,-35,0,-4,-1,30,,
-30,-39,-47,20,3,-13,-9,-13,,
0,11,-42,-33,-13,12,-1,-5,,
-45,14,18,-3,-11,-9,-2,-9,,
10,-10,1,-2,-5,-9,1,8,,
8,0,-28,2,14,8,-15,-10,,
-50,-13,16,-34,-2,-8,-12,-29,,
-21,-14,24,12,-3,-5,12,26,,
8,-10,-65,-12,-7,3,-2,-18,,
3,10,22,23,8,-2,-4,-6,,
65,22,17,-36,-3,5,2,7,,
16,-12,-5,-24,0,2,-3,0,,
-7,-7,34,6,-2,-7,-1,-6,,
15,29,22,-8,3,1,-6,-12,,
3,-16,-10,33,2,-8,4,-6,,
31,3,40,-3,-11,-6,-11,4,,
-65,2,19,44,14,9,8,17,,
61,6,58,-16,-3,0,9,23,,
14,3,19,16,5,2,-6,-21,,
-14,-39,-71,-23,-2,-12,-9,9,,
17,11,37,-18,-16,-1,-7,-12,,
-16,-15,7,8,2,9,-8,2,,
7,-3,-16,7,3,0,-2,9,,
40,25,53,18,15,9,9,0,,
-14,-24,-15,-11,-3,-11,-1,-20,,
-8,18,-34,8,2,2,7,24,,
-12,-56,-90,-79,-19,-5,-13,23,,
12,18,53,22,-6,-6,7,1,,
-28,13,-3,17,9,4,0,-7,,
48,2,-2,-17,-5,-4,0,15,,
33,27,61,49,10,-6,-9,-21,,
-12,-14,-52,-33,-2,-5,13,-8,,
22,-1,-35,-16,-8,12,-5,-3,,
24,-55,-15,45,0,0,4,-7,,
-25,22,20,12,13,-1,3,19,,
10,19,49,42,9,1,-8,-21,,
40,-25,30,-43,-5,-7,10,-5,,
-41,2,-2,-4,-8,-4,-16,-13,,
14,24,-37,22,4,8,8,15,,
9,13,18,-8,-26,-10,0,-5,,
42,-40,-20,16,19,2,-6,13,,
-60,11,49,-85,-16,1,-8,-15,,
45,9,-12,2,-2,-5,13,-4,,
-50,19,-13,17,9,8,-3,0,,
67,5,45,47,1,-3,-1,19,,
-109,-33,1,-13,-5,-5,-8,-14,,
35,-31,31,12,4,-16,10,2,,
-12,7,-35,-29,-16,16,-9,-16,,
-13,0,13,-7,6,10,21,19,,
34,14,-29,26,7,-8,-12,-13,,
-37,11,-26,-24,-7,3,-14,-5,,
9,-28,40,-19,-2,-12,2,8,,
-58,28,9,-31,-14,-16,-23,-18,,
-28,4,-8,4,0,6,23,-7,,
31,45,22,38,5,15,-19,-18,,
61,-8,-8,7,18,3,43,64,,
-54,10,-25,-51,-15,-2,-13,-27,,
40,-3,14,-12,4,0,-2,9,,
1,-5,-30,16,-7,-3,-6,-17,,
-17,4,10,-61,-1,1,-5,1,,
12,21,12,86,12,-2,7,43,,
49,-26,-21,-27,-11,-6,-2,-17,,
-18,4,3,-30,-11,2,7,34,,
39,-15,33,53,7,-11,-22,-32,,
5,56,21,-27,2,11,16,12,,
21,-21,5,15,4,9,-1,3,,
-6,-13,23,24,-3,-2,5,-11,,
-37,-11,-21,-14,-4,-4,2,13,,
-1,16,19,-18,-13,-15,-3,-24,,
-40,28,23,-11,0,-1,-5,-18,,
66,-5,28,12,9,10,-15,3,,
6,-10,-26,50,1,-7,2,-9,,
21,-19,-10,3,10,10,9,-7,,
-19,3,-8,37,-1,-5,-4,-6,,
4,5,-31,-101,-10,-2,11,30,,
-11,-27,-92,49,2,-4,-13,-18,,
-24,-25,29,-57,-9,-3,-17,-10,,
41,31,-15,-51,-7,2,12,8,,Training Set 7
