6,12,7,-42,-1,-3,-2,22,,
-42,-9,-18,2,-6,-4,6,-3,,
-5,0,22,-1,0,-3,10,-35,,
-16,-2,-20,-8,-13,-6,6,95,,
11,6,30,19,-6,2,-15,-55,,
5,1,-16,27,12,4,8,66,,
-4,3,-4,-36,6,0,-1,-5,,
3,-15,-6,43,-8,-8,-15,-31,,
-15,15,23,-4,10,2,-2,-21,,
6,-8,-24,-25,-21,-2,7,5,,
-13,-5,-13,18,10,-8,-55,-60,,
53,11,0,-10,-6,9,105,97,,
-11,-7,13,58,9,-7,-56,-12,,
15,4,-9,-57,-1,11,45,31,,
-2,2,8,14,4,8,-2,38,,
5,-1,22,11,-9,-7,-29,-54,,
7,-6,-35,-50,-18,-3,7,-74,,
17,6,-4,-18,31,3,6,31,,
8,-1,8,19,4,-1,-4,-14,,
10,-8,-51,-58,-11,1,-34,-38,,
-33,-14,1,19,4,-4,53,65,,
-13,6,38,-5,-19,-5,-25,-58,,
5,-10,1,24,6,-2,20,14,,
-9,1,45,10,-16,-5,-18,-50,,
-2,-5,-48,52,3,0,-61,11,,
22,-7,-4,-68,-9,1,24,27,,
-6,6,12,24,9,4,13,-36,,
-11,-2,32,-8,1,9,32,64,,
2,-3,-12,-12,-1,-11,-10,-83,,
8,4,-32,3,-16,-6,-7,108,,
8,-10,-25,-36,13,5,-8,-44,,
-6,10,3,13,7,0,-34,-15,,
11,5,17,6,-1,10,79,3,,
-45,3,18,37,0,-7,-37,-42,,
-2,2,2,-52,-4,-4,-6,-14,,
-6,-2,-30,34,4,6,38,6,,
7,-3,-27,-20,-6,2,-15,52,,
0,0,35,28,-18,-14,-76,-60,,
-1,-2,19,36,2,11,79,37,,
12,1,-14,-32,1,0,0,7,,
3,13,33,24,-6,-6,-14,-1,,
3,-22,-11,14,16,1,-8,-43,,
3,-4,4,-1,-19,-10,-34,18,,
7,5,10,0,8,-1,-14,-24,,
-44,-4,-9,-13,10,3,-2,23,,
10,5,-9,11,6,-1,17,10,,
-3,0,14,-32,-12,-3,-10,35,,
-19,-10,-8,13,10,4,-1,-16,,
-13,-2,-9,-22,-9,-12,-13,-17,,
11,-4,-15,16,5,10,23,7,,
-7,5,-2,15,-19,-6,-13,-15,,
29,0,4,-10,17,2,11,12,,
-18,8,37,-21,17,0,-39,-75,,
-3,-13,-7,69,-3,-12,-24,-4,,
6,-13,-53,-37,-8,5,53,75,,
4,4,22,7,-14,-12,-42,-71,,
-2,-4,-19,-1,-5,3,13,27,,
-5,17,33,34,22,10,41,27,,
-10,-5,6,4,-2,-7,-48,-12,,
-12,-11,-3,13,-6,-5,27,34,,
23,1,-22,-22,12,16,59,-20,,
-3,4,7,-27,-7,2,-1,36,,
-4,8,5,44,1,-4,-18,-33,,
13,10,-4,-42,-3,-1,-8,52,,
-29,-6,14,53,0,-4,15,1,,
14,10,-12,-64,-5,-6,-16,-47,,
1,-2,-1,-9,-1,3,18,21,,
-27,-8,-11,17,-8,-4,-29,-73,,
11,1,14,8,2,-3,-5,9,,
9,-1,2,22,-2,3,11,4,,
-8,10,-5,-33,-1,1,-4,-14,,
-10,-7,15,45,-2,0,-2,-21,,
2,-1,-19,-59,-4,-7,-55,-56,,
20,6,-6,-21,-4,0,57,62,,
10,15,9,-9,-1,1,-20,-57,,
-6,8,-3,-8,5,0,-13,107,,
28,-2,-11,-11,-8,2,68,75,,
4,4,18,3,7,-3,-66,-103,,
10,6,-12,29,7,6,57,31,,
-8,-5,14,-28,-2,-5,-24,-24,,
-23,-8,-41,-37,-13,-8,-48,-35,,
28,-1,-9,17,6,1,52,10,,
1,0,27,-4,-9,-1,-42,-41,,
3,4,5,6,25,9,27,-74,,
17,1,15,34,-19,-4,-9,51,,
10,-13,-1,-29,-4,-2,-17,-36,,
-2,-6,-2,0,-17,-9,15,16,,
-2,-8,11,-6,-1,0,11,-4,,
1,-3,-27,-24,-1,4,-7,-1,,
-16,6,-12,31,-5,-9,-33,-13,,
-22,-4,17,-17,-8,6,13,68,,
8,9,-7,-4,-3,-3,-27,1,,
24,0,-17,-86,-8,-14,-4,3,,
-9,1,9,-23,-5,16,18,-58,,
0,2,4,74,20,0,23,37,,
-8,3,13,-9,-7,-4,0,-2,,
-39,-10,18,28,-5,-8,-41,-60,,
1,-3,-23,-74,10,-2,-6,41,,
3,1,18,12,3,2,6,-21,,
-13,-7,-16,22,0,-3,-5,-17,,
2,-1,9,36,0,1,13,68,,
-9,-3,-6,-53,4,8,7,-26,,
-4,-14,-14,20,-4,-5,-13,-11,,
10,3,10,9,3,5,14,-2,,
-45,22,45,55,3,0,-29,-63,,
-10,-19,-31,-10,4,-7,-1,8,,
11,2,-23,-52,-12,-3,33,36,,
-7,2,3,41,17,1,-17,-101,,
46,10,9,-18,-17,2,14,88,,
-38,-14,-24,9,17,-3,-12,-19,,
-16,-10,-7,-33,16,-3,-40,-53,,
0,-8,-18,0,-12,2,44,91,,
36,5,10,-2,1,5,4,-29,,
-17,13,44,67,11,-3,2,-7,,
22,-7,5,-5,-18,-9,-29,-11,,
-5,-14,-22,-28,3,-5,-35,83,,
-7,-3,-32,-6,11,5,38,31,,
8,6,22,22,-9,-7,-30,-21,,
-8,-4,-25,5,-16,-8,-15,1,,
16,15,16,8,4,3,11,-18,,
-35,1,17,21,24,-1,-32,-71,,
6,-8,-43,6,-15,7,73,55,,
-15,-3,14,-19,3,-3,-52,-29,,
18,8,-11,13,-12,3,56,39,,
12,-5,0,-75,0,3,-10,-37,,
-4,-2,-13,21,-23,-8,-22,-9,,
-11,-3,4,28,10,-5,-14,-11,,
-3,-7,-10,-16,3,2,21,-26,,
-1,-4,5,65,7,1,6,20,,
-36,3,2,-16,-5,-5,-46,-39,,
-5,1,1,-6,7,7,39,45,,
5,4,-1,-15,-1,-5,-27,14,,
5,0,16,24,3,1,20,0,,
9,-18,-54,-73,-20,0,0,88,,
-10,15,-22,7,3,0,-10,13,,
-12,-28,14,15,-12,1,-12,-24,,
8,-6,-26,-47,-18,-16,-7,-16,,
13,14,60,29,16,11,21,-21,,
4,1,-9,-18,7,2,4,-33,,
-3,-6,-21,29,1,-2,-1,59,,
3,-1,5,-14,0,-2,22,25,,
8,-8,-31,-2,-17,-8,-64,-54,,
3,0,9,13,2,-1,38,11,,
-2,21,24,-34,-4,-5,-11,-28,,
2,-24,-11,47,2,5,-9,-7,,
-2,8,10,12,9,-1,11,23,,
-4,-12,-10,-16,5,-2,5,-21,,
-4,12,-5,15,-6,1,-28,31,,
-15,7,20,-18,2,6,18,28,,
17,-3,-3,10,-9,-3,21,35,,
-1,-1,4,-8,-4,-9,-69,-71,,
1,3,7,26,21,15,83,32,,
5,-11,-34,-36,-17,-3,-6,1,,
-42,-8,0,-17,-5,-5,-39,-62,,
-1,12,19,44,8,5,9,18,,
6,-10,13,-19,-7,-8,-15,-42,,
-5,6,-18,8,9,-2,-10,9,,
22,7,16,46,6,4,7,54,,
10,5,19,32,14,12,36,25,,
-2,-2,-57,-116,-7,-6,-18,-15,,
-34,3,56,74,-10,-9,-25,-63,,
9,-10,1,14,-6,-5,8,15,,
9,9,10,-18,2,6,2,37,,
-1,5,3,45,14,2,5,-15,,
17,-10,-20,-47,-3,1,-26,-26,,
-68,-1,1,-8,2,-6,-42,-32,,
23,-12,-17,-23,-3,2,35,-10,,
18,19,1,-12,-11,-2,-25,-82,,
4,-5,15,30,17,10,34,115,,
4,8,-12,-36,-7,-5,6,-66,,
14,-14,-17,12,-16,-6,8,55,,
-49,-3,-30,-49,-13,-9,-27,-53,,
3,10,6,19,18,1,-17,-35,,
24,-1,18,25,3,1,21,-3,,
-4,3,-1,-10,5,-1,-6,-9,,
7,-2,12,0,-14,-1,-9,8,,
14,-5,-13,0,-1,-8,-33,-19,,
-20,-2,18,-8,-13,6,48,-17,,
-2,5,-1,10,18,4,-51,8,,
5,-3,16,-51,4,7,51,50,,
13,-1,-34,55,-32,-18,-9,30,,
14,6,-6,-37,3,2,-15,-23,,
-32,-16,15,12,-15,-9,-11,-55,,
5,-8,23,-2,-2,0,-9,99,,
-8,6,3,-12,14,7,10,-27,,
9,5,5,21,0,2,2,-16,,
-7,4,1,-1,-8,-9,-9,27,,
-6,-20,-23,32,7,-1,-33,-14,,
-38,-4,3,-51,-19,10,58,18,,
1,7,29,26,23,4,0,65,,
22,9,27,22,-3,-2,15,-14,,
-13,-13,-73,-74,-20,-11,-20,-38,,
10,1,18,72,-2,-2,-8,-7,,
2,-4,-18,-23,8,-3,4,-9,,
-16,-3,14,-38,-5,-6,-46,-17,,
13,7,19,42,5,7,82,16,,
5,10,9,-41,6,4,-9,6,,
8,-4,-3,38,1,3,9,26,,
9,0,-7,8,10,-4,0,20,,
0,-1,-3,-1,-6,-6,-40,-2,,Training Set 1
-14,12,30,12,11,4,5,-18,,
0,-20,-25,21,-14,-5,-10,-40,,
6,-1,-9,-72,-1,-2,0,-42,,
4,9,32,47,-12,-8,-14,45,,
20,5,18,35,9,7,38,-6,,
-4,0,-46,-30,18,4,8,13,,
-6,-9,-19,-14,-23,-13,-24,-37,,
8,5,14,9,5,0,-23,-24,,
3,-8,-28,29,13,12,52,46,,
-1,-1,14,-31,-16,-9,-6,-59,,
-8,-20,-50,12,-2,-2,-6,52,,
-8,12,7,11,13,5,2,-39,,
-23,10,13,16,3,3,26,-8,,
12,-5,19,-10,-15,-7,-6,20,,
3,7,21,28,11,2,-9,-30,,
-19,-9,-3,-18,3,-1,-16,26,,
-3,-3,-36,-27,-12,-7,-39,-115,,
10,10,32,64,16,-1,33,76,,
-9,-10,-12,-86,-25,6,-21,1,,
16,0,-17,21,-2,-9,-5,54,,
-7,-12,14,4,-9,0,4,15,,
-7,11,3,25,16,1,-12,-56,,
1,2,19,2,-3,3,5,11,,
-14,-3,7,52,-1,-6,-21,-17,,
12,0,-3,-80,-3,-4,-39,-40,,
4,1,-7,15,6,7,39,-31,,
26,5,-2,27,8,-3,8,-26,,
-2,7,16,-30,3,6,13,43,,
-13,-23,-11,6,-15,-8,13,-33,,
17,3,4,-59,-1,3,-3,42,,
-28,1,1,24,9,6,43,-9,,
11,7,31,20,6,-2,-30,-25,,
7,-7,-19,-29,-10,-10,-31,-41,,
-11,4,10,40,-12,3,33,51,,
-17,-8,-30,-50,-3,-6,-19,-40,,
-1,0,-20,-26,-12,-6,17,67,,
-6,0,0,20,8,2,-15,-88,,
0,-3,-11,11,5,1,2,90,,
29,16,11,66,16,0,-6,69,,
6,-36,0,0,-10,-3,37,-33,,
1,5,-20,-63,-18,-2,-21,-16,,
-1,-10,-23,-17,-7,-6,-34,-43,,
9,3,-6,-1,0,3,29,-13,,
14,2,-9,9,0,-6,-32,-30,,
4,1,3,17,9,4,9,103,,
-8,-3,3,6,3,4,-10,-1,,
-19,5,0,14,3,-5,-21,-11,,
-19,3,40,23,7,-2,6,-94,,
0,0,-1,11,-16,5,45,114,,
-2,2,-24,-48,-18,-10,-29,-41,,
-7,-6,-4,44,-1,-4,-27,-68,,
-40,-2,18,-1,6,0,43,45,,
7,5,22,56,9,6,-8,-13,,
-6,9,6,1,-1,0,-31,-75,,
-21,-14,-15,-42,-9,-8,-4,93,,
17,4,7,16,-6,4,41,-18,,
-5,6,16,4,11,-3,-16,9,,
-16,-3,7,-3,-17,-14,-14,-54,,
-9,-13,-11,5,21,16,26,56,,
-6,7,-1,0,9,2,-28,6,,
3,-10,-17,-12,-5,-4,-6,1,,
8,7,7,1,6,0,17,-37,,
8,2,28,41,-8,-4,-26,-6,,
9,-3,-15,-127,-9,4,25,32,,
32,12,-11,24,8,-4,5,-22,,
-23,-14,-6,26,10,-3,-23,92,,
9,-7,20,-36,2,-1,7,52,,
-15,-3,-40,22,-13,-1,-11,-16,,
-5,1,11,1,-4,-2,-20,-36,,
8,-1,7,53,24,-1,-29,-1,,
12,1,-6,-37,-11,-1,7,-125,,
15,11,3,13,0,5,29,103,,
-18,-22,-4,-20,-7,-8,-20,-6,,
7,5,2,-15,-18,4,24,-49,,
-45,-17,-6,13,13,-1,-29,30,,
19,11,30,-4,-7,-6,13,7,,
-26,-1,-15,18,3,2,-3,-20,,
11,2,-3,-43,-2,4,20,19,,
14,6,2,45,-10,-4,-29,-69,,
-7,-17,-9,-28,-8,-8,-1,34,,
6,7,5,-14,29,11,23,36,,
-10,-7,-32,-63,-7,-8,-33,-47,,
7,7,-5,-32,-17,2,76,36,,
-14,7,62,90,16,1,-54,-59,,
18,0,-46,3,-9,-2,8,15,,
-9,-13,-1,52,3,0,2,-25,,
7,7,-9,-39,-18,-3,31,93,,
23,9,5,33,17,4,-12,-38,,
-44,-6,37,37,-6,-2,-5,-42,,
10,-2,-42,-72,-18,-2,28,26,,
-1,5,9,25,27,5,-27,-21,,
10,13,0,6,-7,-4,-19,-32,,
2,-5,12,11,-8,-5,11,2,,
-11,-9,9,13,17,13,34,67,,
1,-4,-10,35,-11,-9,-34,4,,
-5,-3,-31,-71,-6,3,5,-6,,
7,11,-8,-51,-5,-4,-33,-31,,
0,-1,22,77,5,1,32,66,,
5,6,9,-6,-8,-2,2,-83,,
5,-15,-34,-51,-2,2,-16,34,,
-17,-4,-19,3,-12,0,35,6,,
19,12,27,-8,6,9,5,-17,,
35,1,-3,4,-1,-8,-47,-23,,
-4,-16,-35,1,-17,-6,18,-88,,
13,7,16,14,29,11,18,97,,
-18,-6,14,5,-2,-5,-25,-37,,
-22,-4,-3,-2,-5,-1,7,-8,,
8,2,-4,-21,-10,-6,-14,-28,,
0,-6,-5,8,-8,-5,-9,2,,
-3,7,4,60,12,-3,1,28,,
-1,1,27,-60,-12,4,14,27,,
-30,-11,-22,15,2,-2,-5,-37,,
6,4,-14,-20,-4,-2,-2,-22,,
16,-4,19,2,-5,1,12,42,,
-2,-2,-29,-7,-3,-7,-5,-19,,
-18,5,38,49,8,-3,-26,7,,
25,2,-5,-52,-1,2,-14,-34,,
-32,4,24,53,-7,1,3,55,,
13,3,-17,-83,6,1,25,-11,,
-9,-6,10,46,14,4,-2,-50,,
-6,-6,8,21,-8,0,-25,58,,
19,-2,-23,-34,-8,-8,-19,-38,,
-7,2,7,41,11,4,14,46,,
-36,4,17,-23,0,0,19,48,,
4,-1,16,15,2,-6,1,-47,,
0,-1,-35,-17,-14,5,-9,-43,,
1,2,19,-14,0,-1,-16,19,,
11,-5,0,23,-7,-5,8,22,,
-5,-3,-37,-19,9,5,20,-10,,
-6,-5,1,-18,-6,-2,-25,7,,
-3,11,5,41,16,-5,-9,-8,,
-3,-14,0,-23,-19,-6,14,5,,
-12,-2,35,54,20,3,-15,-99,,
31,-2,-29,-31,0,9,51,79,,
-18,-3,2,25,-9,3,14,-62,,
-11,0,-9,13,7,-2,-26,2,,
0,2,9,-59,-26,-11,-3,23,,
2,-3,-6,11,4,-2,-3,-43,,
-8,-7,-6,27,10,-1,3,26,,
20,9,14,-37,-17,2,-7,-12,,
9,5,-6,14,22,0,-10,-3,,
-14,1,-2,-11,12,0,17,-27,,
7,-14,-22,-9,-19,-2,11,67,,
-1,11,12,44,15,3,-30,-30,,
3,-14,-35,-92,-15,-3,-12,1,,
-2,-5,40,34,1,-6,18,84,,
-6,-7,-40,-62,-11,-5,13,-28,,
-14,6,24,9,2,-2,0,124,,
-14,4,-3,24,-1,6,-13,-15,,
1,-9,-13,11,-4,-11,-41,-28,,
-10,-4,28,-5,10,13,20,-15,,
11,0,-28,-13,-6,-3,23,-34,,
11,2,34,37,-6,0,21,94,,
-11,11,4,-16,8,-6,-23,-38,,
1,-7,-22,32,-10,-11,-20,-7,,
15,-2,-33,-22,29,15,35,34,,
-9,-3,11,40,-4,-2,-2,-67,,
-14,-7,-16,2,-4,-5,14,1,,
-42,0,1,21,-6,-2,-47,-51,,
23,4,-7,-28,-10,-1,20,101,,
2,-6,19,-12,2,-11,-6,-16,,
-8,-2,-12,24,-4,7,15,-1,,
17,11,13,-9,4,3,-14,-56,,
-3,-10,-16,9,12,3,10,4,,
-2,19,9,-1,1,0,-3,10,,
13,-1,23,1,-3,-9,-50,-5,,
11,0,-1,36,-1,4,65,25,,
0,-3,-21,-34,-15,-3,2,-26,,
12,10,9,-1,0,1,8,-1,,
-66,-7,1,30,13,-2,-36,-58,,
24,5,33,14,-1,7,6,19,,
0,-9,-34,-60,-7,-4,-15,-8,,
-8,-6,23,73,-5,-6,-7,-61,,
12,2,-34,-49,10,-4,9,39,,
-3,-4,13,-9,-9,3,9,4,,
8,27,31,21,-5,-7,-6,35,,
-8,-32,-30,14,6,4,-11,-47,,
9,8,31,-28,-15,3,33,9,,
-6,-2,2,-36,6,-6,-29,-12,,
-1,-12,-68,-1,-14,-6,-4,-29,,
-10,-6,-7,-17,-3,-9,-27,-4,,
5,10,24,27,6,9,45,98,,
-19,5,1,10,10,-4,-40,-12,,
-20,-10,21,11,-3,3,9,-15,,
31,13,-4,-53,-11,1,26,52,,
7,-12,-41,-61,-12,-5,-29,-114,,
12,4,-12,80,-4,-9,5,91,,
-2,-4,9,18,38,11,-8,-29,,
-18,-1,-6,-11,-9,1,8,-16,,
17,12,43,4,-2,5,-3,-60,,
7,4,-55,-93,-9,-5,14,28,,
2,-29,15,35,-12,-9,-31,-31,,
-1,-8,-24,1,-1,1,22,41,,
3,4,13,-1,3,-3,-23,-36,,
19,0,-8,10,-3,-6,5,66,,
-3,10,22,-7,5,3,-1,9,,
2,8,21,24,22,5,-9,-45,,
-1,-14,-24,30,-11,-3,49,87,,
7,3,18,14,9,3,-10,-46,,
9,7,20,10,-4,-7,-34,-97,,Training Set 2
15,14,3,-29,-16,4,-7,-59,,
-11,-13,9,-13,15,6,45,119,,
8,-9,-35,-33,-7,-2,-16,-46,,
-4,1,16,37,-8,0,23,4,,
4,5,28,-11,2,-5,-30,-32,,
-3,0,-21,-40,4,1,-6,-12,,
-3,-1,-46,-78,-16,-6,-55,-80,,
-4,0,46,34,3,4,44,112,,
-15,-12,-47,8,2,1,45,-8,,
9,-4,-1,32,-8,-8,-18,5,,
20,4,-2,-72,-6,-4,-6,-23,,
0,1,-19,-14,6,-3,-10,-1,,
10,0,8,11,4,2,-16,-22,,
-45,-10,1,16,-17,-13,-7,-18,,
18,-5,-1,16,6,0,9,2,,
9,10,19,32,0,1,-1,9,,
-3,-12,-5,25,15,4,25,13,,
22,2,1,-3,-4,2,-21,-34,,
-21,3,-4,-6,-10,-8,5,60,,
-4,8,24,7,2,-4,-2,-40,,
-10,-13,-32,-20,-20,-7,0,3,,
4,0,5,-9,7,5,12,-41,,
-11,-2,2,10,-2,0,-1,9,,
16,3,-11,-60,-5,5,-11,-12,,
6,5,23,-6,15,-2,2,36,,
5,-4,-13,15,-9,-7,-15,4,,
-18,-1,7,18,-9,-2,1,-28,,
12,-5,-9,8,21,5,10,33,,
5,-2,13,11,-7,2,11,-38,,
-21,10,-1,-12,-14,-2,-18,-35,,
3,-8,6,19,19,-1,-6,11,,
-10,7,-25,-16,-13,0,49,-48,,
-5,-25,6,1,2,-3,-7,58,,
8,3,-6,-67,-8,-7,-17,4,,
0,4,15,39,0,-2,-10,-42,,
12,-4,-3,2,-10,0,-7,-34,,
-1,11,-2,-12,11,-1,12,30,,
22,3,-26,7,8,4,-2,5,,
-2,-5,5,-18,-4,-1,11,5,,
10,-3,5,23,0,0,-22,-23,,
3,11,-26,-30,-18,-1,-10,36,,
-15,-2,44,47,26,4,-12,-81,,
0,-7,-28,-20,-1,-12,-15,113,,
-10,-2,-1,12,-10,6,82,21,,
3,6,41,52,6,-8,-38,-64,,
2,-1,-29,-7,-16,-6,-11,6,,
8,3,4,-6,7,11,90,-5,,
6,-8,10,-2,1,-6,-59,85,,
-49,-16,-38,-83,-10,-4,-24,-40,,
7,6,27,59,12,-3,-36,-65,,
9,2,11,13,-10,7,80,71,,
7,0,-27,-14,2,-6,-35,9,,
2,6,10,26,-2,0,26,-72,,
-4,1,-6,-12,-5,0,10,113,,
-14,-3,-7,-17,16,2,-33,-69,,
-7,10,11,32,17,-3,-33,-53,,
12,-3,-4,4,-14,1,7,55,,
-28,-1,-4,-17,-10,-7,27,-52,,
11,-1,30,34,6,5,-21,69,,
27,-6,-1,-15,-8,-2,33,28,,
7,-2,-26,-10,3,-5,3,11,,
-6,7,6,-23,-6,0,-44,-28,,
-2,6,16,39,6,-3,-10,22,,
-4,-14,-49,-11,-4,1,13,-35,,
-7,1,29,57,-7,-6,-12,2,,
15,4,24,-29,5,5,32,64,,
-5,0,-33,-22,-1,-1,-20,-49,,
-18,3,41,12,-12,-4,-20,-21,,
6,-4,-64,-43,1,-4,-8,6,,
-21,-12,2,-6,-4,6,33,18,,
-3,-8,-6,-11,-6,-6,-74,-54,,
-7,3,3,38,10,15,89,80,,
30,5,14,7,8,-3,-50,46,,
-28,-5,-9,2,-11,-9,36,-26,,
23,6,2,1,-2,6,12,51,,
-9,6,36,10,-5,-4,-25,-37,,
18,-19,-29,-73,-10,-3,-4,-41,,
6,3,-6,-8,10,5,-6,-16,,
-7,8,3,6,-3,0,8,-18,,
-19,-16,-9,-24,3,-2,-4,-10,,
6,16,37,49,3,11,34,-3,,
11,-7,-6,-7,-3,-9,-59,22,,
-18,-15,-22,-17,-15,-10,49,12,,
-2,3,0,-7,-5,9,-28,32,,
4,2,3,-12,0,-2,14,-11,,
-35,-3,2,17,6,-1,4,34,,
9,4,3,2,3,4,-21,-54,,
-18,-4,-38,-22,-8,-11,-39,-85,,
2,0,-12,-16,-1,0,25,91,,
17,-1,6,33,-7,-1,-1,-19,,
-26,-3,0,-18,-4,-5,11,-14,,
-1,-5,25,20,22,3,-18,-24,,
-14,2,17,-18,14,11,-4,-55,,
23,2,-14,75,8,-2,7,36,,
0,0,13,-33,-6,-1,-10,49,,
-4,1,-3,39,-5,-6,30,0,,
-7,3,4,10,-15,-8,-20,-20,,
4,-1,8,3,13,12,-13,-23,,
-25,-6,-3,-3,-8,-7,-3,4,,
19,7,6,-8,4,7,27,60,,
1,5,23,55,-9,-2,-12,22,,
2,-16,-31,-92,-8,-3,31,0,,
7,-1,-33,-53,-8,-2,-31,-41,,
-2,-5,25,15,-2,-5,-7,-62,,
-7,7,-31,-39,-11,-5,17,49,,
17,-3,10,10,9,5,-27,-14,,
0,-2,14,12,12,5,20,-6,,
-9,2,-8,-22,-4,-4,-24,-16,,
7,-1,10,74,-4,1,13,-23,,
-20,2,2,-2,-8,-11,-49,-5,,
35,2,-15,-33,-4,2,50,53,,
16,8,18,41,-13,-9,-39,-13,,
-16,-18,-53,-15,8,1,0,-24,,
-1,0,-9,-51,-10,2,-2,11,,
15,6,38,39,5,0,13,-31,,
2,1,-16,-3,0,-3,5,18,,
-12,0,4,-21,9,-3,-53,8,,
19,4,19,23,-3,5,56,31,,
7,0,0,14,9,3,-33,-16,,
-10,1,12,-27,-9,-1,44,11,,
12,4,6,37,6,4,1,-20,,
-50,5,-16,-22,-8,-1,-16,51,,
-10,-16,0,9,-1,-1,6,-16,,
-8,-11,-26,-5,5,-9,-23,99,,
-20,0,25,-7,17,10,28,-84,,
31,3,7,22,-3,2,4,27,,
-7,3,-13,-3,-16,-10,8,20,,
-8,-6,-13,-14,11,18,19,-47,,
-4,1,35,2,6,-2,-2,-5,,
-3,-2,-16,13,-4,-7,-32,-43,,
-18,-3,-13,-34,-12,-2,-12,-37,,
13,4,38,24,15,-3,-6,-3,,
15,-12,-61,-93,-16,-10,-40,-17,,
-31,-5,11,-6,5,3,60,49,,
19,2,-6,41,2,1,8,13,,
-33,-2,5,22,11,4,-13,-34,,
13,6,17,7,0,-1,7,41,,
16,-8,-14,-6,1,-3,-10,-16,,
-7,5,-9,-14,-10,-2,10,-3,,
1,-3,1,-10,-8,-5,-16,-33,,
-10,0,14,30,7,5,8,-5,,
-5,-14,-18,-20,8,-6,-8,-48,,
-2,9,25,23,7,10,5,29,,
7,10,-3,-25,-22,-12,-9,-9,,
11,-5,-23,-15,-30,-4,26,15,,
11,1,12,4,6,-1,-3,42,,
8,6,16,13,10,-1,-18,-65,,
3,-5,-11,19,11,9,2,46,,
-9,0,3,-13,1,-6,-30,-7,,
27,5,15,1,-16,3,6,-25,,
-16,-8,-32,-61,-16,-8,9,10,,
11,9,7,13,4,3,16,17,,
-11,-4,3,35,6,1,-14,-16,,
-14,-2,-42,-70,-22,-6,-10,70,,
-5,-2,11,24,5,-5,-5,23,,
-5,-3,-35,-1,-1,-4,-29,-30,,
17,-4,27,25,5,9,17,82,,
9,9,10,18,-11,-5,16,-24,,
18,-1,3,18,38,19,33,24,,
-3,6,12,-9,-12,-2,1,31,,
0,-8,-19,13,-5,-10,-35,-51,,
-1,0,23,31,10,-2,-29,-49,,
-14,0,-15,-15,-5,5,28,9,,
30,12,-5,-23,-16,-2,-25,-52,,
-7,-2,4,-44,27,11,45,49,,
-1,-4,-21,-8,-11,-6,2,3,,
-10,5,25,52,6,-6,-26,-28,,
-12,-17,-17,-12,-5,-3,-5,17,,
-5,5,21,18,-7,-7,32,-3,,
-1,7,-6,-15,8,-3,-66,-17,,
10,-1,-7,12,-2,14,53,-17,,
-61,-9,-22,-26,1,-8,-5,-17,,
11,0,30,10,-14,-2,14,18,,
-2,5,-27,-13,28,4,7,-31,,
-2,-14,8,9,-19,-8,-44,-42,,
16,-1,-7,-39,-9,-4,3,55,,
-8,6,-17,6,16,1,-25,-7,,
-18,0,11,5,-8,-2,18,-97,,
5,0,-21,-46,-2,3,-10,65,,
-4,2,22,44,-1,2,39,-4,,
12,1,-8,-13,-11,-9,-57,-28,,
-31,-10,-6,18,8,2,36,47,,
-13,1,-2,-25,-6,-3,-27,-16,,
26,-4,-7,-20,-5,2,28,40,,
1,4,-17,6,-1,-4,19,3,,
9,-1,48,78,7,9,-5,-11,,
-12,-5,-44,-85,-23,-19,-28,-22,,
-9,-2,13,-6,22,12,25,73,,
7,-7,7,4,-4,-4,-2,-20,,
26,10,7,5,-1,1,12,-15,,
-5,-5,3,24,5,-4,-17,26,,
14,0,-9,-4,-15,-5,-49,-64,,
-24,-8,-1,3,3,-4,24,-5,,
26,5,7,-28,1,13,35,89,,
-33,3,9,11,4,-1,-7,-5,,
7,-5,18,18,-3,-8,-34,-78,,
-5,-4,-26,17,4,5,31,60,,
2,7,23,4,-7,-3,-5,10,,
19,-4,-20,-15,6,10,11,1,,
-12,-3,16,19,-11,-10,-39,-1,,Training Set 3
1,2,-2,16,0,-5,18,66,,
29,0,1,-40,-7,-1,-16,-5,,
-9,2,11,41,2,0,-23,-23,,
-7,-6,-1,-29,3,0,12,-74,,
36,6,14,27,14,3,10,50,,
-22,-8,-17,6,1,0,52,117,,
0,-2,7,-12,-11,-6,-39,-32,,
-3,3,1,13,2,5,27,-2,,
13,8,53,47,-2,-4,-27,9,,
6,-3,-39,-15,3,1,-8,-25,,
7,2,-4,-27,-16,-9,5,10,,
-12,-9,-4,42,17,4,4,88,,
-23,-14,-33,-57,-17,-5,-12,-64,,
-7,2,25,3,14,-1,-22,-33,,
-4,0,-14,9,-2,2,29,26,,
-2,5,12,-2,4,1,-31,-43,,
15,-4,-27,-12,-2,-9,-15,59,,
-3,6,39,19,-13,8,77,-36,,
1,-6,-22,-11,12,-1,-30,9,,
8,-1,-8,1,-4,5,11,-25,,
-46,2,-13,-15,-7,0,-16,9,,
1,3,9,18,-5,-9,-25,-7,,
-7,-16,-3,-18,-4,-5,-14,-71,,
4,1,3,31,4,2,35,125,,
-7,-1,-13,-26,-15,-6,-30,-52,,
7,-3,15,60,20,2,-13,-69,,
-20,-1,-34,-92,-12,0,22,-16,,
12,3,6,8,-1,-9,-32,32,,
-6,-3,-14,-8,-20,-4,15,-19,,
13,4,13,10,22,3,-8,54,,
-6,4,5,44,7,6,-1,7,,
-10,-3,-12,-48,-13,-2,30,-30,,
6,1,12,-10,16,4,8,15,,
8,-8,-17,-11,-12,-7,-40,11,,
2,-5,4,25,6,-1,26,70,,
-1,3,3,-39,-7,-5,-11,-15,,
1,-1,3,-19,5,3,-8,-42,,
-5,6,-8,-15,-6,-7,-22,-51,,
28,-7,-24,-4,6,12,18,36,,
-13,-6,11,18,9,-1,-18,-16,,
6,-7,-10,-14,-3,-7,-27,-123,,
-4,8,27,41,-2,11,46,100,,
-8,-9,4,-17,-18,-7,7,20,,
-5,-3,-7,4,22,-2,-8,-21,,
-2,0,2,7,-20,-5,-33,-44,,
-36,2,-5,-19,0,3,-10,-1,,
8,5,-9,9,-1,-1,34,-42,,
-21,-2,16,20,9,0,-17,54,,
2,4,23,40,6,5,28,8,,
-2,-6,-18,-31,-16,-9,0,7,,
7,5,14,12,-1,-15,-58,-28,,
-15,-3,-7,13,-8,1,1,-16,,
6,7,2,12,9,9,34,43,,
-9,1,1,-3,-2,1,6,-1,,
2,-13,6,-4,4,-10,-16,50,,
12,-2,-15,23,-18,-3,11,-4,,
-2,1,-11,-92,1,-4,-11,40,,
17,-5,-17,9,-12,-4,-11,-13,,
-19,1,13,56,11,7,-10,-72,,
32,1,18,-58,-7,-3,16,20,,
42,0,-3,6,-11,5,24,51,,
-9,-8,-31,-7,7,-5,-31,-25,,
6,9,6,-25,-1,7,32,52,,
-14,5,20,39,-13,-6,-29,-49,,
-5,-10,-27,-18,5,1,-8,-58,,
-1,6,18,-4,13,5,-5,-3,,
3,-5,9,6,0,2,-6,7,,
13,1,-5,17,-10,1,17,27,,
-15,-2,-4,0,8,-2,-22,-54,,
-8,-4,16,44,-7,-9,8,68,,
-3,3,-6,-8,12,-3,-20,41,,
-5,0,-17,1,-5,-3,7,-16,,
0,-3,3,2,4,4,-39,-27,,
24,2,5,4,-9,5,42,25,,
-3,3,10,-24,-7,3,10,-48,,
5,-4,-11,-2,8,-3,5,-13,,
-2,10,-8,20,14,2,-11,13,,
-8,-9,-10,-45,-15,-5,-30,-10,,
2,-5,-1,8,14,6,36,33,,
0,0,-20,-29,-1,-5,-30,-26,,
-19,-14,2,56,-14,-5,34,66,,
14,9,13,-15,-6,2,-1,-6,,
-3,0,5,-2,-1,-9,-34,-27,,
-9,-5,10,28,13,3,16,0,,
-13,-4,-1,11,-3,1,-8,-22,,
6,-1,6,4,7,-4,6,23,,
-7,5,-2,-27,-18,-8,-18,4,,
17,-3,-29,-31,-4,3,8,0,,
-3,0,0,-12,22,3,9,1,,
-11,-1,14,82,12,6,11,-20,,
10,-2,-15,-45,-5,-5,-17,-54,,
1,-1,16,15,-9,0,13,62,,
-1,-6,-17,-28,-13,-7,41,-29,,
8,9,11,-9,11,5,-8,-11,,
15,-5,12,36,0,-3,5,13,,
1,3,0,-17,-1,4,-13,2,,
-7,-5,7,7,-6,-5,-20,-5,,
23,-3,-12,-9,1,-4,5,-27,,
-63,2,9,26,-16,-8,-11,30,,
-12,0,16,-30,9,6,21,-8,,
12,1,-7,31,23,13,11,42,,
-15,-9,-28,-46,-20,-11,-24,-26,,
9,0,5,40,-4,5,9,7,,
11,-2,-7,-15,-8,-7,10,-7,,
-4,1,11,14,-6,6,0,47,,
2,-3,-2,-31,-4,1,-22,-3,,
6,0,-2,11,6,-4,11,-83,,
5,4,5,17,0,1,10,48,,
1,-3,-3,-20,-6,-2,9,-17,,
3,3,-21,-10,4,-1,-2,-15,,
-35,-16,-18,14,5,-4,-20,56,,
-1,6,-5,-29,-2,11,-15,-20,,
-7,-12,-13,-32,4,-10,2,-14,,
2,2,13,26,-5,6,19,18,,
2,0,-1,25,10,-4,-12,-26,,
-24,-4,-21,-16,-16,-11,-23,32,,
0,10,25,16,-13,0,-11,-73,,
-12,-6,-14,-67,2,2,53,75,,
14,-1,-10,0,7,-2,-3,-71,,
0,6,24,37,9,0,3,13,,
2,-4,-10,-4,-10,0,-21,-32,,
4,2,4,23,7,-1,-14,-80,,
-26,4,3,-50,-29,8,27,63,,
12,3,3,-1,29,3,0,-9,,
3,-7,7,45,1,-8,-43,-37,,
-9,5,-5,31,0,-3,22,2,,
24,-5,-9,-31,0,8,41,54,,
-17,1,13,-1,-24,-6,-33,-74,,
1,16,20,11,2,1,4,-18,,
-9,-11,-9,-24,14,2,-2,86,,
6,11,10,18,-12,-10,-20,-55,,
0,-9,3,4,-9,3,-18,-10,,
6,0,-9,0,16,1,28,-8,,
-3,-5,10,-3,-25,-9,13,-39,,
25,-1,-18,-1,9,-1,-5,33,,
-49,-5,7,21,14,8,27,3,,
4,7,0,11,-15,-6,-47,47,,
-2,-9,-14,11,8,5,28,-10,,
-7,4,19,-12,1,-3,-23,-90,,
12,-12,-16,-25,-5,-6,6,87,,
4,-9,-10,8,-7,0,32,-4,,
4,12,1,-22,0,0,-11,35,,
13,-1,9,-13,-17,-3,-3,-48,,
-12,4,-4,12,19,3,6,-17,,
-2,5,10,-16,-10,-10,-31,-28,,
-1,-7,2,-4,11,5,-22,25,,
-7,4,-2,5,-1,6,45,13,,
-4,-5,-7,-49,-10,-3,-5,-40,,
1,7,-12,13,17,4,-1,-15,,
-12,-11,-7,2,-26,-10,-13,-15,,
6,1,1,7,21,11,22,51,,
2,-7,-11,-34,-2,2,-17,28,,
11,5,12,-12,-6,-4,18,42,,
-37,-14,-3,19,-1,-6,-33,-86,,
19,5,-7,1,1,0,-12,9,,
25,9,20,10,-9,-6,38,3,,
6,-2,2,13,-9,-1,-24,23,,
-4,8,-10,-2,-2,-4,4,-50,,
-1,-8,-11,5,2,2,-44,41,,
12,0,-11,16,-1,6,70,-29,,
-22,-1,13,28,1,-4,-11,28,,
4,0,-4,-19,2,-8,-11,-32,,
-2,9,14,4,-15,-6,-31,-60,,
32,3,-7,10,23,12,7,91,,
-12,0,-4,-11,-2,7,21,1,,
-1,3,16,15,10,4,-16,-61,,
-3,-7,-9,-9,-18,-9,-16,15,,
10,-4,13,-6,-7,-2,0,7,,
-8,-2,-28,-48,-8,-2,13,1,,
10,6,18,28,5,8,1,37,,
-8,-1,3,-22,-2,-1,14,-5,,
-13,0,8,65,12,-12,-31,-35,,
-10,-6,-7,-19,-14,-3,-21,11,,
-19,-2,-11,-29,0,3,10,-60,,
8,-13,0,2,16,7,34,77,,
-33,1,-7,-9,-25,-13,-25,-23,,
-13,-5,-18,23,5,-7,-1,-3,,
23,3,1,-5,-5,8,-4,36,,
-13,-5,-3,5,-9,-9,-18,-56,,
14,-3,-9,-9,3,-5,-15,-41,,
12,1,20,-11,-8,6,35,69,,
-8,0,-15,-5,-5,-4,-7,3,,
3,7,36,39,8,1,-1,65,,
4,-7,-62,-38,0,-3,-13,-103,,
1,-2,3,-19,9,5,42,15,,
14,-3,-11,13,-11,0,10,38,,
-7,0,-10,-17,4,-4,-12,0,,
0,7,26,39,-3,-4,-36,-64,,
14,2,-8,-36,-10,-9,-16,33,,
-3,-12,-1,40,5,-3,-18,-13,,
14,-3,-4,7,10,0,33,10,,
-18,4,4,5,4,6,11,7,,
9,8,-4,-12,3,5,-7,-41,,
9,-5,-3,-1,-6,-4,-4,65,,
1,-1,2,-7,-18,-4,10,-17,,
27,3,20,16,12,5,3,-34,,
-22,8,15,-2,0,-2,-34,61,,
2,-9,-11,4,18,0,39,1,,
-12,3,-5,-10,10,6,-14,-32,,
0,-6,18,14,-10,2,6,22,,Training Set 4
-10,5,31,34,7,8,20,-4,,
9,-12,-39,32,4,3,7,50,,
16,8,8,-9,1,4,3,-27,,
-54,-15,-4,-16,-6,-4,-2,-18,,
-17,1,-9,4,3,-4,-26,-68,,
6,0,-14,-10,-7,-3,13,97,,
-16,1,-2,-50,-5,1,-18,-81,,
11,0,36,85,1,-2,4,83,,
-5,-3,-16,-36,-3,2,43,15,,
-12,2,18,36,20,-4,-51,-125,,
29,0,-10,36,-5,16,45,118,,
15,3,9,45,12,-5,-4,-31,,
-18,-3,-24,-90,-21,-14,-7,-28,,
9,-1,4,-14,8,7,19,105,,
6,1,13,12,0,-10,-33,-43,,
26,0,-22,4,6,9,0,-43,,
13,0,19,91,7,1,11,-72,,
-26,-1,-4,-28,-24,-5,31,38,,
0,0,14,3,12,4,4,22,,
1,14,-27,-36,-3,1,14,39,,
-13,-29,2,28,1,-6,-25,-38,,
8,9,5,-10,-20,-8,-24,-25,,
-9,-6,0,6,12,1,13,2,,
-35,1,13,6,-15,-5,-12,-79,,
36,8,10,41,11,0,-48,66,,
-4,8,11,-17,-15,2,65,29,,
-1,-8,-39,-19,2,6,23,51,,
-6,0,13,4,4,-10,-13,-66,,
13,7,-12,-39,-10,4,-17,101,,
-37,-12,17,58,4,-2,-16,-35,,
3,4,-16,-2,-7,-3,-1,-28,,
12,-5,-17,-74,3,2,60,52,,
-4,2,7,-12,-5,-1,-24,-29,,
19,5,5,-1,-10,-2,-11,-1,,
-20,10,20,47,11,-2,-29,1,,
1,-17,-24,-18,-5,1,13,17,,
-14,-5,-6,-12,-4,-5,11,24,,
-12,2,9,-17,9,2,-29,-87,,
10,-3,-19,-15,-15,-7,27,40,,
15,1,14,7,32,21,5,6,,
-11,6,-14,-49,-18,-4,7,-49,,
25,-5,12,20,19,-2,-26,110,,
3,-7,5,-22,-23,-6,19,-26,,
12,8,34,55,4,1,-16,-14,,
-32,-5,-41,-4,2,-4,3,20,,
34,6,1,5,-12,-2,-11,19,,
2,-1,-7,0,8,-2,-1,-1,,
-9,-4,-21,28,4,4,-34,-66,,
3,1,5,-10,-4,3,38,10,,
7,-3,-8,19,1,-6,-3,-28,,
2,2,6,-37,0,-2,-28,-23,,
-15,-7,-10,16,-24,-9,15,-80,,
30,8,20,-4,12,-2,-7,49,,
-21,-3,-9,24,8,-1,-8,-49,,
-16,-4,-5,22,12,9,17,-24,,
4,9,16,-32,-10,-6,-34,-48,,
5,-1,2,14,7,-6,-16,-12,,
9,-1,-15,-5,-20,11,66,40,,
-5,-3,-13,-33,-7,1,20,12,,
6,-2,15,-10,-5,-8,-31,-15,,
-9,-5,-30,54,6,2,19,42,,
2,4,23,26,13,-5,-38,-41,,
-11,-1,13,6,-18,-7,6,0,,
-24,-3,-14,-42,-13,2,16,41,,
10,9,29,5,32,9,-2,-47,,
-7,-1,-10,-37,-17,-7,-31,-87,,
7,-12,-6,2,2,2,10,-25,,
8,10,0,17,4,-3,25,125,,
-5,-9,-5,-27,-11,4,12,-9,,
-14,2,-6,-5,-4,0,-24,-79,,
21,0,5,-10,1,-1,-14,47,,
-5,-2,-17,-2,5,-2,-4,-43,,
1,2,27,44,-11,-5,-4,50,,
15,7,-10,26,18,13,23,19,,
-46,-15,-15,-48,-11,1,-2,-35,,
16,-6,-17,15,-16,-11,-4,4,,
46,11,2,-3,20,6,11,-2,,
-37,-2,12,12,-2,-2,-12,1,,
16,6,4,11,4,-5,-1,52,,
-11,6,15,3,4,2,-11,-23,,
3,-6,-24,-29,-13,3,22,-12,,
4,-5,-21,-31,-13,-9,-13,-49,,
10,1,3,17,4,-1,-9,18,,
9,-3,-2,-14,-1,0,20,30,,
-29,-7,13,16,6,-12,-54,-51,,
6,-7,-1,-54,-13,4,63,56,,
-16,-4,-13,22,7,0,-7,-30,,
8,1,8,-13,-7,6,5,-37,,
-3,-2,4,31,12,-10,-37,-15,,
3,4,12,-22,-2,4,8,62,,
17,-6,-26,-26,-12,-11,-4,-5,,
-11,-1,-10,-10,9,3,-25,-81,,
3,-1,-9,-35,-21,0,32,47,,
7,1,6,25,16,-2,16,71,,
-11,6,22,15,-15,1,-34,-10,,
-5,-3,0,6,23,-2,-4,0,,
-7,3,9,6,-6,0,-58,-40,,
15,-3,-2,-45,-10,1,49,47,,
-3,-3,-15,44,5,0,0,7,,
-1,0,20,9,-7,-5,-6,-3,,
1,1,-7,-38,-2,-4,0,-14,,
16,7,10,22,2,4,-14,39,,
-19,-5,8,41,1,1,20,-11,,
-1,0,-12,-41,-9,0,-1,46,,
-1,-1,-6,-10,13,1,-6,14,,
-31,7,29,33,0,0,6,-127,,
16,10,-8,-55,-4,-1,-2,24,,
0,-14,-29,-4,-11,-8,10,11,,
-19,-6,-6,-4,-23,-5,-13,28,,
-19,0,-10,10,25,4,-8,-17,,
-3,-6,19,19,4,-2,-2,-10,,
-5,3,14,-11,6,3,14,-5,,
-21,-3,-6,-15,-16,2,-10,-19,,
8,-4,-41,-50,-27,-17,-19,-75,,
8,7,26,38,15,8,9,50,,
-1,-5,-14,-14,-2,-1,-3,94,,
10,-5,-2,14,-6,-6,-6,-38,,
-10,2,14,-3,10,3,22,0,,
-6,3,5,3,-8,-2,-43,-78,,
2,-8,-11,-15,-10,0,28,38,,
-8,2,3,-4,27,6,3,-13,,
12,-2,-8,26,-8,-3,-6,19,,
-32,-2,-2,-8,-4,-1,-14,-7,,
2,6,10,15,9,5,2,-41,,
12,0,4,-5,-6,-6,6,108,,
-3,-5,6,2,-2,4,-21,8,,
16,3,8,5,10,-3,7,-29,,
-4,2,-5,22,3,3,0,-6,,
-15,-2,15,19,5,-1,18,-25,,
4,-12,-26,-14,-4,2,-39,-28,,
5,-2,4,-6,-8,-1,4,9,,
-1,1,22,77,6,2,33,26,,
0,2,-6,-64,1,3,3,-23,,
-13,-11,1,18,-1,-8,-3,5,,
-6,2,-24,-4,-1,3,-3,-20,,
2,3,8,5,-7,-9,-24,-16,,
1,-1,-11,3,-2,6,25,-55,,
14,5,16,31,14,-2,-13,87,,
-2,-4,-13,1,4,4,19,-13,,
9,4,-17,-44,-13,-4,4,11,,
-31,-3,1,25,-9,-6,-18,-34,,
29,10,2,-42,12,12,21,16,,
10,-1,10,-2,-11,-8,-20,6,,
11,2,18,50,14,7,-7,7,,
-5,-5,-23,-37,-2,-1,8,-74,,
-40,3,14,21,-15,-4,-2,54,,
0,-4,-9,-22,-8,-3,30,20,,
-2,-3,-8,6,0,0,-32,-98,,
5,-6,5,38,-3,0,18,73,,
9,3,-2,-10,4,-6,-44,-71,,
16,3,16,-3,13,7,39,43,,
1,-9,-24,-37,-14,1,4,16,,
-1,4,-6,-11,-14,-5,-38,-5,,
-1,-2,3,21,27,16,50,6,,
-15,-6,5,4,-6,-6,-31,-45,,
-9,3,-11,-20,1,-3,-29,-29,,
11,-8,-7,2,-13,0,50,83,,
-2,-7,-7,-13,-11,-10,-7,-19,,
-4,8,14,14,2,-8,-40,-10,,
5,-1,1,24,6,0,14,-79,,
8,-1,0,13,-10,10,49,61,,
3,1,-6,-14,24,-3,-3,-16,,
-2,-1,-2,3,-8,-6,-50,23,,
8,8,18,19,4,3,56,-21,,
5,5,-5,-67,-16,-7,-39,-32,,
12,-10,-11,7,0,-3,14,11,,
-1,-11,-21,-45,-7,1,18,-20,,
11,4,7,8,15,13,-14,56,,
-62,-4,-3,10,13,-3,20,-16,,
-6,3,2,-6,-17,4,26,33,,
-5,-4,-8,12,-4,-13,-35,-13,,
1,-3,5,10,-1,-5,-6,50,,
9,-2,0,-32,-11,3,-13,-15,,
-1,-6,-25,0,-12,-3,12,-23,,
1,-7,-10,4,28,1,11,7,,
1,1,0,-32,-19,-7,-14,-2,,
-3,1,12,64,16,1,-25,-15,,
7,4,-1,-16,-8,1,-28,-25,,
6,6,17,21,22,15,50,39,,
-14,-3,-21,-28,-18,-10,12,-15,,
-13,-6,11,22,11,2,-17,70,,
10,3,20,28,-13,-13,-49,-44,,
20,5,-17,-41,-13,5,76,22,,
-15,-3,-6,-6,16,1,-20,7,,
18,4,5,2,3,2,0,-28,,
-12,-3,7,22,11,0,-19,-17,,
3,0,3,2,-15,-4,-44,-4,,
6,2,14,15,2,-2,11,11,,
29,-3,-7,-38,-6,-7,-1,-61,,
-7,-1,-7,-32,-5,7,6,55,,
-6,-2,-10,12,-8,-5,20,20,,
4,-3,-6,-18,22,5,-1,3,,
24,7,22,12,17,5,-1,-6,,
-21,3,13,8,0,-3,-8,-17,,
-12,3,-9,-17,-16,1,-2,-10,,
0,-2,12,21,12,-6,4,0,,
-2,-3,-4,-18,6,4,-27,30,,
12,-7,-33,-22,-14,1,39,23,,
0,6,-2,4,7,-1,-8,-65,,
-11,-11,-5,6,-6,-3,10,45,,Training Set 5
5,-1,-17,-41,12,7,48,47,,
15,4,-2,30,-4,-1,12,21,,
-8,1,4,13,3,-6,-27,-44,,
-1,-4,-6,-33,-9,-11,-20,66,,
14,2,17,19,-3,8,31,5,,
18,8,5,-1,6,-4,-24,-23,,
-6,-24,-45,-27,-28,-7,2,108,,
-7,2,-3,-19,7,-4,-20,-55,,
-3,2,8,-10,-3,-1,-33,-14,,
11,10,8,12,-11,0,51,36,,
4,9,34,9,14,0,-18,-47,,
11,-5,-35,-33,-12,2,8,-17,,
4,0,-2,14,-1,-3,-18,36,,
-34,-5,10,-2,1,0,-30,-8,,
20,6,-1,-13,3,5,75,-50,,
13,7,27,33,2,6,7,-1,,
-3,-1,-12,7,-2,-8,-12,68,,
-12,-7,-7,0,-5,4,-6,28,,
3,-2,-12,37,3,-4,-28,-36,,
-6,-2,-13,-73,0,-5,-18,-56,,
35,-3,-11,11,4,5,50,3,,
-8,-5,25,9,5,1,1,8,,
8,4,-9,7,-9,3,11,41,,
1,-4,-4,18,8,-2,-20,-80,,
4,4,-9,-16,-9,-8,13,20,,
-1,3,-1,8,2,4,1,45,,
4,10,4,-7,8,1,2,-7,,
4,-13,1,3,-2,-9,2,-24,,
-24,-5,2,3,-5,10,-7,-12,,
-12,-5,0,65,14,-5,11,76,,
3,2,-32,-97,-13,1,8,29,,
58,9,-6,-10,-11,3,12,42,,
-24,1,18,66,13,-4,-21,-48,,
-4,1,15,13,22,8,-1,-44,,
-2,-9,-22,-11,-29,-12,-6,7,,
7,8,21,28,11,8,-11,-7,,
-11,-12,-25,-66,-20,-8,6,-56,,
1,-5,-24,-11,4,2,12,31,,
2,8,22,28,9,-2,-16,-62,,
-15,7,-1,-38,-8,0,34,42,,
4,-5,28,40,13,7,-11,-12,,
-9,-8,-6,-7,-21,-19,-38,-24,,
4,-2,2,16,19,16,36,89,,
-17,0,-18,-15,-21,-11,-19,-40,,
18,7,-8,31,11,5,6,37,,
5,-6,0,-41,-6,-4,6,-11,,
-14,-2,-7,18,-1,0,-16,-68,,
-14,5,11,11,9,-6,-14,79,,
-7,-5,-10,5,-1,-10,-18,68,,
10,-6,-13,-47,-7,11,66,-45,,
-3,2,36,57,4,-3,-35,-3,,
4,3,10,60,29,9,22,20,,
-12,-8,-27,-97,-16,-7,-4,-55,,
-5,5,15,43,-6,-1,-29,-36,,
4,-1,-4,-27,-11,-6,4,68,,
-14,-5,11,11,15,0,21,-43,,
-1,-3,-25,-3,-18,-4,-17,6,,
-5,7,13,19,5,5,4,-33,,
-14,-5,-2,-35,-11,-6,-12,-59,,
9,7,5,-3,4,-1,-3,-34,,
10,-3,11,22,-2,2,-2,10,,
-9,-3,6,-3,-10,1,11,65,,
29,8,17,35,21,7,34,-13,,
-8,-7,-45,-30,-24,-7,-12,15,,
-11,4,2,-15,8,-2,-2,-58,,
-1,-4,4,-11,-10,-7,-35,-21,,
12,-5,17,41,-5,-6,-3,-19,,
-6,-2,-20,28,-4,3,13,48,,
-17,1,16,-3,10,16,37,-26,,
-2,-5,-5,-16,-3,-10,-25,5,,
6,-1,-3,-25,-8,-3,-2,-38,,
-56,-1,3,33,6,1,-1,-12,,
-2,-12,-29,-29,-15,-11,-26,-6,,
23,-2,-13,-30,-12,6,62,84,,
-14,7,16,28,33,2,-48,-75,,
22,-6,-3,-18,-3,-2,34,39,,
10,1,11,15,-1,1,-37,51,,
10,0,-21,9,-7,-8,6,-12,,
4,2,-15,-28,-3,4,14,15,,
-4,-11,12,-39,-10,-1,-32,-76,,
20,3,19,24,3,-3,6,-60,,
-68,-6,-11,13,35,7,14,86,,
-6,3,15,3,-11,-3,7,28,,
20,7,13,17,11,1,-14,9,,
-14,-6,-16,-33,-30,-10,25,-18,,
24,0,22,44,11,-4,-44,-31,,
-17,-3,-14,3,-15,-3,-17,-56,,
-18,-4,-32,-44,2,3,12,-4,,
5,-2,18,13,10,2,34,43,,
14,0,-8,-24,-11,0,30,-5,,
-17,-8,-17,-2,-2,-5,-53,-51,,
12,1,16,7,-19,-11,16,67,,
1,10,0,22,15,11,-2,-13,,
-1,8,-9,-37,6,4,17,-74,,
15,-14,-8,12,-12,-8,27,54,,
-12,3,7,-9,1,-2,-61,-81,,
5,1,-5,26,1,0,18,-19,,
7,7,27,22,4,-2,-4,76,,
-6,-5,-14,-42,-1,0,-8,-75,,
9,3,1,-64,-4,6,38,47,,
-4,-2,1,43,-3,-9,-14,2,,
12,-18,-26,0,-9,1,-35,-40,,
-14,4,30,60,11,-4,-10,12,,
0,-10,-20,2,0,9,27,98,,
-5,4,10,-54,11,1,-13,-9,,
-21,-4,-6,11,-7,-9,-1,-40,,
0,5,3,-17,-2,-2,-42,-31,,
10,2,14,54,-1,1,6,6,,
1,-2,1,-50,-4,-4,-19,-28,,
10,6,13,60,31,8,31,88,,
2,7,-14,-34,2,1,-20,9,,
0,-5,3,16,-10,-6,-10,-65,,
-16,-3,4,39,4,4,24,30,,
14,-16,-32,-95,-21,-5,-20,-33,,
-1,2,3,2,-6,-4,-10,0,,
28,9,-7,-17,1,-1,0,-1,,
-3,-5,5,43,2,2,26,-47,,
-4,-3,-9,3,-3,-6,-62,4,,
15,5,19,16,3,6,80,44,,
18,-11,7,11,3,-2,-29,-11,,
-13,4,23,56,-12,-17,-36,-42,,
-8,1,-23,-55,-6,8,5,56,,
23,-5,-32,-26,0,3,23,16,,
-14,-2,1,21,17,-1,-20,-33,,
-11,10,12,-13,-4,-5,-17,-6,,
5,-11,17,-4,7,-1,49,48,,
1,-3,-15,-29,-21,-7,-33,-25,,
-9,-4,2,19,8,-1,12,-53,,
11,7,29,24,-1,10,24,-19,,
-3,0,-26,-34,22,1,-30,-32,,
15,8,-8,-23,-11,6,64,68,,
10,-17,-13,30,-13,-8,-35,-41,,
-3,-2,2,-5,13,6,-3,13,,
25,14,17,28,-16,-6,8,-69,,
-18,-5,10,-4,-2,-5,-17,38,,
-3,8,-18,-19,7,7,-11,-17,,
-7,-7,-15,-22,-1,5,54,11,,
5,1,8,6,-15,-10,-18,-58,,
-46,-6,-21,7,24,2,15,57,,
-4,1,20,9,-23,-7,-1,-25,,
6,0,-20,-51,4,1,-14,11,,
-16,2,6,-6,-19,-4,-17,-48,,
14,4,11,50,1,-6,5,1,,
-2,-2,-10,2,6,6,34,22,,
-25,-2,-20,-3,-10,0,-29,7,,
10,8,2,-55,-1,0,20,16,,
1,-13,1,19,-10,-11,-42,-34,,
-28,3,7,-8,8,3,33,127,,
41,-2,-1,29,-5,-3,-15,-31,,
-17,4,5,23,-4,-5,-38,-85,,
8,-6,-14,-7,4,5,24,62,,
1,2,3,-23,-10,7,54,-26,,
1,-5,-18,-5,6,-4,-12,80,,
2,6,27,16,11,2,3,-18,,
-1,-9,-13,-4,-20,2,-1,-23,,
19,1,0,3,5,-11,-27,13,,
-28,-5,7,14,22,8,3,11,,
-8,-12,-14,9,0,0,17,33,,
-4,14,29,4,8,1,-15,-8,,
-4,-15,-19,-48,-26,-10,-23,-29,,
16,2,12,-2,-7,-8,1,27,,
1,5,-7,43,12,12,19,-62,,
0,3,2,-24,2,7,-5,-4,,
-10,5,16,0,16,-4,29,41,,
-4,-1,-14,8,-10,6,-17,-35,,
5,0,20,3,-8,-9,-10,32,,
23,2,-31,-25,-6,1,9,-92,,
-54,-1,9,-1,2,1,4,21,,
-5,-12,-14,6,2,-4,-13,-34,,
6,-7,-15,6,-1,2,36,-27,,
-1,-4,-9,-12,-3,-5,-16,88,,
1,3,-2,18,-11,-8,-32,-65,,
7,-1,10,-43,-20,-2,32,30,,
-9,3,15,13,29,4,-55,-13,,
8,-1,-3,2,-26,3,70,61,,
2,6,-8,0,35,11,-17,-65,,
34,9,15,14,-9,-2,7,46,,
-49,-7,-15,-12,-12,-2,1,7,,
-8,2,29,46,18,-1,-44,-87,,
15,1,-5,-23,-17,-9,6,89,,
-9,6,-8,39,19,6,28,-27,,
15,-9,-2,-59,-21,-6,-29,26,,
-10,0,5,9,-5,-9,-13,-97,,
-1,5,12,4,26,13,61,57,,
-8,-3,-7,-41,-16,-6,-55,-22,,
8,7,-14,12,0,1,34,26,,
-44,-4,-19,1,-14,-3,-13,-54,,
15,-11,-19,-24,2,-6,-24,-101,,
16,10,46,28,15,5,13,66,,
-55,-6,-21,-6,-7,-2,-23,0,,
13,-5,-14,-7,1,1,26,13,,
11,5,0,0,-8,-2,-11,-25,,
-17,-1,-9,-32,-9,-6,6,8,,
2,-3,23,9,4,-5,-14,-34,,
-2,0,-13,19,28,9,-9,19,,
6,2,17,-18,-7,5,12,67,,
15,-6,-27,-23,6,2,12,-37,,
33,10,4,11,7,-9,-2,12,,
-10,-3,11,-4,-1,-6,-23,-71,,
40,3,11,32,-17,3,-1,47,,Training Set 6
8,-15,-68,-78,-17,3,16,-124,,
9,-9,-23,24,-2,-13,-22,-11,,
-7,3,-1,-24,6,13,71,-16,,
2,-21,-39,-17,2,-10,-39,-106,,
-8,5,58,46,-2,-6,-45,86,,
-7,5,12,-8,2,2,12,-31,,
1,-1,-12,27,-2,-4,-48,14,,
14,10,-1,-14,1,8,44,-6,,
-13,0,11,-2,-28,-6,18,107,,
11,-9,-10,46,27,2,-25,-80,,
-55,-13,-3,-20,-10,-12,-39,112,,
24,-6,-1,-44,-23,-8,1,-72,,
8,8,-6,8,20,7,19,58,,
-22,-4,6,0,-19,6,21,4,,
46,12,-2,46,9,-2,27,25,,
8,-14,-29,-58,-1,-11,-26,-9,,
-16,-8,25,12,3,0,27,-32,,
1,-4,-8,-12,0,-2,-52,-82,,
13,-6,-18,-2,4,6,-17,55,,
5,11,10,9,2,11,55,40,,
19,11,45,30,-2,-4,-34,-128,,
0,-8,-49,-8,-25,-7,33,127,,
11,3,4,-25,26,7,-3,-59,,
9,11,29,38,11,10,30,67,,
8,-7,-24,8,12,7,-7,-20,,
-45,6,8,12,-3,-6,-35,-57,,
21,-14,-23,-31,-22,-10,12,69,,
-10,9,1,-9,-19,-2,7,47,,
-20,-7,28,74,12,-3,-26,-83,,
9,-2,-4,-71,-7,-2,7,56,,
-2,7,34,57,-8,-4,-16,-107,,
3,-16,-31,-16,1,1,41,-15,,
-1,9,-35,-13,2,-7,-50,1,,
0,-7,21,38,2,16,58,-21,,
-10,3,25,9,8,-8,-14,-73,,
-51,-7,-23,2,11,-2,-31,-65,,
32,-1,1,9,-15,-6,-50,-21,,
25,1,1,-55,13,17,112,114,,
-15,0,-28,-19,-29,-5,-26,-38,,
24,3,16,23,30,-1,-34,-53,,
-3,2,-10,-22,-1,-4,5,-70,,
-12,9,26,8,-1,0,-19,21,,
5,5,20,8,-6,2,33,30,,
-19,-3,-15,-17,0,0,-45,-30,,
3,-5,-10,4,-6,2,56,127,,
0,4,2,6,6,-3,-30,-19,,
-9,-7,-6,13,4,-2,-5,-28,,
12,0,-1,-55,-15,-5,-1,26,,
-25,3,20,-8,2,4,-17,-96,,
36,-2,-2,44,-16,-10,25,65,,
-52,-6,-36,-60,3,3,-13,2,,
5,8,32,56,2,4,-9,26,,
-22,0,-3,-55,-2,3,56,3,,
7,0,6,20,-16,-12,-75,-66,,
5,-1,-16,13,15,6,52,-9,,
30,4,12,-34,-9,0,9,54,,
-5,-4,3,56,14,3,-14,79,,
-17,-2,5,-31,-6,-18,-91,12,,
5,0,-32,-40,2,3,45,-22,,
-9,-11,-14,40,1,6,-11,69,,
11,0,-11,-58,-25,-3,30,-65,,
-17,5,3,-5,-6,8,12,66,,
16,-4,10,16,24,1,-39,-18,,
-8,1,11,-5,-19,-9,-1,-36,,
1,1,-5,39,18,-1,-7,17,,
-31,-7,27,26,-11,1,11,19,,
-2,4,-40,-25,6,-2,-17,9,,
-2,-6,-17,-31,5,-3,-14,-100,,
14,1,14,-10,-25,-4,8,83,,
6,3,-12,29,26,4,29,-14,,
4,-4,-10,-9,-21,-3,-14,-16,,
-5,5,23,18,0,5,-14,-60,,
-1,-6,-34,-13,-4,-8,-43,-27,,
0,-2,4,27,12,4,56,-32,,
1,-2,46,19,0,5,7,28,,
19,-1,-15,12,-1,-14,-54,115,,
-29,-9,-10,-36,3,0,52,124,,
4,-4,-13,-28,-10,4,62,0,,
-10,4,20,35,-2,-8,-51,-92,,
6,9,2,-30,-13,1,10,86,,
5,-4,-21,-30,14,3,-11,10,,
-16,-2,-7,1,-7,-9,-56,-83,,
21,1,-7,-35,-17,-2,23,35,,
-7,4,17,58,26,-1,-16,-27,,
-7,3,20,13,-13,3,52,52,,
6,-2,-10,10,15,4,-12,-55,,
4,3,17,-33,-17,-3,-2,35,,
-7,2,1,11,14,6,12,-40,,
4,1,-8,1,8,-13,-62,19,,
12,8,5,-64,4,19,78,-14,,
-16,-4,4,2,-9,-10,-32,14,,
26,-8,-4,15,-9,-6,36,34,,
8,4,-7,-13,-9,-1,-9,-63,,
2,-8,-4,-21,4,-6,-81,-14,,
14,4,0,22,2,6,56,-32,,
-19,5,8,24,7,3,-10,15,,
-2,1,24,11,-1,9,35,8,,
5,5,-11,12,-6,-8,-47,-58,,
10,-1,-25,-35,-3,-10,-15,-6,,
-14,-10,-10,-35,-14,4,-4,-29,,
12,1,4,28,9,2,51,32,,
-6,5,18,26,21,7,-34,24,,
4,-4,-7,10,-6,-8,15,13,,
3,-10,-18,-31,-24,-2,46,1,,
4,4,7,-43,12,-1,-44,-47,,
29,-1,-11,16,-7,-6,16,18,,
0,-7,15,29,1,-3,-34,-6,,
5,8,-4,-11,-2,-8,-11,-93,,
12,15,11,9,5,11,44,47,,
3,-14,-11,27,-4,1,-1,-12,,
-1,0,2,1,8,7,10,29,,
-2,-5,-11,-23,-19,-6,-1,0,,
-4,0,13,42,21,-4,-28,-50,,
-17,1,-2,-28,-16,0,-22,-41,,
5,1,15,13,8,-1,37,93,,
-8,1,-13,-34,-5,4,-23,31,,
-24,-10,5,21,-7,-3,-39,-128,,
39,5,17,18,5,6,55,127,,
1,7,-10,-42,-1,5,-21,-74,,
21,5,39,49,7,-7,11,-11,,
-5,-20,-45,-32,4,-7,-24,-45,,
-5,0,-20,-53,-13,-9,-2,-37,,
-15,1,10,15,-8,1,-22,-63,,
11,6,19,18,13,7,51,16,,
-1,3,3,43,9,3,-12,44,,
-15,-4,1,-11,-25,-16,-4,-81,,
12,-7,6,28,33,13,9,73,,
-18,3,11,-3,-13,-2,0,-22,,
12,-15,9,15,-11,-3,16,60,,
-65,-3,-36,-67,-23,-12,-19,-41,,
-5,-8,-37,-57,-2,-2,-38,-14,,
9,1,11,-21,3,7,25,-3,,
-7,3,14,28,0,8,8,-19,,
23,6,18,14,17,-4,30,86,,
-13,-2,12,54,-6,0,11,-8,,
-21,-6,-12,13,6,1,-21,-11,,
0,4,5,-12,-7,-1,-33,-49,,
-1,-7,-18,-34,10,6,46,58,,
-1,3,-2,-34,-19,3,6,3,,
-1,1,2,62,30,-6,-34,-67,,
-9,-3,-36,-82,-34,0,43,86,,
-9,1,19,30,19,1,-39,-7,,
15,11,3,11,5,-9,-15,-39,,
1,-13,5,24,-15,2,65,36,,
9,-3,15,32,-6,-4,-44,-46,,
-4,-12,-46,-33,16,-1,-9,-65,,
27,7,1,-33,-16,11,41,104,,
-24,-6,-3,42,15,-7,-67,-39,,
7,1,-2,-29,-7,1,49,29,,
17,5,22,45,10,9,3,7,,
-32,-10,14,50,4,-15,-32,-108,,
5,3,-34,-80,-29,1,-15,-12,,
-2,-22,2,10,10,-4,23,95,,
5,7,29,23,-2,-2,-27,-44,,
6,-6,-32,-21,-16,-8,-4,-37,,
-43,0,8,22,5,-2,6,38,,
13,4,-9,-30,-11,-5,-15,-49,,
-6,1,-2,1,-2,0,19,-10,,
-4,-5,1,51,13,9,-5,34,,
5,5,3,-24,-5,-6,-3,-23,,
-11,-4,1,17,-4,1,0,-26,,
14,1,-3,-18,1,-6,-22,44,,
9,7,14,-15,16,3,10,-29,,
12,-8,0,6,-6,3,19,46,,
-14,9,-1,-41,20,6,16,6,,
17,-1,-2,35,-4,-4,-41,-44,,
-36,-5,-6,-31,-15,-2,38,1,,
15,7,-4,-7,5,-1,-9,27,,
6,-7,-2,-3,-5,-10,-35,-61,,
-2,1,12,20,3,6,7,-2,,
-9,-1,-11,38,4,-7,-31,27,,
-6,-8,-8,-58,-15,-11,30,80,,
9,6,-11,-5,-6,1,28,36,,
-31,-10,-11,21,0,2,4,-55,,
0,-8,4,-7,3,8,-10,-8,,
12,4,15,9,5,-7,-65,31,,
5,4,5,51,-7,1,29,2,,
21,-4,-12,-35,-4,-2,2,3,,
-4,2,12,35,-13,-11,-25,-103,,
2,-10,-18,-1,1,1,9,63,,
4,3,-2,11,10,-1,16,-57,,
17,4,11,-11,-1,0,18,87,,
-11,1,23,-3,-18,-3,-16,-32,,
-10,-7,-46,-47,2,-4,-18,-93,,
10,-5,-4,17,-1,-5,-32,47,,
-12,3,-13,-20,-7,3,30,-31,,
16,1,11,-3,15,3,12,37,,
-2,-2,3,33,-4,-4,-21,21,,
-15,10,-4,-25,6,4,5,-20,,
-1,-3,3,4,0,-6,-9,15,,
-6,-18,-11,-3,-8,-3,29,114,,
17,7,14,38,8,10,17,-24,,
-62,-12,-18,5,-3,-2,-24,-72,,
14,11,22,2,20,2,-8,59,,
5,6,13,-9,-1,0,-13,-83,,
-11,-1,-14,-7,10,0,38,80,,
8,-5,-29,-26,1,-3,-22,2,,
-21,0,19,23,-8,-1,18,-53,,
-13,6,-6,-38,4,-3,-21,28,,
8,-4,13,52,-16,0,7,-17,,Training Set 7
